{
"type": "FeatureCollection",
"name": "PedestrianCrossing_WP",
"crs": { "type": "name", "properties": { "name": "urn:ogc:def:crs:OGC:1.3:CRS84" } },
"features": [
{ "type": "Feature", "properties": { "osm_id": "91030461", "code": 5204, "fclass": "crossing", "name": null }, "geometry": { "type": "Point", "coordinates": [ 79.8447283, 6.9314457 ] } },
{ "type": "Feature", "properties": { "osm_id": "91032005", "code": 5204, "fclass": "crossing", "name": null }, "geometry": { "type": "Point", "coordinates": [ 79.8666391, 6.926066 ] } },
{ "type": "Feature", "properties": { "osm_id": "92057743", "code": 5204, "fclass": "crossing", "name": null }, "geometry": { "type": "Point", "coordinates": [ 79.9454912, 6.6186674 ] } },
{ "type": "Feature", "properties": { "osm_id": "92058655", "code": 5204, "fclass": "crossing", "name": "Rail Gate" }, "geometry": { "type": "Point", "coordinates": [ 79.9791606, 6.5208103 ] } },
{ "type": "Feature", "properties": { "osm_id": "127657388", "code": 5204, "fclass": "crossing", "name": null }, "geometry": { "type": "Point", "coordinates": [ 79.8697641, 6.8905573 ] } },
{ "type": "Feature", "properties": { "osm_id": "127658543", "code": 5204, "fclass": "crossing", "name": null }, "geometry": { "type": "Point", "coordinates": [ 79.8423046, 6.93097 ] } },
{ "type": "Feature", "properties": { "osm_id": "127659163", "code": 5204, "fclass": "crossing", "name": null }, "geometry": { "type": "Point", "coordinates": [ 79.8502326, 6.9265411 ] } },
{ "type": "Feature", "properties": { "osm_id": "129472208", "code": 5204, "fclass": "crossing", "name": null }, "geometry": { "type": "Point", "coordinates": [ 79.9525854, 6.6373365 ] } },
{ "type": "Feature", "properties": { "osm_id": "129605232", "code": 5204, "fclass": "crossing", "name": null }, "geometry": { "type": "Point", "coordinates": [ 80.0229583, 6.7220671 ] } },
{ "type": "Feature", "properties": { "osm_id": "129605425", "code": 5204, "fclass": "crossing", "name": null }, "geometry": { "type": "Point", "coordinates": [ 80.038, 6.7251377 ] } },
{ "type": "Feature", "properties": { "osm_id": "129607826", "code": 5204, "fclass": "crossing", "name": null }, "geometry": { "type": "Point", "coordinates": [ 80.2047512, 6.9544283 ] } },
{ "type": "Feature", "properties": { "osm_id": "130038164", "code": 5204, "fclass": "crossing", "name": null }, "geometry": { "type": "Point", "coordinates": [ 79.8567251, 6.9130512 ] } },
{ "type": "Feature", "properties": { "osm_id": "206597456", "code": 5204, "fclass": "crossing", "name": null }, "geometry": { "type": "Point", "coordinates": [ 79.8856285, 6.8499148 ] } },
{ "type": "Feature", "properties": { "osm_id": "240361049", "code": 5204, "fclass": "crossing", "name": null }, "geometry": { "type": "Point", "coordinates": [ 79.9210888, 6.8512596 ] } },
{ "type": "Feature", "properties": { "osm_id": "245519734", "code": 5204, "fclass": "crossing", "name": null }, "geometry": { "type": "Point", "coordinates": [ 79.9208956, 6.6791152 ] } },
{ "type": "Feature", "properties": { "osm_id": "248608286", "code": 5204, "fclass": "crossing", "name": null }, "geometry": { "type": "Point", "coordinates": [ 79.8470069, 6.9362536 ] } },
{ "type": "Feature", "properties": { "osm_id": "252537354", "code": 5204, "fclass": "crossing", "name": null }, "geometry": { "type": "Point", "coordinates": [ 79.9901623, 6.7838946 ] } },
{ "type": "Feature", "properties": { "osm_id": "252537781", "code": 5204, "fclass": "crossing", "name": null }, "geometry": { "type": "Point", "coordinates": [ 80.0657698, 6.7172896 ] } },
{ "type": "Feature", "properties": { "osm_id": "252537994", "code": 5204, "fclass": "crossing", "name": null }, "geometry": { "type": "Point", "coordinates": [ 79.9191358, 6.8526175 ] } },
{ "type": "Feature", "properties": { "osm_id": "253718900", "code": 5204, "fclass": "crossing", "name": null }, "geometry": { "type": "Point", "coordinates": [ 80.0723653, 6.7202011 ] } },
{ "type": "Feature", "properties": { "osm_id": "253720925", "code": 5204, "fclass": "crossing", "name": null }, "geometry": { "type": "Point", "coordinates": [ 79.9626162, 6.8431724 ] } },
{ "type": "Feature", "properties": { "osm_id": "253721039", "code": 5204, "fclass": "crossing", "name": null }, "geometry": { "type": "Point", "coordinates": [ 79.9484249, 6.8492335 ] } },
{ "type": "Feature", "properties": { "osm_id": "255179638", "code": 5204, "fclass": "crossing", "name": null }, "geometry": { "type": "Point", "coordinates": [ 79.9258935, 6.8771197 ] } },
{ "type": "Feature", "properties": { "osm_id": "255361136", "code": 5204, "fclass": "crossing", "name": null }, "geometry": { "type": "Point", "coordinates": [ 79.864622, 6.9120408 ] } },
{ "type": "Feature", "properties": { "osm_id": "255361138", "code": 5204, "fclass": "crossing", "name": null }, "geometry": { "type": "Point", "coordinates": [ 79.8647486, 6.911986 ] } },
{ "type": "Feature", "properties": { "osm_id": "256026209", "code": 5204, "fclass": "crossing", "name": null }, "geometry": { "type": "Point", "coordinates": [ 80.074946, 6.7214317 ] } },
{ "type": "Feature", "properties": { "osm_id": "256181178", "code": 5204, "fclass": "crossing", "name": null }, "geometry": { "type": "Point", "coordinates": [ 79.8865001, 6.8871884 ] } },
{ "type": "Feature", "properties": { "osm_id": "257682406", "code": 5204, "fclass": "crossing", "name": null }, "geometry": { "type": "Point", "coordinates": [ 79.9745219, 6.7063806 ] } },
{ "type": "Feature", "properties": { "osm_id": "258053454", "code": 5204, "fclass": "crossing", "name": null }, "geometry": { "type": "Point", "coordinates": [ 79.8973309, 6.909297 ] } },
{ "type": "Feature", "properties": { "osm_id": "263989989", "code": 5204, "fclass": "crossing", "name": null }, "geometry": { "type": "Point", "coordinates": [ 80.1150654, 6.7353614 ] } },
{ "type": "Feature", "properties": { "osm_id": "269351934", "code": 5204, "fclass": "crossing", "name": null }, "geometry": { "type": "Point", "coordinates": [ 79.8784962, 6.8914737 ] } },
{ "type": "Feature", "properties": { "osm_id": "275517805", "code": 5204, "fclass": "crossing", "name": null }, "geometry": { "type": "Point", "coordinates": [ 79.9053383, 6.8944625 ] } },
{ "type": "Feature", "properties": { "osm_id": "291486159", "code": 5204, "fclass": "crossing", "name": null }, "geometry": { "type": "Point", "coordinates": [ 79.9122476, 6.7106447 ] } },
{ "type": "Feature", "properties": { "osm_id": "304313130", "code": 5204, "fclass": "crossing", "name": null }, "geometry": { "type": "Point", "coordinates": [ 79.8677173, 6.8150682 ] } },
{ "type": "Feature", "properties": { "osm_id": "304319154", "code": 5204, "fclass": "crossing", "name": null }, "geometry": { "type": "Point", "coordinates": [ 79.8785274, 7.1434757 ] } },
{ "type": "Feature", "properties": { "osm_id": "304319161", "code": 5204, "fclass": "crossing", "name": null }, "geometry": { "type": "Point", "coordinates": [ 79.8816596, 7.1318075 ] } },
{ "type": "Feature", "properties": { "osm_id": "304319174", "code": 5204, "fclass": "crossing", "name": null }, "geometry": { "type": "Point", "coordinates": [ 79.8880451, 7.110618 ] } },
{ "type": "Feature", "properties": { "osm_id": "304320677", "code": 5204, "fclass": "crossing", "name": null }, "geometry": { "type": "Point", "coordinates": [ 79.8912102, 7.0914507 ] } },
{ "type": "Feature", "properties": { "osm_id": "304320694", "code": 5204, "fclass": "crossing", "name": null }, "geometry": { "type": "Point", "coordinates": [ 79.8945134, 7.0687347 ] } },
{ "type": "Feature", "properties": { "osm_id": "304320719", "code": 5204, "fclass": "crossing", "name": "Rail Gate" }, "geometry": { "type": "Point", "coordinates": [ 79.9072755, 7.0424184 ] } },
{ "type": "Feature", "properties": { "osm_id": "304320729", "code": 5204, "fclass": "crossing", "name": null }, "geometry": { "type": "Point", "coordinates": [ 79.9159134, 7.0335867 ] } },
{ "type": "Feature", "properties": { "osm_id": "304320769", "code": 5204, "fclass": "crossing", "name": null }, "geometry": { "type": "Point", "coordinates": [ 79.9036287, 6.9915022 ] } },
{ "type": "Feature", "properties": { "osm_id": "304322074", "code": 5204, "fclass": "crossing", "name": null }, "geometry": { "type": "Point", "coordinates": [ 79.8981982, 6.9698344 ] } },
{ "type": "Feature", "properties": { "osm_id": "313236251", "code": 5204, "fclass": "crossing", "name": null }, "geometry": { "type": "Point", "coordinates": [ 79.8478002, 7.2371946 ] } },
{ "type": "Feature", "properties": { "osm_id": "313236395", "code": 5204, "fclass": "crossing", "name": null }, "geometry": { "type": "Point", "coordinates": [ 79.8467438, 7.224041 ] } },
{ "type": "Feature", "properties": { "osm_id": "313236415", "code": 5204, "fclass": "crossing", "name": null }, "geometry": { "type": "Point", "coordinates": [ 79.8428287, 7.2121815 ] } },
{ "type": "Feature", "properties": { "osm_id": "313389712", "code": 5204, "fclass": "crossing", "name": null }, "geometry": { "type": "Point", "coordinates": [ 79.8655789, 7.1827934 ] } },
{ "type": "Feature", "properties": { "osm_id": "313395926", "code": 5204, "fclass": "crossing", "name": null }, "geometry": { "type": "Point", "coordinates": [ 79.8543127, 7.1988221 ] } },
{ "type": "Feature", "properties": { "osm_id": "313396455", "code": 5204, "fclass": "crossing", "name": null }, "geometry": { "type": "Point", "coordinates": [ 79.8409371, 7.2070601 ] } },
{ "type": "Feature", "properties": { "osm_id": "313396467", "code": 5204, "fclass": "crossing", "name": null }, "geometry": { "type": "Point", "coordinates": [ 79.8502817, 7.1999633 ] } },
{ "type": "Feature", "properties": { "osm_id": "313396481", "code": 5204, "fclass": "crossing", "name": null }, "geometry": { "type": "Point", "coordinates": [ 79.8617917, 7.1917485 ] } },
{ "type": "Feature", "properties": { "osm_id": "313397766", "code": 5204, "fclass": "crossing", "name": null }, "geometry": { "type": "Point", "coordinates": [ 79.8576622, 7.2651153 ] } },
{ "type": "Feature", "properties": { "osm_id": "313440857", "code": 5204, "fclass": "crossing", "name": null }, "geometry": { "type": "Point", "coordinates": [ 79.9122975, 6.8620423 ] } },
{ "type": "Feature", "properties": { "osm_id": "323506730", "code": 5204, "fclass": "crossing", "name": null }, "geometry": { "type": "Point", "coordinates": [ 79.9605713, 6.9042 ] } },
{ "type": "Feature", "properties": { "osm_id": "323506749", "code": 5204, "fclass": "crossing", "name": "Sudarshana Mawatha Zebra crossing,Kaduwela" }, "geometry": { "type": "Point", "coordinates": [ 79.9663882, 6.9088175 ] } },
{ "type": "Feature", "properties": { "osm_id": "323506784", "code": 5204, "fclass": "crossing", "name": null }, "geometry": { "type": "Point", "coordinates": [ 79.9737377, 6.9173665 ] } },
{ "type": "Feature", "properties": { "osm_id": "324983662", "code": 5204, "fclass": "crossing", "name": null }, "geometry": { "type": "Point", "coordinates": [ 79.9497628, 7.0009427 ] } },
{ "type": "Feature", "properties": { "osm_id": "324995311", "code": 5204, "fclass": "crossing", "name": null }, "geometry": { "type": "Point", "coordinates": [ 79.894329, 6.9620879 ] } },
{ "type": "Feature", "properties": { "osm_id": "324996069", "code": 5204, "fclass": "crossing", "name": null }, "geometry": { "type": "Point", "coordinates": [ 79.888251, 6.9561923 ] } },
{ "type": "Feature", "properties": { "osm_id": "324997107", "code": 5204, "fclass": "crossing", "name": null }, "geometry": { "type": "Point", "coordinates": [ 79.8873132, 6.9557435 ] } },
{ "type": "Feature", "properties": { "osm_id": "324997501", "code": 5204, "fclass": "crossing", "name": null }, "geometry": { "type": "Point", "coordinates": [ 79.8943976, 6.962023 ] } },
{ "type": "Feature", "properties": { "osm_id": "324997502", "code": 5204, "fclass": "crossing", "name": null }, "geometry": { "type": "Point", "coordinates": [ 79.8911685, 6.9588906 ] } },
{ "type": "Feature", "properties": { "osm_id": "324997505", "code": 5204, "fclass": "crossing", "name": null }, "geometry": { "type": "Point", "coordinates": [ 79.8883185, 6.9561004 ] } },
{ "type": "Feature", "properties": { "osm_id": "324997507", "code": 5204, "fclass": "crossing", "name": null }, "geometry": { "type": "Point", "coordinates": [ 79.8873188, 6.9556584 ] } },
{ "type": "Feature", "properties": { "osm_id": "343956805", "code": 5204, "fclass": "crossing", "name": null }, "geometry": { "type": "Point", "coordinates": [ 79.9661886, 6.5588482 ] } },
{ "type": "Feature", "properties": { "osm_id": "347323267", "code": 5204, "fclass": "crossing", "name": null }, "geometry": { "type": "Point", "coordinates": [ 80.1042629, 7.2121545 ] } },
{ "type": "Feature", "properties": { "osm_id": "403841566", "code": 5204, "fclass": "crossing", "name": null }, "geometry": { "type": "Point", "coordinates": [ 80.0029458, 6.93457 ] } },
{ "type": "Feature", "properties": { "osm_id": "403841651", "code": 5204, "fclass": "crossing", "name": null }, "geometry": { "type": "Point", "coordinates": [ 80.0340513, 6.9197356 ] } },
{ "type": "Feature", "properties": { "osm_id": "403842089", "code": 5204, "fclass": "crossing", "name": null }, "geometry": { "type": "Point", "coordinates": [ 79.900079, 6.9663412 ] } },
{ "type": "Feature", "properties": { "osm_id": "403874924", "code": 5204, "fclass": "crossing", "name": null }, "geometry": { "type": "Point", "coordinates": [ 79.8847764, 6.9128798 ] } },
{ "type": "Feature", "properties": { "osm_id": "599742408", "code": 5204, "fclass": "crossing", "name": null }, "geometry": { "type": "Point", "coordinates": [ 79.9921156, 6.8458278 ] } },
{ "type": "Feature", "properties": { "osm_id": "617823368", "code": 5204, "fclass": "crossing", "name": null }, "geometry": { "type": "Point", "coordinates": [ 80.1290477, 7.2475574 ] } },
{ "type": "Feature", "properties": { "osm_id": "618029827", "code": 5204, "fclass": "crossing", "name": null }, "geometry": { "type": "Point", "coordinates": [ 79.8644192, 6.9113571 ] } },
{ "type": "Feature", "properties": { "osm_id": "618029833", "code": 5204, "fclass": "crossing", "name": null }, "geometry": { "type": "Point", "coordinates": [ 79.8639531, 6.9106069 ] } },
{ "type": "Feature", "properties": { "osm_id": "618273438", "code": 5204, "fclass": "crossing", "name": null }, "geometry": { "type": "Point", "coordinates": [ 79.8659708, 6.8484964 ] } },
{ "type": "Feature", "properties": { "osm_id": "618281743", "code": 5204, "fclass": "crossing", "name": null }, "geometry": { "type": "Point", "coordinates": [ 79.8559481, 6.914556 ] } },
{ "type": "Feature", "properties": { "osm_id": "618528474", "code": 5204, "fclass": "crossing", "name": null }, "geometry": { "type": "Point", "coordinates": [ 79.893197, 6.910588 ] } },
{ "type": "Feature", "properties": { "osm_id": "618528478", "code": 5204, "fclass": "crossing", "name": null }, "geometry": { "type": "Point", "coordinates": [ 79.8932269, 6.9106675 ] } },
{ "type": "Feature", "properties": { "osm_id": "618534084", "code": 5204, "fclass": "crossing", "name": null }, "geometry": { "type": "Point", "coordinates": [ 79.8763739, 6.9309199 ] } },
{ "type": "Feature", "properties": { "osm_id": "618747718", "code": 5204, "fclass": "crossing", "name": null }, "geometry": { "type": "Point", "coordinates": [ 79.8490085, 6.92012 ] } },
{ "type": "Feature", "properties": { "osm_id": "619190071", "code": 5204, "fclass": "crossing", "name": null }, "geometry": { "type": "Point", "coordinates": [ 79.8639628, 6.9076601 ] } },
{ "type": "Feature", "properties": { "osm_id": "619259633", "code": 5204, "fclass": "crossing", "name": null }, "geometry": { "type": "Point", "coordinates": [ 79.8596991, 6.933423 ] } },
{ "type": "Feature", "properties": { "osm_id": "619732396", "code": 5204, "fclass": "crossing", "name": null }, "geometry": { "type": "Point", "coordinates": [ 79.8648449, 6.9176001 ] } },
{ "type": "Feature", "properties": { "osm_id": "619913581", "code": 5204, "fclass": "crossing", "name": null }, "geometry": { "type": "Point", "coordinates": [ 79.9244188, 6.8490473 ] } },
{ "type": "Feature", "properties": { "osm_id": "619944533", "code": 5204, "fclass": "crossing", "name": null }, "geometry": { "type": "Point", "coordinates": [ 79.91465, 6.8583289 ] } },
{ "type": "Feature", "properties": { "osm_id": "619956380", "code": 5204, "fclass": "crossing", "name": null }, "geometry": { "type": "Point", "coordinates": [ 79.9103847, 6.8624562 ] } },
{ "type": "Feature", "properties": { "osm_id": "621175154", "code": 5204, "fclass": "crossing", "name": null }, "geometry": { "type": "Point", "coordinates": [ 79.894824, 6.9614116 ] } },
{ "type": "Feature", "properties": { "osm_id": "622293241", "code": 5204, "fclass": "crossing", "name": null }, "geometry": { "type": "Point", "coordinates": [ 79.8820213, 6.8571918 ] } },
{ "type": "Feature", "properties": { "osm_id": "634162376", "code": 5204, "fclass": "crossing", "name": null }, "geometry": { "type": "Point", "coordinates": [ 80.0593904, 7.1541564 ] } },
{ "type": "Feature", "properties": { "osm_id": "635909831", "code": 5204, "fclass": "crossing", "name": null }, "geometry": { "type": "Point", "coordinates": [ 79.8617958, 6.9264748 ] } },
{ "type": "Feature", "properties": { "osm_id": "637330979", "code": 5204, "fclass": "crossing", "name": null }, "geometry": { "type": "Point", "coordinates": [ 79.9189918, 6.852163 ] } },
{ "type": "Feature", "properties": { "osm_id": "637624658", "code": 5204, "fclass": "crossing", "name": null }, "geometry": { "type": "Point", "coordinates": [ 79.8645603, 6.9113091 ] } },
{ "type": "Feature", "properties": { "osm_id": "637762288", "code": 5204, "fclass": "crossing", "name": null }, "geometry": { "type": "Point", "coordinates": [ 79.9289045, 7.1033242 ] } },
{ "type": "Feature", "properties": { "osm_id": "637762709", "code": 5204, "fclass": "crossing", "name": null }, "geometry": { "type": "Point", "coordinates": [ 79.9198258, 7.104163 ] } },
{ "type": "Feature", "properties": { "osm_id": "638921494", "code": 5204, "fclass": "crossing", "name": null }, "geometry": { "type": "Point", "coordinates": [ 80.0021662, 7.1624965 ] } },
{ "type": "Feature", "properties": { "osm_id": "639169294", "code": 5204, "fclass": "crossing", "name": null }, "geometry": { "type": "Point", "coordinates": [ 79.8473643, 7.2415403 ] } },
{ "type": "Feature", "properties": { "osm_id": "639288687", "code": 5204, "fclass": "crossing", "name": null }, "geometry": { "type": "Point", "coordinates": [ 80.0595033, 7.118618 ] } },
{ "type": "Feature", "properties": { "osm_id": "639804733", "code": 5204, "fclass": "crossing", "name": null }, "geometry": { "type": "Point", "coordinates": [ 79.9023476, 6.8648924 ] } },
{ "type": "Feature", "properties": { "osm_id": "642994678", "code": 5204, "fclass": "crossing", "name": null }, "geometry": { "type": "Point", "coordinates": [ 79.8737658, 6.8754176 ] } },
{ "type": "Feature", "properties": { "osm_id": "651637018", "code": 5204, "fclass": "crossing", "name": null }, "geometry": { "type": "Point", "coordinates": [ 79.890695, 7.0954946 ] } },
{ "type": "Feature", "properties": { "osm_id": "652631249", "code": 5204, "fclass": "crossing", "name": null }, "geometry": { "type": "Point", "coordinates": [ 79.8450331, 6.9331455 ] } },
{ "type": "Feature", "properties": { "osm_id": "653109530", "code": 5204, "fclass": "crossing", "name": null }, "geometry": { "type": "Point", "coordinates": [ 79.8512643, 6.9129544 ] } },
{ "type": "Feature", "properties": { "osm_id": "654190500", "code": 5204, "fclass": "crossing", "name": null }, "geometry": { "type": "Point", "coordinates": [ 79.8600992, 6.9552295 ] } },
{ "type": "Feature", "properties": { "osm_id": "663253028", "code": 5204, "fclass": "crossing", "name": null }, "geometry": { "type": "Point", "coordinates": [ 79.8643079, 6.9284799 ] } },
{ "type": "Feature", "properties": { "osm_id": "663702755", "code": 5204, "fclass": "crossing", "name": null }, "geometry": { "type": "Point", "coordinates": [ 79.8926178, 6.910696 ] } },
{ "type": "Feature", "properties": { "osm_id": "663702763", "code": 5204, "fclass": "crossing", "name": null }, "geometry": { "type": "Point", "coordinates": [ 79.8926179, 6.9107607 ] } },
{ "type": "Feature", "properties": { "osm_id": "664567632", "code": 5204, "fclass": "crossing", "name": null }, "geometry": { "type": "Point", "coordinates": [ 79.9437352, 6.8430853 ] } },
{ "type": "Feature", "properties": { "osm_id": "664567644", "code": 5204, "fclass": "crossing", "name": null }, "geometry": { "type": "Point", "coordinates": [ 79.9435536, 6.8470919 ] } },
{ "type": "Feature", "properties": { "osm_id": "671432767", "code": 5204, "fclass": "crossing", "name": null }, "geometry": { "type": "Point", "coordinates": [ 79.8683648, 6.9242722 ] } },
{ "type": "Feature", "properties": { "osm_id": "671432770", "code": 5204, "fclass": "crossing", "name": null }, "geometry": { "type": "Point", "coordinates": [ 79.8682918, 6.9242133 ] } },
{ "type": "Feature", "properties": { "osm_id": "681237306", "code": 5204, "fclass": "crossing", "name": null }, "geometry": { "type": "Point", "coordinates": [ 79.9219838, 6.8520481 ] } },
{ "type": "Feature", "properties": { "osm_id": "693050151", "code": 5204, "fclass": "crossing", "name": null }, "geometry": { "type": "Point", "coordinates": [ 79.9808703, 6.8639276 ] } },
{ "type": "Feature", "properties": { "osm_id": "973768753", "code": 5204, "fclass": "crossing", "name": null }, "geometry": { "type": "Point", "coordinates": [ 79.8847342, 6.9128141 ] } },
{ "type": "Feature", "properties": { "osm_id": "1128186528", "code": 5204, "fclass": "crossing", "name": null }, "geometry": { "type": "Point", "coordinates": [ 80.0417289, 6.8453881 ] } },
{ "type": "Feature", "properties": { "osm_id": "1128186594", "code": 5204, "fclass": "crossing", "name": null }, "geometry": { "type": "Point", "coordinates": [ 79.962231, 6.8448034 ] } },
{ "type": "Feature", "properties": { "osm_id": "1128186772", "code": 5204, "fclass": "crossing", "name": null }, "geometry": { "type": "Point", "coordinates": [ 80.0889305, 6.8401639 ] } },
{ "type": "Feature", "properties": { "osm_id": "1128186825", "code": 5204, "fclass": "crossing", "name": null }, "geometry": { "type": "Point", "coordinates": [ 80.0893827, 6.840394 ] } },
{ "type": "Feature", "properties": { "osm_id": "1128187359", "code": 5204, "fclass": "crossing", "name": null }, "geometry": { "type": "Point", "coordinates": [ 80.13524, 6.9337402 ] } },
{ "type": "Feature", "properties": { "osm_id": "1128187477", "code": 5204, "fclass": "crossing", "name": "Rail Gate" }, "geometry": { "type": "Point", "coordinates": [ 79.8814673, 6.9187544 ] } },
{ "type": "Feature", "properties": { "osm_id": "1128187931", "code": 5204, "fclass": "crossing", "name": null }, "geometry": { "type": "Point", "coordinates": [ 79.8857671, 6.873955 ] } },
{ "type": "Feature", "properties": { "osm_id": "1128187957", "code": 5204, "fclass": "crossing", "name": null }, "geometry": { "type": "Point", "coordinates": [ 80.1176288, 6.869648 ] } },
{ "type": "Feature", "properties": { "osm_id": "1128188129", "code": 5204, "fclass": "crossing", "name": null }, "geometry": { "type": "Point", "coordinates": [ 79.8900854, 6.8721033 ] } },
{ "type": "Feature", "properties": { "osm_id": "1128188247", "code": 5204, "fclass": "crossing", "name": null }, "geometry": { "type": "Point", "coordinates": [ 79.9989785, 6.8474509 ] } },
{ "type": "Feature", "properties": { "osm_id": "1128188359", "code": 5204, "fclass": "crossing", "name": "Rail Gate" }, "geometry": { "type": "Point", "coordinates": [ 79.8839062, 6.9146673 ] } },
{ "type": "Feature", "properties": { "osm_id": "1128188383", "code": 5204, "fclass": "crossing", "name": null }, "geometry": { "type": "Point", "coordinates": [ 79.9949089, 6.846732 ] } },
{ "type": "Feature", "properties": { "osm_id": "1128188486", "code": 5204, "fclass": "crossing", "name": null }, "geometry": { "type": "Point", "coordinates": [ 79.9494244, 6.8471144 ] } },
{ "type": "Feature", "properties": { "osm_id": "1128189070", "code": 5204, "fclass": "crossing", "name": null }, "geometry": { "type": "Point", "coordinates": [ 80.0881225, 6.839867 ] } },
{ "type": "Feature", "properties": { "osm_id": "1128189093", "code": 5204, "fclass": "crossing", "name": "Rail Gate" }, "geometry": { "type": "Point", "coordinates": [ 79.8778873, 6.9270865 ] } },
{ "type": "Feature", "properties": { "osm_id": "1128189436", "code": 5204, "fclass": "crossing", "name": null }, "geometry": { "type": "Point", "coordinates": [ 80.0739222, 6.8435084 ] } },
{ "type": "Feature", "properties": { "osm_id": "1128189736", "code": 5204, "fclass": "crossing", "name": null }, "geometry": { "type": "Point", "coordinates": [ 80.0395511, 6.8465592 ] } },
{ "type": "Feature", "properties": { "osm_id": "1128189974", "code": 5204, "fclass": "crossing", "name": null }, "geometry": { "type": "Point", "coordinates": [ 79.927381, 6.8479041 ] } },
{ "type": "Feature", "properties": { "osm_id": "1128190176", "code": 5204, "fclass": "crossing", "name": null }, "geometry": { "type": "Point", "coordinates": [ 79.9166625, 6.8527342 ] } },
{ "type": "Feature", "properties": { "osm_id": "1128190277", "code": 5204, "fclass": "crossing", "name": null }, "geometry": { "type": "Point", "coordinates": [ 79.8833087, 6.8768367 ] } },
{ "type": "Feature", "properties": { "osm_id": "1128190295", "code": 5204, "fclass": "crossing", "name": null }, "geometry": { "type": "Point", "coordinates": [ 79.8829622, 6.8825048 ] } },
{ "type": "Feature", "properties": { "osm_id": "1128190743", "code": 5204, "fclass": "crossing", "name": null }, "geometry": { "type": "Point", "coordinates": [ 80.0917269, 6.8430528 ] } },
{ "type": "Feature", "properties": { "osm_id": "1128190820", "code": 5204, "fclass": "crossing", "name": null }, "geometry": { "type": "Point", "coordinates": [ 79.8790847, 6.925733 ] } },
{ "type": "Feature", "properties": { "osm_id": "1128190964", "code": 5204, "fclass": "crossing", "name": null }, "geometry": { "type": "Point", "coordinates": [ 79.8926466, 6.8723525 ] } },
{ "type": "Feature", "properties": { "osm_id": "1128191041", "code": 5204, "fclass": "crossing", "name": null }, "geometry": { "type": "Point", "coordinates": [ 80.0796407, 6.8387193 ] } },
{ "type": "Feature", "properties": { "osm_id": "1128191298", "code": 5204, "fclass": "crossing", "name": null }, "geometry": { "type": "Point", "coordinates": [ 79.9528144, 6.8478274 ] } },
{ "type": "Feature", "properties": { "osm_id": "1128191446", "code": 5204, "fclass": "crossing", "name": null }, "geometry": { "type": "Point", "coordinates": [ 79.8845531, 6.9130083 ] } },
{ "type": "Feature", "properties": { "osm_id": "1128191608", "code": 5204, "fclass": "crossing", "name": null }, "geometry": { "type": "Point", "coordinates": [ 79.8778977, 6.8971427 ] } },
{ "type": "Feature", "properties": { "osm_id": "1128191637", "code": 5204, "fclass": "crossing", "name": null }, "geometry": { "type": "Point", "coordinates": [ 79.8804913, 6.9234488 ] } },
{ "type": "Feature", "properties": { "osm_id": "1128191946", "code": 5204, "fclass": "crossing", "name": "Kottawa Rail Gate" }, "geometry": { "type": "Point", "coordinates": [ 79.9669196, 6.843749 ] } },
{ "type": "Feature", "properties": { "osm_id": "1128192206", "code": 5204, "fclass": "crossing", "name": null }, "geometry": { "type": "Point", "coordinates": [ 80.0035628, 6.8456921 ] } },
{ "type": "Feature", "properties": { "osm_id": "1128192254", "code": 5204, "fclass": "crossing", "name": null }, "geometry": { "type": "Point", "coordinates": [ 79.8845273, 6.9129277 ] } },
{ "type": "Feature", "properties": { "osm_id": "1128192984", "code": 5204, "fclass": "crossing", "name": null }, "geometry": { "type": "Point", "coordinates": [ 79.8807961, 6.8857377 ] } },
{ "type": "Feature", "properties": { "osm_id": "1128192988", "code": 5204, "fclass": "crossing", "name": null }, "geometry": { "type": "Point", "coordinates": [ 79.878261, 6.8941153 ] } },
{ "type": "Feature", "properties": { "osm_id": "1128193410", "code": 5204, "fclass": "crossing", "name": null }, "geometry": { "type": "Point", "coordinates": [ 79.8792193, 6.8870233 ] } },
{ "type": "Feature", "properties": { "osm_id": "1128193524", "code": 5204, "fclass": "crossing", "name": null }, "geometry": { "type": "Point", "coordinates": [ 80.137214, 6.9401252 ] } },
{ "type": "Feature", "properties": { "osm_id": "1128193576", "code": 5204, "fclass": "crossing", "name": null }, "geometry": { "type": "Point", "coordinates": [ 79.9282979, 6.84702 ] } },
{ "type": "Feature", "properties": { "osm_id": "1128193624", "code": 5204, "fclass": "crossing", "name": null }, "geometry": { "type": "Point", "coordinates": [ 79.9562829, 6.8461767 ] } },
{ "type": "Feature", "properties": { "osm_id": "1128193683", "code": 5204, "fclass": "crossing", "name": null }, "geometry": { "type": "Point", "coordinates": [ 79.8979806, 6.8696009 ] } },
{ "type": "Feature", "properties": { "osm_id": "1128193869", "code": 5204, "fclass": "crossing", "name": null }, "geometry": { "type": "Point", "coordinates": [ 79.9716139, 6.8437305 ] } },
{ "type": "Feature", "properties": { "osm_id": "1128194094", "code": 5204, "fclass": "crossing", "name": null }, "geometry": { "type": "Point", "coordinates": [ 80.1369241, 6.9369635 ] } },
{ "type": "Feature", "properties": { "osm_id": "1128194102", "code": 5204, "fclass": "crossing", "name": null }, "geometry": { "type": "Point", "coordinates": [ 79.9393196, 6.8460814 ] } },
{ "type": "Feature", "properties": { "osm_id": "1131947748", "code": 5204, "fclass": "crossing", "name": null }, "geometry": { "type": "Point", "coordinates": [ 80.0366997, 7.1339175 ] } },
{ "type": "Feature", "properties": { "osm_id": "1133301231", "code": 5204, "fclass": "crossing", "name": null }, "geometry": { "type": "Point", "coordinates": [ 79.8898818, 7.1034016 ] } },
{ "type": "Feature", "properties": { "osm_id": "1133326401", "code": 5204, "fclass": "crossing", "name": null }, "geometry": { "type": "Point", "coordinates": [ 79.8520704, 7.2531162 ] } },
{ "type": "Feature", "properties": { "osm_id": "1134573770", "code": 5204, "fclass": "crossing", "name": null }, "geometry": { "type": "Point", "coordinates": [ 79.8495, 6.9237927 ] } },
{ "type": "Feature", "properties": { "osm_id": "1134708310", "code": 5204, "fclass": "crossing", "name": null }, "geometry": { "type": "Point", "coordinates": [ 79.8532164, 7.2555418 ] } },
{ "type": "Feature", "properties": { "osm_id": "1138077837", "code": 5204, "fclass": "crossing", "name": null }, "geometry": { "type": "Point", "coordinates": [ 79.8880663, 6.9280085 ] } },
{ "type": "Feature", "properties": { "osm_id": "1138078478", "code": 5204, "fclass": "crossing", "name": null }, "geometry": { "type": "Point", "coordinates": [ 79.883647, 6.9313327 ] } },
{ "type": "Feature", "properties": { "osm_id": "1138078822", "code": 5204, "fclass": "crossing", "name": null }, "geometry": { "type": "Point", "coordinates": [ 79.8703529, 6.8142655 ] } },
{ "type": "Feature", "properties": { "osm_id": "1138325031", "code": 5204, "fclass": "crossing", "name": null }, "geometry": { "type": "Point", "coordinates": [ 79.9206459, 6.6790226 ] } },
{ "type": "Feature", "properties": { "osm_id": "1138325110", "code": 5204, "fclass": "crossing", "name": null }, "geometry": { "type": "Point", "coordinates": [ 79.923569, 6.6743688 ] } },
{ "type": "Feature", "properties": { "osm_id": "1138325653", "code": 5204, "fclass": "crossing", "name": null }, "geometry": { "type": "Point", "coordinates": [ 79.8827407, 6.770831 ] } },
{ "type": "Feature", "properties": { "osm_id": "1138326055", "code": 5204, "fclass": "crossing", "name": null }, "geometry": { "type": "Point", "coordinates": [ 79.8825737, 6.7727689 ] } },
{ "type": "Feature", "properties": { "osm_id": "1138326115", "code": 5204, "fclass": "crossing", "name": null }, "geometry": { "type": "Point", "coordinates": [ 79.9045515, 6.7106554 ] } },
{ "type": "Feature", "properties": { "osm_id": "1138480461", "code": 5204, "fclass": "crossing", "name": null }, "geometry": { "type": "Point", "coordinates": [ 79.9806567, 6.5020517 ] } },
{ "type": "Feature", "properties": { "osm_id": "1140291607", "code": 5204, "fclass": "crossing", "name": null }, "geometry": { "type": "Point", "coordinates": [ 80.0740874, 7.185214 ] } },
{ "type": "Feature", "properties": { "osm_id": "1144975928", "code": 5204, "fclass": "crossing", "name": null }, "geometry": { "type": "Point", "coordinates": [ 79.879029, 6.9018848 ] } },
{ "type": "Feature", "properties": { "osm_id": "1147933161", "code": 5204, "fclass": "crossing", "name": null }, "geometry": { "type": "Point", "coordinates": [ 79.8994793, 6.9846511 ] } },
{ "type": "Feature", "properties": { "osm_id": "1147957791", "code": 5204, "fclass": "crossing", "name": null }, "geometry": { "type": "Point", "coordinates": [ 79.8848522, 6.9348329 ] } },
{ "type": "Feature", "properties": { "osm_id": "1147957794", "code": 5204, "fclass": "crossing", "name": null }, "geometry": { "type": "Point", "coordinates": [ 79.8871079, 6.9379511 ] } },
{ "type": "Feature", "properties": { "osm_id": "1153963805", "code": 5204, "fclass": "crossing", "name": null }, "geometry": { "type": "Point", "coordinates": [ 80.0633693, 6.716734 ] } },
{ "type": "Feature", "properties": { "osm_id": "1212770506", "code": 5204, "fclass": "crossing", "name": null }, "geometry": { "type": "Point", "coordinates": [ 79.9971347, 6.7807877 ] } },
{ "type": "Feature", "properties": { "osm_id": "1213039650", "code": 5204, "fclass": "crossing", "name": null }, "geometry": { "type": "Point", "coordinates": [ 80.1643547, 6.5922138 ] } },
{ "type": "Feature", "properties": { "osm_id": "1235697817", "code": 5204, "fclass": "crossing", "name": null }, "geometry": { "type": "Point", "coordinates": [ 80.1441471, 7.0782096 ] } },
{ "type": "Feature", "properties": { "osm_id": "1249666100", "code": 5204, "fclass": "crossing", "name": null }, "geometry": { "type": "Point", "coordinates": [ 79.8549061, 6.8953282 ] } },
{ "type": "Feature", "properties": { "osm_id": "1280044908", "code": 5204, "fclass": "crossing", "name": null }, "geometry": { "type": "Point", "coordinates": [ 79.8584329, 6.9116598 ] } },
{ "type": "Feature", "properties": { "osm_id": "1307336320", "code": 5204, "fclass": "crossing", "name": null }, "geometry": { "type": "Point", "coordinates": [ 79.8579933, 6.9122882 ] } },
{ "type": "Feature", "properties": { "osm_id": "1316756409", "code": 5204, "fclass": "crossing", "name": null }, "geometry": { "type": "Point", "coordinates": [ 79.8588109, 6.9058459 ] } },
{ "type": "Feature", "properties": { "osm_id": "1348104702", "code": 5204, "fclass": "crossing", "name": null }, "geometry": { "type": "Point", "coordinates": [ 79.9008377, 6.8669885 ] } },
{ "type": "Feature", "properties": { "osm_id": "1354434449", "code": 5204, "fclass": "crossing", "name": null }, "geometry": { "type": "Point", "coordinates": [ 79.9009181, 6.8757359 ] } },
{ "type": "Feature", "properties": { "osm_id": "1370719646", "code": 5204, "fclass": "crossing", "name": null }, "geometry": { "type": "Point", "coordinates": [ 79.92115, 7.034808 ] } },
{ "type": "Feature", "properties": { "osm_id": "1420351575", "code": 5204, "fclass": "crossing", "name": null }, "geometry": { "type": "Point", "coordinates": [ 80.0002929, 6.433537 ] } },
{ "type": "Feature", "properties": { "osm_id": "1420351691", "code": 5204, "fclass": "crossing", "name": null }, "geometry": { "type": "Point", "coordinates": [ 79.9955164, 6.4462182 ] } },
{ "type": "Feature", "properties": { "osm_id": "1420351922", "code": 5204, "fclass": "crossing", "name": null }, "geometry": { "type": "Point", "coordinates": [ 79.9906865, 6.4580438 ] } },
{ "type": "Feature", "properties": { "osm_id": "1420351969", "code": 5204, "fclass": "crossing", "name": null }, "geometry": { "type": "Point", "coordinates": [ 79.9862148, 6.4689968 ] } },
{ "type": "Feature", "properties": { "osm_id": "1426615405", "code": 5204, "fclass": "crossing", "name": null }, "geometry": { "type": "Point", "coordinates": [ 79.9570446, 6.903599 ] } },
{ "type": "Feature", "properties": { "osm_id": "1427372426", "code": 5204, "fclass": "crossing", "name": null }, "geometry": { "type": "Point", "coordinates": [ 80.1711065, 7.2547617 ] } },
{ "type": "Feature", "properties": { "osm_id": "1428434250", "code": 5204, "fclass": "crossing", "name": null }, "geometry": { "type": "Point", "coordinates": [ 79.8652531, 6.9250077 ] } },
{ "type": "Feature", "properties": { "osm_id": "1430576138", "code": 5204, "fclass": "crossing", "name": null }, "geometry": { "type": "Point", "coordinates": [ 80.0200308, 7.040776 ] } },
{ "type": "Feature", "properties": { "osm_id": "1446609793", "code": 5204, "fclass": "crossing", "name": null }, "geometry": { "type": "Point", "coordinates": [ 79.9693539, 6.7026706 ] } },
{ "type": "Feature", "properties": { "osm_id": "1446609812", "code": 5204, "fclass": "crossing", "name": null }, "geometry": { "type": "Point", "coordinates": [ 79.9633561, 6.7034552 ] } },
{ "type": "Feature", "properties": { "osm_id": "1446609824", "code": 5204, "fclass": "crossing", "name": null }, "geometry": { "type": "Point", "coordinates": [ 79.9715011, 6.704888 ] } },
{ "type": "Feature", "properties": { "osm_id": "1446609828", "code": 5204, "fclass": "crossing", "name": null }, "geometry": { "type": "Point", "coordinates": [ 79.9612285, 6.7054603 ] } },
{ "type": "Feature", "properties": { "osm_id": "1446609863", "code": 5204, "fclass": "crossing", "name": null }, "geometry": { "type": "Point", "coordinates": [ 79.9410065, 6.7066923 ] } },
{ "type": "Feature", "properties": { "osm_id": "1446609870", "code": 5204, "fclass": "crossing", "name": null }, "geometry": { "type": "Point", "coordinates": [ 79.9580001, 6.7067559 ] } },
{ "type": "Feature", "properties": { "osm_id": "1446609896", "code": 5204, "fclass": "crossing", "name": null }, "geometry": { "type": "Point", "coordinates": [ 79.9331834, 6.706888 ] } },
{ "type": "Feature", "properties": { "osm_id": "1446609904", "code": 5204, "fclass": "crossing", "name": null }, "geometry": { "type": "Point", "coordinates": [ 79.9365134, 6.7069312 ] } },
{ "type": "Feature", "properties": { "osm_id": "1446609913", "code": 5204, "fclass": "crossing", "name": null }, "geometry": { "type": "Point", "coordinates": [ 79.9354972, 6.706972 ] } },
{ "type": "Feature", "properties": { "osm_id": "1446609922", "code": 5204, "fclass": "crossing", "name": null }, "geometry": { "type": "Point", "coordinates": [ 79.94515, 6.7070193 ] } },
{ "type": "Feature", "properties": { "osm_id": "1446609943", "code": 5204, "fclass": "crossing", "name": null }, "geometry": { "type": "Point", "coordinates": [ 79.9546781, 6.7071435 ] } },
{ "type": "Feature", "properties": { "osm_id": "1446609961", "code": 5204, "fclass": "crossing", "name": null }, "geometry": { "type": "Point", "coordinates": [ 79.9521902, 6.7073638 ] } },
{ "type": "Feature", "properties": { "osm_id": "1446609974", "code": 5204, "fclass": "crossing", "name": null }, "geometry": { "type": "Point", "coordinates": [ 79.9764642, 6.7079329 ] } },
{ "type": "Feature", "properties": { "osm_id": "1446609975", "code": 5204, "fclass": "crossing", "name": null }, "geometry": { "type": "Point", "coordinates": [ 79.9302444, 6.7081476 ] } },
{ "type": "Feature", "properties": { "osm_id": "1446610024", "code": 5204, "fclass": "crossing", "name": null }, "geometry": { "type": "Point", "coordinates": [ 79.9275237, 6.708728 ] } },
{ "type": "Feature", "properties": { "osm_id": "1446610040", "code": 5204, "fclass": "crossing", "name": null }, "geometry": { "type": "Point", "coordinates": [ 79.9252096, 6.708813 ] } },
{ "type": "Feature", "properties": { "osm_id": "1446610087", "code": 5204, "fclass": "crossing", "name": null }, "geometry": { "type": "Point", "coordinates": [ 79.9190137, 6.7094937 ] } },
{ "type": "Feature", "properties": { "osm_id": "1446610095", "code": 5204, "fclass": "crossing", "name": null }, "geometry": { "type": "Point", "coordinates": [ 79.9214266, 6.709545 ] } },
{ "type": "Feature", "properties": { "osm_id": "1446610106", "code": 5204, "fclass": "crossing", "name": null }, "geometry": { "type": "Point", "coordinates": [ 79.9806806, 6.7097071 ] } },
{ "type": "Feature", "properties": { "osm_id": "1446610107", "code": 5204, "fclass": "crossing", "name": null }, "geometry": { "type": "Point", "coordinates": [ 79.915736, 6.7097116 ] } },
{ "type": "Feature", "properties": { "osm_id": "1446610122", "code": 5204, "fclass": "crossing", "name": null }, "geometry": { "type": "Point", "coordinates": [ 79.9145059, 6.7102331 ] } },
{ "type": "Feature", "properties": { "osm_id": "1446610156", "code": 5204, "fclass": "crossing", "name": null }, "geometry": { "type": "Point", "coordinates": [ 79.9870194, 6.712764 ] } },
{ "type": "Feature", "properties": { "osm_id": "1446610161", "code": 5204, "fclass": "crossing", "name": null }, "geometry": { "type": "Point", "coordinates": [ 79.988752, 6.714144 ] } },
{ "type": "Feature", "properties": { "osm_id": "1446610180", "code": 5204, "fclass": "crossing", "name": null }, "geometry": { "type": "Point", "coordinates": [ 79.9886233, 6.7146966 ] } },
{ "type": "Feature", "properties": { "osm_id": "1446610181", "code": 5204, "fclass": "crossing", "name": null }, "geometry": { "type": "Point", "coordinates": [ 79.9892597, 6.7147541 ] } },
{ "type": "Feature", "properties": { "osm_id": "1446610190", "code": 5204, "fclass": "crossing", "name": null }, "geometry": { "type": "Point", "coordinates": [ 79.9912355, 6.7163247 ] } },
{ "type": "Feature", "properties": { "osm_id": "1446610233", "code": 5204, "fclass": "crossing", "name": null }, "geometry": { "type": "Point", "coordinates": [ 79.9945088, 6.7176392 ] } },
{ "type": "Feature", "properties": { "osm_id": "1446610257", "code": 5204, "fclass": "crossing", "name": null }, "geometry": { "type": "Point", "coordinates": [ 80.0678408, 6.7180283 ] } },
{ "type": "Feature", "properties": { "osm_id": "1446610284", "code": 5204, "fclass": "crossing", "name": null }, "geometry": { "type": "Point", "coordinates": [ 80.0582099, 6.7185233 ] } },
{ "type": "Feature", "properties": { "osm_id": "1446610318", "code": 5204, "fclass": "crossing", "name": null }, "geometry": { "type": "Point", "coordinates": [ 80.0055589, 6.718624 ] } },
{ "type": "Feature", "properties": { "osm_id": "1446610347", "code": 5204, "fclass": "crossing", "name": null }, "geometry": { "type": "Point", "coordinates": [ 80.0105099, 6.719397 ] } },
{ "type": "Feature", "properties": { "osm_id": "1446610352", "code": 5204, "fclass": "crossing", "name": null }, "geometry": { "type": "Point", "coordinates": [ 80.0563532, 6.720043 ] } },
{ "type": "Feature", "properties": { "osm_id": "1446610361", "code": 5204, "fclass": "crossing", "name": null }, "geometry": { "type": "Point", "coordinates": [ 80.0489553, 6.7202342 ] } },
{ "type": "Feature", "properties": { "osm_id": "1446610378", "code": 5204, "fclass": "crossing", "name": null }, "geometry": { "type": "Point", "coordinates": [ 80.0519251, 6.7205244 ] } },
{ "type": "Feature", "properties": { "osm_id": "1446610394", "code": 5204, "fclass": "crossing", "name": null }, "geometry": { "type": "Point", "coordinates": [ 80.0463346, 6.7208995 ] } },
{ "type": "Feature", "properties": { "osm_id": "1446610401", "code": 5204, "fclass": "crossing", "name": null }, "geometry": { "type": "Point", "coordinates": [ 80.0133417, 6.7211511 ] } },
{ "type": "Feature", "properties": { "osm_id": "1446610432", "code": 5204, "fclass": "crossing", "name": null }, "geometry": { "type": "Point", "coordinates": [ 80.0167863, 6.7215885 ] } },
{ "type": "Feature", "properties": { "osm_id": "1446610437", "code": 5204, "fclass": "crossing", "name": null }, "geometry": { "type": "Point", "coordinates": [ 80.0192868, 6.7215951 ] } },
{ "type": "Feature", "properties": { "osm_id": "1446610472", "code": 5204, "fclass": "crossing", "name": null }, "geometry": { "type": "Point", "coordinates": [ 80.0779779, 6.7226046 ] } },
{ "type": "Feature", "properties": { "osm_id": "1446610487", "code": 5204, "fclass": "crossing", "name": null }, "geometry": { "type": "Point", "coordinates": [ 80.0409199, 6.7232177 ] } },
{ "type": "Feature", "properties": { "osm_id": "1446610516", "code": 5204, "fclass": "crossing", "name": null }, "geometry": { "type": "Point", "coordinates": [ 80.0834492, 6.7237125 ] } },
{ "type": "Feature", "properties": { "osm_id": "1446610522", "code": 5204, "fclass": "crossing", "name": null }, "geometry": { "type": "Point", "coordinates": [ 80.0269178, 6.7237808 ] } },
{ "type": "Feature", "properties": { "osm_id": "1446610526", "code": 5204, "fclass": "crossing", "name": null }, "geometry": { "type": "Point", "coordinates": [ 80.0880164, 6.7239124 ] } },
{ "type": "Feature", "properties": { "osm_id": "1446610531", "code": 5204, "fclass": "crossing", "name": null }, "geometry": { "type": "Point", "coordinates": [ 80.0906132, 6.7240938 ] } },
{ "type": "Feature", "properties": { "osm_id": "1446610558", "code": 5204, "fclass": "crossing", "name": null }, "geometry": { "type": "Point", "coordinates": [ 80.0933731, 6.7249374 ] } },
{ "type": "Feature", "properties": { "osm_id": "1446610594", "code": 5204, "fclass": "crossing", "name": null }, "geometry": { "type": "Point", "coordinates": [ 80.0956027, 6.7261074 ] } },
{ "type": "Feature", "properties": { "osm_id": "1446610595", "code": 5204, "fclass": "crossing", "name": null }, "geometry": { "type": "Point", "coordinates": [ 80.0343411, 6.7260824 ] } },
{ "type": "Feature", "properties": { "osm_id": "1446610602", "code": 5204, "fclass": "crossing", "name": null }, "geometry": { "type": "Point", "coordinates": [ 80.0331653, 6.7261694 ] } },
{ "type": "Feature", "properties": { "osm_id": "1446610621", "code": 5204, "fclass": "crossing", "name": null }, "geometry": { "type": "Point", "coordinates": [ 80.0982434, 6.7297586 ] } },
{ "type": "Feature", "properties": { "osm_id": "1446610626", "code": 5204, "fclass": "crossing", "name": null }, "geometry": { "type": "Point", "coordinates": [ 80.1000183, 6.7305313 ] } },
{ "type": "Feature", "properties": { "osm_id": "1446610631", "code": 5204, "fclass": "crossing", "name": null }, "geometry": { "type": "Point", "coordinates": [ 80.1051965, 6.7307661 ] } },
{ "type": "Feature", "properties": { "osm_id": "1446610636", "code": 5204, "fclass": "crossing", "name": null }, "geometry": { "type": "Point", "coordinates": [ 80.1036245, 6.7310615 ] } },
{ "type": "Feature", "properties": { "osm_id": "1446610647", "code": 5204, "fclass": "crossing", "name": null }, "geometry": { "type": "Point", "coordinates": [ 80.1088342, 6.7318763 ] } },
{ "type": "Feature", "properties": { "osm_id": "1446610693", "code": 5204, "fclass": "crossing", "name": null }, "geometry": { "type": "Point", "coordinates": [ 80.1333377, 6.7397111 ] } },
{ "type": "Feature", "properties": { "osm_id": "1446610712", "code": 5204, "fclass": "crossing", "name": null }, "geometry": { "type": "Point", "coordinates": [ 80.1275335, 6.7398785 ] } },
{ "type": "Feature", "properties": { "osm_id": "1446610719", "code": 5204, "fclass": "crossing", "name": null }, "geometry": { "type": "Point", "coordinates": [ 80.1290996, 6.7399472 ] } },
{ "type": "Feature", "properties": { "osm_id": "1446610729", "code": 5204, "fclass": "crossing", "name": null }, "geometry": { "type": "Point", "coordinates": [ 80.1357891, 6.7403356 ] } },
{ "type": "Feature", "properties": { "osm_id": "1446610738", "code": 5204, "fclass": "crossing", "name": null }, "geometry": { "type": "Point", "coordinates": [ 80.1375426, 6.7405352 ] } },
{ "type": "Feature", "properties": { "osm_id": "1447309492", "code": 5204, "fclass": "crossing", "name": null }, "geometry": { "type": "Point", "coordinates": [ 79.9627802, 6.8930323 ] } },
{ "type": "Feature", "properties": { "osm_id": "1447374547", "code": 5204, "fclass": "crossing", "name": null }, "geometry": { "type": "Point", "coordinates": [ 80.0593963, 6.9064727 ] } },
{ "type": "Feature", "properties": { "osm_id": "1447374596", "code": 5204, "fclass": "crossing", "name": null }, "geometry": { "type": "Point", "coordinates": [ 80.0673665, 6.90785 ] } },
{ "type": "Feature", "properties": { "osm_id": "1447374602", "code": 5204, "fclass": "crossing", "name": null }, "geometry": { "type": "Point", "coordinates": [ 80.0718511, 6.9079475 ] } },
{ "type": "Feature", "properties": { "osm_id": "1447374625", "code": 5204, "fclass": "crossing", "name": null }, "geometry": { "type": "Point", "coordinates": [ 80.0805636, 6.9086463 ] } },
{ "type": "Feature", "properties": { "osm_id": "1447374627", "code": 5204, "fclass": "crossing", "name": null }, "geometry": { "type": "Point", "coordinates": [ 80.081319, 6.9087541 ] } },
{ "type": "Feature", "properties": { "osm_id": "1447374632", "code": 5204, "fclass": "crossing", "name": null }, "geometry": { "type": "Point", "coordinates": [ 80.0538914, 6.9088837 ] } },
{ "type": "Feature", "properties": { "osm_id": "1447374633", "code": 5204, "fclass": "crossing", "name": null }, "geometry": { "type": "Point", "coordinates": [ 80.0822309, 6.9088443 ] } },
{ "type": "Feature", "properties": { "osm_id": "1447374689", "code": 5204, "fclass": "crossing", "name": null }, "geometry": { "type": "Point", "coordinates": [ 80.0381302, 6.9166332 ] } },
{ "type": "Feature", "properties": { "osm_id": "1447374706", "code": 5204, "fclass": "crossing", "name": null }, "geometry": { "type": "Point", "coordinates": [ 80.0355128, 6.9181203 ] } },
{ "type": "Feature", "properties": { "osm_id": "1447374719", "code": 5204, "fclass": "crossing", "name": null }, "geometry": { "type": "Point", "coordinates": [ 80.0322455, 6.9215164 ] } },
{ "type": "Feature", "properties": { "osm_id": "1447374782", "code": 5204, "fclass": "crossing", "name": null }, "geometry": { "type": "Point", "coordinates": [ 80.0187065, 6.9241172 ] } },
{ "type": "Feature", "properties": { "osm_id": "1447374792", "code": 5204, "fclass": "crossing", "name": null }, "geometry": { "type": "Point", "coordinates": [ 80.0158511, 6.9252896 ] } },
{ "type": "Feature", "properties": { "osm_id": "1447374804", "code": 5204, "fclass": "crossing", "name": null }, "geometry": { "type": "Point", "coordinates": [ 80.012479, 6.9275615 ] } },
{ "type": "Feature", "properties": { "osm_id": "1447374823", "code": 5204, "fclass": "crossing", "name": null }, "geometry": { "type": "Point", "coordinates": [ 80.0073633, 6.931688 ] } },
{ "type": "Feature", "properties": { "osm_id": "1447374874", "code": 5204, "fclass": "crossing", "name": null }, "geometry": { "type": "Point", "coordinates": [ 79.9934712, 6.934242 ] } },
{ "type": "Feature", "properties": { "osm_id": "1475773466", "code": 5204, "fclass": "crossing", "name": null }, "geometry": { "type": "Point", "coordinates": [ 79.8951494, 7.0600454 ] } },
{ "type": "Feature", "properties": { "osm_id": "1475777830", "code": 5204, "fclass": "crossing", "name": null }, "geometry": { "type": "Point", "coordinates": [ 79.8946194, 6.9931767 ] } },
{ "type": "Feature", "properties": { "osm_id": "1475786193", "code": 5204, "fclass": "crossing", "name": null }, "geometry": { "type": "Point", "coordinates": [ 79.8849219, 6.9556655 ] } },
{ "type": "Feature", "properties": { "osm_id": "1475786197", "code": 5204, "fclass": "crossing", "name": null }, "geometry": { "type": "Point", "coordinates": [ 79.8861117, 6.9557057 ] } },
{ "type": "Feature", "properties": { "osm_id": "1533913612", "code": 5204, "fclass": "crossing", "name": null }, "geometry": { "type": "Point", "coordinates": [ 79.8662455, 6.8513555 ] } },
{ "type": "Feature", "properties": { "osm_id": "1606321867", "code": 5204, "fclass": "crossing", "name": null }, "geometry": { "type": "Point", "coordinates": [ 80.0003903, 6.4335428 ] } },
{ "type": "Feature", "properties": { "osm_id": "1606321868", "code": 5204, "fclass": "crossing", "name": null }, "geometry": { "type": "Point", "coordinates": [ 80.0001954, 6.4335112 ] } },
{ "type": "Feature", "properties": { "osm_id": "1606322906", "code": 5204, "fclass": "crossing", "name": null }, "geometry": { "type": "Point", "coordinates": [ 79.9975099, 6.4413062 ] } },
{ "type": "Feature", "properties": { "osm_id": "1606699386", "code": 5204, "fclass": "crossing", "name": null }, "geometry": { "type": "Point", "coordinates": [ 79.983733, 6.4760483 ] } },
{ "type": "Feature", "properties": { "osm_id": "1614298418", "code": 5204, "fclass": "crossing", "name": null }, "geometry": { "type": "Point", "coordinates": [ 79.9994944, 6.4304249 ] } },
{ "type": "Feature", "properties": { "osm_id": "1683204286", "code": 5204, "fclass": "crossing", "name": null }, "geometry": { "type": "Point", "coordinates": [ 79.8696802, 6.8814508 ] } },
{ "type": "Feature", "properties": { "osm_id": "1684767682", "code": 5204, "fclass": "crossing", "name": null }, "geometry": { "type": "Point", "coordinates": [ 79.8496891, 6.9180562 ] } },
{ "type": "Feature", "properties": { "osm_id": "1691866554", "code": 5204, "fclass": "crossing", "name": null }, "geometry": { "type": "Point", "coordinates": [ 79.9848863, 6.7833926 ] } },
{ "type": "Feature", "properties": { "osm_id": "1694684271", "code": 5204, "fclass": "crossing", "name": null }, "geometry": { "type": "Point", "coordinates": [ 79.8679307, 6.8305506 ] } },
{ "type": "Feature", "properties": { "osm_id": "1697582626", "code": 5204, "fclass": "crossing", "name": null }, "geometry": { "type": "Point", "coordinates": [ 80.105103, 6.8415078 ] } },
{ "type": "Feature", "properties": { "osm_id": "1697583237", "code": 5204, "fclass": "crossing", "name": null }, "geometry": { "type": "Point", "coordinates": [ 80.109968, 6.8399907 ] } },
{ "type": "Feature", "properties": { "osm_id": "1709613794", "code": 5204, "fclass": "crossing", "name": null }, "geometry": { "type": "Point", "coordinates": [ 79.9928885, 6.4415865 ] } },
{ "type": "Feature", "properties": { "osm_id": "1716481453", "code": 5204, "fclass": "crossing", "name": null }, "geometry": { "type": "Point", "coordinates": [ 79.8739021, 6.8196877 ] } },
{ "type": "Feature", "properties": { "osm_id": "1716481458", "code": 5204, "fclass": "crossing", "name": null }, "geometry": { "type": "Point", "coordinates": [ 79.8737654, 6.81925 ] } },
{ "type": "Feature", "properties": { "osm_id": "1716481464", "code": 5204, "fclass": "crossing", "name": null }, "geometry": { "type": "Point", "coordinates": [ 79.8755102, 6.8170675 ] } },
{ "type": "Feature", "properties": { "osm_id": "1737436567", "code": 5204, "fclass": "crossing", "name": null }, "geometry": { "type": "Point", "coordinates": [ 79.8850601, 6.85332 ] } },
{ "type": "Feature", "properties": { "osm_id": "1794115828", "code": 5204, "fclass": "crossing", "name": null }, "geometry": { "type": "Point", "coordinates": [ 79.9015944, 6.7183291 ] } },
{ "type": "Feature", "properties": { "osm_id": "1796819744", "code": 5204, "fclass": "crossing", "name": null }, "geometry": { "type": "Point", "coordinates": [ 80.0811973, 6.838998 ] } },
{ "type": "Feature", "properties": { "osm_id": "1796819750", "code": 5204, "fclass": "crossing", "name": null }, "geometry": { "type": "Point", "coordinates": [ 80.0797909, 6.8401285 ] } },
{ "type": "Feature", "properties": { "osm_id": "1825441925", "code": 5204, "fclass": "crossing", "name": null }, "geometry": { "type": "Point", "coordinates": [ 79.8769107, 6.8497047 ] } },
{ "type": "Feature", "properties": { "osm_id": "1827254504", "code": 5204, "fclass": "crossing", "name": null }, "geometry": { "type": "Point", "coordinates": [ 79.9821263, 6.5080164 ] } },
{ "type": "Feature", "properties": { "osm_id": "1832427998", "code": 5204, "fclass": "crossing", "name": null }, "geometry": { "type": "Point", "coordinates": [ 80.1951382, 6.9401048 ] } },
{ "type": "Feature", "properties": { "osm_id": "1832428117", "code": 5204, "fclass": "crossing", "name": null }, "geometry": { "type": "Point", "coordinates": [ 80.2045154, 6.9542037 ] } },
{ "type": "Feature", "properties": { "osm_id": "1840750752", "code": 5204, "fclass": "crossing", "name": null }, "geometry": { "type": "Point", "coordinates": [ 79.9514394, 7.004127 ] } },
{ "type": "Feature", "properties": { "osm_id": "1840750824", "code": 5204, "fclass": "crossing", "name": null }, "geometry": { "type": "Point", "coordinates": [ 79.9521581, 7.0042804 ] } },
{ "type": "Feature", "properties": { "osm_id": "1843565746", "code": 5204, "fclass": "crossing", "name": null }, "geometry": { "type": "Point", "coordinates": [ 80.0081741, 6.9604715 ] } },
{ "type": "Feature", "properties": { "osm_id": "1875815261", "code": 5204, "fclass": "crossing", "name": null }, "geometry": { "type": "Point", "coordinates": [ 79.9870535, 6.466927 ] } },
{ "type": "Feature", "properties": { "osm_id": "1920284330", "code": 5204, "fclass": "crossing", "name": null }, "geometry": { "type": "Point", "coordinates": [ 79.8864249, 6.8048483 ] } },
{ "type": "Feature", "properties": { "osm_id": "1934706181", "code": 5204, "fclass": "crossing", "name": null }, "geometry": { "type": "Point", "coordinates": [ 79.961431, 6.8453926 ] } },
{ "type": "Feature", "properties": { "osm_id": "1969471017", "code": 5204, "fclass": "crossing", "name": null }, "geometry": { "type": "Point", "coordinates": [ 80.1231555, 6.5243641 ] } },
{ "type": "Feature", "properties": { "osm_id": "2028077011", "code": 5204, "fclass": "crossing", "name": null }, "geometry": { "type": "Point", "coordinates": [ 79.9490781, 7.0006529 ] } },
{ "type": "Feature", "properties": { "osm_id": "2068144109", "code": 5204, "fclass": "crossing", "name": null }, "geometry": { "type": "Point", "coordinates": [ 79.9214308, 6.8426751 ] } },
{ "type": "Feature", "properties": { "osm_id": "2068162947", "code": 5204, "fclass": "crossing", "name": null }, "geometry": { "type": "Point", "coordinates": [ 79.9478086, 6.8464108 ] } },
{ "type": "Feature", "properties": { "osm_id": "2069870184", "code": 5204, "fclass": "crossing", "name": null }, "geometry": { "type": "Point", "coordinates": [ 79.9873835, 6.8464366 ] } },
{ "type": "Feature", "properties": { "osm_id": "2078229748", "code": 5204, "fclass": "crossing", "name": null }, "geometry": { "type": "Point", "coordinates": [ 79.9838953, 6.8373725 ] } },
{ "type": "Feature", "properties": { "osm_id": "2082047735", "code": 5204, "fclass": "crossing", "name": null }, "geometry": { "type": "Point", "coordinates": [ 79.9281166, 6.6641891 ] } },
{ "type": "Feature", "properties": { "osm_id": "2082047767", "code": 5204, "fclass": "crossing", "name": null }, "geometry": { "type": "Point", "coordinates": [ 79.9042546, 6.7140243 ] } },
{ "type": "Feature", "properties": { "osm_id": "2083191657", "code": 5204, "fclass": "crossing", "name": null }, "geometry": { "type": "Point", "coordinates": [ 79.8638493, 6.9175442 ] } },
{ "type": "Feature", "properties": { "osm_id": "2083556456", "code": 5204, "fclass": "crossing", "name": null }, "geometry": { "type": "Point", "coordinates": [ 79.8779477, 7.1498494 ] } },
{ "type": "Feature", "properties": { "osm_id": "2087310135", "code": 5204, "fclass": "crossing", "name": null }, "geometry": { "type": "Point", "coordinates": [ 80.200292, 6.9489113 ] } },
{ "type": "Feature", "properties": { "osm_id": "2087335124", "code": 5204, "fclass": "crossing", "name": null }, "geometry": { "type": "Point", "coordinates": [ 79.899207, 6.9751981 ] } },
{ "type": "Feature", "properties": { "osm_id": "2089487390", "code": 5204, "fclass": "crossing", "name": null }, "geometry": { "type": "Point", "coordinates": [ 79.9838866, 6.8375459 ] } },
{ "type": "Feature", "properties": { "osm_id": "2091831378", "code": 5204, "fclass": "crossing", "name": null }, "geometry": { "type": "Point", "coordinates": [ 79.8879611, 6.9287475 ] } },
{ "type": "Feature", "properties": { "osm_id": "2094306187", "code": 5204, "fclass": "crossing", "name": null }, "geometry": { "type": "Point", "coordinates": [ 79.8710508, 6.9213935 ] } },
{ "type": "Feature", "properties": { "osm_id": "2122125310", "code": 5204, "fclass": "crossing", "name": null }, "geometry": { "type": "Point", "coordinates": [ 79.8956617, 6.9082243 ] } },
{ "type": "Feature", "properties": { "osm_id": "2124903910", "code": 5204, "fclass": "crossing", "name": null }, "geometry": { "type": "Point", "coordinates": [ 79.9040525, 6.9372079 ] } },
{ "type": "Feature", "properties": { "osm_id": "2141677484", "code": 5204, "fclass": "crossing", "name": null }, "geometry": { "type": "Point", "coordinates": [ 80.0995272, 6.9189794 ] } },
{ "type": "Feature", "properties": { "osm_id": "2141710414", "code": 5204, "fclass": "crossing", "name": null }, "geometry": { "type": "Point", "coordinates": [ 80.1872778, 6.9339973 ] } },
{ "type": "Feature", "properties": { "osm_id": "2150165846", "code": 5204, "fclass": "crossing", "name": null }, "geometry": { "type": "Point", "coordinates": [ 79.978957, 6.8428811 ] } },
{ "type": "Feature", "properties": { "osm_id": "2155579712", "code": 5204, "fclass": "crossing", "name": null }, "geometry": { "type": "Point", "coordinates": [ 79.8946912, 6.9931403 ] } },
{ "type": "Feature", "properties": { "osm_id": "2155580009", "code": 5204, "fclass": "crossing", "name": null }, "geometry": { "type": "Point", "coordinates": [ 79.8970682, 7.0056235 ] } },
{ "type": "Feature", "properties": { "osm_id": "2338777911", "code": 5204, "fclass": "crossing", "name": null }, "geometry": { "type": "Point", "coordinates": [ 79.9297621, 6.6655593 ] } },
{ "type": "Feature", "properties": { "osm_id": "2338777925", "code": 5204, "fclass": "crossing", "name": null }, "geometry": { "type": "Point", "coordinates": [ 79.9296977, 6.6655275 ] } },
{ "type": "Feature", "properties": { "osm_id": "2339297864", "code": 5204, "fclass": "crossing", "name": null }, "geometry": { "type": "Point", "coordinates": [ 79.9073481, 6.7122967 ] } },
{ "type": "Feature", "properties": { "osm_id": "2339297875", "code": 5204, "fclass": "crossing", "name": null }, "geometry": { "type": "Point", "coordinates": [ 79.907314, 6.7123927 ] } },
{ "type": "Feature", "properties": { "osm_id": "2339297886", "code": 5204, "fclass": "crossing", "name": null }, "geometry": { "type": "Point", "coordinates": [ 79.9077176, 6.7123325 ] } },
{ "type": "Feature", "properties": { "osm_id": "2340191096", "code": 5204, "fclass": "crossing", "name": null }, "geometry": { "type": "Point", "coordinates": [ 79.9079688, 6.7090219 ] } },
{ "type": "Feature", "properties": { "osm_id": "2340191098", "code": 5204, "fclass": "crossing", "name": null }, "geometry": { "type": "Point", "coordinates": [ 79.9080783, 6.7090472 ] } },
{ "type": "Feature", "properties": { "osm_id": "2347147687", "code": 5204, "fclass": "crossing", "name": null }, "geometry": { "type": "Point", "coordinates": [ 79.9155698, 6.6929574 ] } },
{ "type": "Feature", "properties": { "osm_id": "2347147690", "code": 5204, "fclass": "crossing", "name": null }, "geometry": { "type": "Point", "coordinates": [ 79.9156344, 6.6929979 ] } },
{ "type": "Feature", "properties": { "osm_id": "2347147693", "code": 5204, "fclass": "crossing", "name": null }, "geometry": { "type": "Point", "coordinates": [ 79.9146768, 6.6943658 ] } },
{ "type": "Feature", "properties": { "osm_id": "2347147698", "code": 5204, "fclass": "crossing", "name": null }, "geometry": { "type": "Point", "coordinates": [ 79.9138105, 6.6959854 ] } },
{ "type": "Feature", "properties": { "osm_id": "2347147700", "code": 5204, "fclass": "crossing", "name": null }, "geometry": { "type": "Point", "coordinates": [ 79.9138731, 6.6960136 ] } },
{ "type": "Feature", "properties": { "osm_id": "2347147703", "code": 5204, "fclass": "crossing", "name": null }, "geometry": { "type": "Point", "coordinates": [ 79.9127933, 6.6988677 ] } },
{ "type": "Feature", "properties": { "osm_id": "2347147705", "code": 5204, "fclass": "crossing", "name": null }, "geometry": { "type": "Point", "coordinates": [ 79.9128545, 6.6988866 ] } },
{ "type": "Feature", "properties": { "osm_id": "2347147714", "code": 5204, "fclass": "crossing", "name": null }, "geometry": { "type": "Point", "coordinates": [ 79.9115551, 6.7012156 ] } },
{ "type": "Feature", "properties": { "osm_id": "2347147716", "code": 5204, "fclass": "crossing", "name": null }, "geometry": { "type": "Point", "coordinates": [ 79.9115934, 6.7012779 ] } },
{ "type": "Feature", "properties": { "osm_id": "2347147719", "code": 5204, "fclass": "crossing", "name": null }, "geometry": { "type": "Point", "coordinates": [ 79.910864, 6.7018552 ] } },
{ "type": "Feature", "properties": { "osm_id": "2347147721", "code": 5204, "fclass": "crossing", "name": null }, "geometry": { "type": "Point", "coordinates": [ 79.9109275, 6.7018977 ] } },
{ "type": "Feature", "properties": { "osm_id": "2347147724", "code": 5204, "fclass": "crossing", "name": null }, "geometry": { "type": "Point", "coordinates": [ 79.9103286, 6.7029816 ] } },
{ "type": "Feature", "properties": { "osm_id": "2347147727", "code": 5204, "fclass": "crossing", "name": null }, "geometry": { "type": "Point", "coordinates": [ 79.9103835, 6.7030242 ] } },
{ "type": "Feature", "properties": { "osm_id": "2347147729", "code": 5204, "fclass": "crossing", "name": null }, "geometry": { "type": "Point", "coordinates": [ 79.9094762, 6.7046888 ] } },
{ "type": "Feature", "properties": { "osm_id": "2347147732", "code": 5204, "fclass": "crossing", "name": null }, "geometry": { "type": "Point", "coordinates": [ 79.9095759, 6.7047247 ] } },
{ "type": "Feature", "properties": { "osm_id": "2365968581", "code": 5204, "fclass": "crossing", "name": null }, "geometry": { "type": "Point", "coordinates": [ 79.8436763, 7.2146496 ] } },
{ "type": "Feature", "properties": { "osm_id": "2375440483", "code": 5204, "fclass": "crossing", "name": null }, "geometry": { "type": "Point", "coordinates": [ 79.9844492, 6.4815889 ] } },
{ "type": "Feature", "properties": { "osm_id": "2375440485", "code": 5204, "fclass": "crossing", "name": null }, "geometry": { "type": "Point", "coordinates": [ 79.984187, 6.4833751 ] } },
{ "type": "Feature", "properties": { "osm_id": "2375440486", "code": 5204, "fclass": "crossing", "name": null }, "geometry": { "type": "Point", "coordinates": [ 79.9836428, 6.4860251 ] } },
{ "type": "Feature", "properties": { "osm_id": "2375440491", "code": 5204, "fclass": "crossing", "name": null }, "geometry": { "type": "Point", "coordinates": [ 79.9833041, 6.4878196 ] } },
{ "type": "Feature", "properties": { "osm_id": "2375440492", "code": 5204, "fclass": "crossing", "name": null }, "geometry": { "type": "Point", "coordinates": [ 79.9813469, 6.4960537 ] } },
{ "type": "Feature", "properties": { "osm_id": "2375440493", "code": 5204, "fclass": "crossing", "name": null }, "geometry": { "type": "Point", "coordinates": [ 79.9811348, 6.4981557 ] } },
{ "type": "Feature", "properties": { "osm_id": "2375440494", "code": 5204, "fclass": "crossing", "name": null }, "geometry": { "type": "Point", "coordinates": [ 79.9813504, 6.5044095 ] } },
{ "type": "Feature", "properties": { "osm_id": "2375440495", "code": 5204, "fclass": "crossing", "name": null }, "geometry": { "type": "Point", "coordinates": [ 79.9823964, 6.5093984 ] } },
{ "type": "Feature", "properties": { "osm_id": "2375440496", "code": 5204, "fclass": "crossing", "name": null }, "geometry": { "type": "Point", "coordinates": [ 79.9587488, 6.5931348 ] } },
{ "type": "Feature", "properties": { "osm_id": "2375440503", "code": 5204, "fclass": "crossing", "name": null }, "geometry": { "type": "Point", "coordinates": [ 79.9538646, 6.6019243 ] } },
{ "type": "Feature", "properties": { "osm_id": "2375440504", "code": 5204, "fclass": "crossing", "name": null }, "geometry": { "type": "Point", "coordinates": [ 79.9521546, 6.6047604 ] } },
{ "type": "Feature", "properties": { "osm_id": "2375440505", "code": 5204, "fclass": "crossing", "name": null }, "geometry": { "type": "Point", "coordinates": [ 79.9488775, 6.6109544 ] } },
{ "type": "Feature", "properties": { "osm_id": "2375440508", "code": 5204, "fclass": "crossing", "name": null }, "geometry": { "type": "Point", "coordinates": [ 79.9433648, 6.623201 ] } },
{ "type": "Feature", "properties": { "osm_id": "2375440509", "code": 5204, "fclass": "crossing", "name": null }, "geometry": { "type": "Point", "coordinates": [ 79.9413093, 6.6294732 ] } },
{ "type": "Feature", "properties": { "osm_id": "2375440510", "code": 5204, "fclass": "crossing", "name": null }, "geometry": { "type": "Point", "coordinates": [ 79.9267398, 6.6672743 ] } },
{ "type": "Feature", "properties": { "osm_id": "2375440540", "code": 5204, "fclass": "crossing", "name": null }, "geometry": { "type": "Point", "coordinates": [ 80.0998374, 6.8424792 ] } },
{ "type": "Feature", "properties": { "osm_id": "2375440541", "code": 5204, "fclass": "crossing", "name": null }, "geometry": { "type": "Point", "coordinates": [ 80.0455613, 6.843365 ] } },
{ "type": "Feature", "properties": { "osm_id": "2375440542", "code": 5204, "fclass": "crossing", "name": null }, "geometry": { "type": "Point", "coordinates": [ 80.0410868, 6.8457475 ] } },
{ "type": "Feature", "properties": { "osm_id": "2375440545", "code": 5204, "fclass": "crossing", "name": null }, "geometry": { "type": "Point", "coordinates": [ 80.0191915, 6.8468392 ] } },
{ "type": "Feature", "properties": { "osm_id": "2375440546", "code": 5204, "fclass": "crossing", "name": null }, "geometry": { "type": "Point", "coordinates": [ 80.0268552, 6.8474461 ] } },
{ "type": "Feature", "properties": { "osm_id": "2375440547", "code": 5204, "fclass": "crossing", "name": null }, "geometry": { "type": "Point", "coordinates": [ 80.0330906, 6.8478757 ] } },
{ "type": "Feature", "properties": { "osm_id": "2375440548", "code": 5204, "fclass": "crossing", "name": null }, "geometry": { "type": "Point", "coordinates": [ 80.0273538, 6.8482101 ] } },
{ "type": "Feature", "properties": { "osm_id": "2375440691", "code": 5204, "fclass": "crossing", "name": null }, "geometry": { "type": "Point", "coordinates": [ 80.1324023, 6.9063378 ] } },
{ "type": "Feature", "properties": { "osm_id": "2375440704", "code": 5204, "fclass": "crossing", "name": null }, "geometry": { "type": "Point", "coordinates": [ 79.849185, 6.9251253 ] } },
{ "type": "Feature", "properties": { "osm_id": "2375440705", "code": 5204, "fclass": "crossing", "name": null }, "geometry": { "type": "Point", "coordinates": [ 79.8849274, 6.9292324 ] } },
{ "type": "Feature", "properties": { "osm_id": "2375440929", "code": 5204, "fclass": "crossing", "name": null }, "geometry": { "type": "Point", "coordinates": [ 79.92152, 7.0281909 ] } },
{ "type": "Feature", "properties": { "osm_id": "2375440930", "code": 5204, "fclass": "crossing", "name": null }, "geometry": { "type": "Point", "coordinates": [ 79.9215098, 7.0283242 ] } },
{ "type": "Feature", "properties": { "osm_id": "2375440931", "code": 5204, "fclass": "crossing", "name": null }, "geometry": { "type": "Point", "coordinates": [ 79.9210472, 7.0348548 ] } },
{ "type": "Feature", "properties": { "osm_id": "2375440932", "code": 5204, "fclass": "crossing", "name": null }, "geometry": { "type": "Point", "coordinates": [ 79.9116386, 7.038482 ] } },
{ "type": "Feature", "properties": { "osm_id": "2375440936", "code": 5204, "fclass": "crossing", "name": null }, "geometry": { "type": "Point", "coordinates": [ 79.9087801, 7.0410119 ] } },
{ "type": "Feature", "properties": { "osm_id": "2375440938", "code": 5204, "fclass": "crossing", "name": null }, "geometry": { "type": "Point", "coordinates": [ 79.9307131, 7.046604 ] } },
{ "type": "Feature", "properties": { "osm_id": "2375440939", "code": 5204, "fclass": "crossing", "name": null }, "geometry": { "type": "Point", "coordinates": [ 79.9019684, 7.0487627 ] } },
{ "type": "Feature", "properties": { "osm_id": "2375440940", "code": 5204, "fclass": "crossing", "name": null }, "geometry": { "type": "Point", "coordinates": [ 79.9335612, 7.0505974 ] } },
{ "type": "Feature", "properties": { "osm_id": "2375440942", "code": 5204, "fclass": "crossing", "name": null }, "geometry": { "type": "Point", "coordinates": [ 79.9000806, 7.0530827 ] } },
{ "type": "Feature", "properties": { "osm_id": "2375440944", "code": 5204, "fclass": "crossing", "name": null }, "geometry": { "type": "Point", "coordinates": [ 79.9426786, 7.062191 ] } },
{ "type": "Feature", "properties": { "osm_id": "2375440945", "code": 5204, "fclass": "crossing", "name": null }, "geometry": { "type": "Point", "coordinates": [ 79.8960289, 7.0630214 ] } },
{ "type": "Feature", "properties": { "osm_id": "2375440948", "code": 5204, "fclass": "crossing", "name": null }, "geometry": { "type": "Point", "coordinates": [ 79.9461862, 7.0666757 ] } },
{ "type": "Feature", "properties": { "osm_id": "2375440950", "code": 5204, "fclass": "crossing", "name": null }, "geometry": { "type": "Point", "coordinates": [ 79.9536824, 7.0669966 ] } },
{ "type": "Feature", "properties": { "osm_id": "2375440951", "code": 5204, "fclass": "crossing", "name": null }, "geometry": { "type": "Point", "coordinates": [ 79.9579671, 7.0687956 ] } },
{ "type": "Feature", "properties": { "osm_id": "2375440952", "code": 5204, "fclass": "crossing", "name": null }, "geometry": { "type": "Point", "coordinates": [ 79.8941497, 7.0698986 ] } },
{ "type": "Feature", "properties": { "osm_id": "2375440953", "code": 5204, "fclass": "crossing", "name": null }, "geometry": { "type": "Point", "coordinates": [ 79.893681, 7.0717549 ] } },
{ "type": "Feature", "properties": { "osm_id": "2375440954", "code": 5204, "fclass": "crossing", "name": null }, "geometry": { "type": "Point", "coordinates": [ 79.8919568, 7.0792329 ] } },
{ "type": "Feature", "properties": { "osm_id": "2375440967", "code": 5204, "fclass": "crossing", "name": null }, "geometry": { "type": "Point", "coordinates": [ 79.8935187, 7.0849312 ] } },
{ "type": "Feature", "properties": { "osm_id": "2375440968", "code": 5204, "fclass": "crossing", "name": null }, "geometry": { "type": "Point", "coordinates": [ 79.8935074, 7.0863578 ] } },
{ "type": "Feature", "properties": { "osm_id": "2375440978", "code": 5204, "fclass": "crossing", "name": null }, "geometry": { "type": "Point", "coordinates": [ 79.8906291, 7.099657 ] } },
{ "type": "Feature", "properties": { "osm_id": "2375440986", "code": 5204, "fclass": "crossing", "name": null }, "geometry": { "type": "Point", "coordinates": [ 79.8875979, 7.1143217 ] } },
{ "type": "Feature", "properties": { "osm_id": "2375440987", "code": 5204, "fclass": "crossing", "name": null }, "geometry": { "type": "Point", "coordinates": [ 79.8869414, 7.1163435 ] } },
{ "type": "Feature", "properties": { "osm_id": "2375441005", "code": 5204, "fclass": "crossing", "name": null }, "geometry": { "type": "Point", "coordinates": [ 79.8838981, 7.1247547 ] } },
{ "type": "Feature", "properties": { "osm_id": "2375441007", "code": 5204, "fclass": "crossing", "name": null }, "geometry": { "type": "Point", "coordinates": [ 79.8832509, 7.1265126 ] } },
{ "type": "Feature", "properties": { "osm_id": "2375441009", "code": 5204, "fclass": "crossing", "name": null }, "geometry": { "type": "Point", "coordinates": [ 79.8801721, 7.1371458 ] } },
{ "type": "Feature", "properties": { "osm_id": "2400490748", "code": 5204, "fclass": "crossing", "name": null }, "geometry": { "type": "Point", "coordinates": [ 79.9713529, 6.9099202 ] } },
{ "type": "Feature", "properties": { "osm_id": "2432832493", "code": 5204, "fclass": "crossing", "name": null }, "geometry": { "type": "Point", "coordinates": [ 80.1686528, 6.49396 ] } },
{ "type": "Feature", "properties": { "osm_id": "2444108599", "code": 5204, "fclass": "crossing", "name": null }, "geometry": { "type": "Point", "coordinates": [ 79.8893536, 6.8819735 ] } },
{ "type": "Feature", "properties": { "osm_id": "2499039599", "code": 5204, "fclass": "crossing", "name": null }, "geometry": { "type": "Point", "coordinates": [ 79.9838923, 6.837451 ] } },
{ "type": "Feature", "properties": { "osm_id": "2508106230", "code": 5204, "fclass": "crossing", "name": null }, "geometry": { "type": "Point", "coordinates": [ 79.8753377, 7.1590039 ] } },
{ "type": "Feature", "properties": { "osm_id": "2556639986", "code": 5204, "fclass": "crossing", "name": null }, "geometry": { "type": "Point", "coordinates": [ 79.9168345, 6.8524148 ] } },
{ "type": "Feature", "properties": { "osm_id": "2594685112", "code": 5204, "fclass": "crossing", "name": null }, "geometry": { "type": "Point", "coordinates": [ 79.9069962, 6.9995798 ] } },
{ "type": "Feature", "properties": { "osm_id": "2620521081", "code": 5204, "fclass": "crossing", "name": null }, "geometry": { "type": "Point", "coordinates": [ 79.9552788, 6.9035836 ] } },
{ "type": "Feature", "properties": { "osm_id": "2627445738", "code": 5204, "fclass": "crossing", "name": null }, "geometry": { "type": "Point", "coordinates": [ 79.8753635, 6.9561508 ] } },
{ "type": "Feature", "properties": { "osm_id": "2647042799", "code": 5204, "fclass": "crossing", "name": null }, "geometry": { "type": "Point", "coordinates": [ 79.9295614, 6.6609765 ] } },
{ "type": "Feature", "properties": { "osm_id": "2647309760", "code": 5204, "fclass": "crossing", "name": null }, "geometry": { "type": "Point", "coordinates": [ 79.9348185, 6.6488974 ] } },
{ "type": "Feature", "properties": { "osm_id": "2648621786", "code": 5204, "fclass": "crossing", "name": null }, "geometry": { "type": "Point", "coordinates": [ 79.8427573, 6.9387425 ] } },
{ "type": "Feature", "properties": { "osm_id": "2648621873", "code": 5204, "fclass": "crossing", "name": null }, "geometry": { "type": "Point", "coordinates": [ 79.8846702, 6.9437868 ] } },
{ "type": "Feature", "properties": { "osm_id": "2648621875", "code": 5204, "fclass": "crossing", "name": null }, "geometry": { "type": "Point", "coordinates": [ 79.8846038, 6.9438222 ] } },
{ "type": "Feature", "properties": { "osm_id": "2648730187", "code": 5204, "fclass": "crossing", "name": null }, "geometry": { "type": "Point", "coordinates": [ 79.872336, 6.9561727 ] } },
{ "type": "Feature", "properties": { "osm_id": "2648730193", "code": 5204, "fclass": "crossing", "name": null }, "geometry": { "type": "Point", "coordinates": [ 79.8660661, 6.9562767 ] } },
{ "type": "Feature", "properties": { "osm_id": "2648730208", "code": 5204, "fclass": "crossing", "name": null }, "geometry": { "type": "Point", "coordinates": [ 79.8797188, 7.1646765 ] } },
{ "type": "Feature", "properties": { "osm_id": "2652607482", "code": 5204, "fclass": "crossing", "name": null }, "geometry": { "type": "Point", "coordinates": [ 79.8759309, 7.1560228 ] } },
{ "type": "Feature", "properties": { "osm_id": "2652607493", "code": 5204, "fclass": "crossing", "name": null }, "geometry": { "type": "Point", "coordinates": [ 79.8751397, 7.1585269 ] } },
{ "type": "Feature", "properties": { "osm_id": "2652607494", "code": 5204, "fclass": "crossing", "name": null }, "geometry": { "type": "Point", "coordinates": [ 79.8752989, 7.1585579 ] } },
{ "type": "Feature", "properties": { "osm_id": "2652607495", "code": 5204, "fclass": "crossing", "name": null }, "geometry": { "type": "Point", "coordinates": [ 79.8750908, 7.1586865 ] } },
{ "type": "Feature", "properties": { "osm_id": "2652607496", "code": 5204, "fclass": "crossing", "name": null }, "geometry": { "type": "Point", "coordinates": [ 79.8749638, 7.1590942 ] } },
{ "type": "Feature", "properties": { "osm_id": "2652607498", "code": 5204, "fclass": "crossing", "name": null }, "geometry": { "type": "Point", "coordinates": [ 79.875611, 7.1598472 ] } },
{ "type": "Feature", "properties": { "osm_id": "2652607499", "code": 5204, "fclass": "crossing", "name": null }, "geometry": { "type": "Point", "coordinates": [ 79.8741463, 7.1615936 ] } },
{ "type": "Feature", "properties": { "osm_id": "2652607502", "code": 5204, "fclass": "crossing", "name": null }, "geometry": { "type": "Point", "coordinates": [ 79.8714778, 7.1684721 ] } },
{ "type": "Feature", "properties": { "osm_id": "2652607503", "code": 5204, "fclass": "crossing", "name": null }, "geometry": { "type": "Point", "coordinates": [ 79.8707024, 7.1700429 ] } },
{ "type": "Feature", "properties": { "osm_id": "2652607504", "code": 5204, "fclass": "crossing", "name": null }, "geometry": { "type": "Point", "coordinates": [ 79.8674072, 7.1780967 ] } },
{ "type": "Feature", "properties": { "osm_id": "2652607505", "code": 5204, "fclass": "crossing", "name": null }, "geometry": { "type": "Point", "coordinates": [ 79.863813, 7.1873934 ] } },
{ "type": "Feature", "properties": { "osm_id": "2652607506", "code": 5204, "fclass": "crossing", "name": null }, "geometry": { "type": "Point", "coordinates": [ 79.8601739, 7.1951777 ] } },
{ "type": "Feature", "properties": { "osm_id": "2652607510", "code": 5204, "fclass": "crossing", "name": null }, "geometry": { "type": "Point", "coordinates": [ 79.8544103, 7.1988038 ] } },
{ "type": "Feature", "properties": { "osm_id": "2652607511", "code": 5204, "fclass": "crossing", "name": null }, "geometry": { "type": "Point", "coordinates": [ 79.849388, 7.2002293 ] } },
{ "type": "Feature", "properties": { "osm_id": "2652607512", "code": 5204, "fclass": "crossing", "name": null }, "geometry": { "type": "Point", "coordinates": [ 79.8419836, 7.2044106 ] } },
{ "type": "Feature", "properties": { "osm_id": "2681885457", "code": 5204, "fclass": "crossing", "name": null }, "geometry": { "type": "Point", "coordinates": [ 79.8826715, 6.7727895 ] } },
{ "type": "Feature", "properties": { "osm_id": "2681938483", "code": 5204, "fclass": "crossing", "name": null }, "geometry": { "type": "Point", "coordinates": [ 79.8511656, 6.9344036 ] } },
{ "type": "Feature", "properties": { "osm_id": "2710643133", "code": 5204, "fclass": "crossing", "name": null }, "geometry": { "type": "Point", "coordinates": [ 79.9861657, 6.846302 ] } },
{ "type": "Feature", "properties": { "osm_id": "2722414073", "code": 5204, "fclass": "crossing", "name": null }, "geometry": { "type": "Point", "coordinates": [ 79.8437942, 6.9329898 ] } },
{ "type": "Feature", "properties": { "osm_id": "2760208293", "code": 5204, "fclass": "crossing", "name": "Seewali Mawatha" }, "geometry": { "type": "Point", "coordinates": [ 79.9742512, 6.9196579 ] } },
{ "type": "Feature", "properties": { "osm_id": "2826701481", "code": 5204, "fclass": "crossing", "name": null }, "geometry": { "type": "Point", "coordinates": [ 79.8682451, 6.8914135 ] } },
{ "type": "Feature", "properties": { "osm_id": "2920066791", "code": 5204, "fclass": "crossing", "name": null }, "geometry": { "type": "Point", "coordinates": [ 79.9803046, 6.517406 ] } },
{ "type": "Feature", "properties": { "osm_id": "2966142384", "code": 5204, "fclass": "crossing", "name": null }, "geometry": { "type": "Point", "coordinates": [ 79.9420444, 6.9922335 ] } },
{ "type": "Feature", "properties": { "osm_id": "2966142386", "code": 5204, "fclass": "crossing", "name": null }, "geometry": { "type": "Point", "coordinates": [ 79.9420006, 6.9923059 ] } },
{ "type": "Feature", "properties": { "osm_id": "2966142394", "code": 5204, "fclass": "crossing", "name": null }, "geometry": { "type": "Point", "coordinates": [ 79.9434629, 6.9930683 ] } },
{ "type": "Feature", "properties": { "osm_id": "2966142402", "code": 5204, "fclass": "crossing", "name": null }, "geometry": { "type": "Point", "coordinates": [ 79.9456717, 6.9947538 ] } },
{ "type": "Feature", "properties": { "osm_id": "2966142403", "code": 5204, "fclass": "crossing", "name": null }, "geometry": { "type": "Point", "coordinates": [ 79.9456241, 6.994822 ] } },
{ "type": "Feature", "properties": { "osm_id": "2966142448", "code": 5204, "fclass": "crossing", "name": null }, "geometry": { "type": "Point", "coordinates": [ 79.949104, 7.0005657 ] } },
{ "type": "Feature", "properties": { "osm_id": "2966142490", "code": 5204, "fclass": "crossing", "name": null }, "geometry": { "type": "Point", "coordinates": [ 79.9552058, 7.0028372 ] } },
{ "type": "Feature", "properties": { "osm_id": "2966142511", "code": 5204, "fclass": "crossing", "name": null }, "geometry": { "type": "Point", "coordinates": [ 79.9566519, 7.0043686 ] } },
{ "type": "Feature", "properties": { "osm_id": "2966142512", "code": 5204, "fclass": "crossing", "name": null }, "geometry": { "type": "Point", "coordinates": [ 79.9565654, 7.0043672 ] } },
{ "type": "Feature", "properties": { "osm_id": "2966142517", "code": 5204, "fclass": "crossing", "name": null }, "geometry": { "type": "Point", "coordinates": [ 79.9565882, 7.0050333 ] } },
{ "type": "Feature", "properties": { "osm_id": "2966142519", "code": 5204, "fclass": "crossing", "name": null }, "geometry": { "type": "Point", "coordinates": [ 79.9566751, 7.0050133 ] } },
{ "type": "Feature", "properties": { "osm_id": "2974092985", "code": 5204, "fclass": "crossing", "name": null }, "geometry": { "type": "Point", "coordinates": [ 79.9286476, 6.8924994 ] } },
{ "type": "Feature", "properties": { "osm_id": "2974097192", "code": 5204, "fclass": "crossing", "name": null }, "geometry": { "type": "Point", "coordinates": [ 79.9320147, 6.8879623 ] } },
{ "type": "Feature", "properties": { "osm_id": "2984084128", "code": 5204, "fclass": "crossing", "name": null }, "geometry": { "type": "Point", "coordinates": [ 79.9391654, 6.8710675 ] } },
{ "type": "Feature", "properties": { "osm_id": "3073680177", "code": 5204, "fclass": "crossing", "name": null }, "geometry": { "type": "Point", "coordinates": [ 79.8636835, 6.9289338 ] } },
{ "type": "Feature", "properties": { "osm_id": "3136338272", "code": 5204, "fclass": "crossing", "name": null }, "geometry": { "type": "Point", "coordinates": [ 79.8649022, 6.9160258 ] } },
{ "type": "Feature", "properties": { "osm_id": "3141171380", "code": 5204, "fclass": "crossing", "name": null }, "geometry": { "type": "Point", "coordinates": [ 79.8466949, 6.9365623 ] } },
{ "type": "Feature", "properties": { "osm_id": "3141171384", "code": 5204, "fclass": "crossing", "name": null }, "geometry": { "type": "Point", "coordinates": [ 79.8469798, 6.9341917 ] } },
{ "type": "Feature", "properties": { "osm_id": "3143189934", "code": 5204, "fclass": "crossing", "name": null }, "geometry": { "type": "Point", "coordinates": [ 79.9019269, 6.8838001 ] } },
{ "type": "Feature", "properties": { "osm_id": "3150394233", "code": 5204, "fclass": "crossing", "name": null }, "geometry": { "type": "Point", "coordinates": [ 79.8720985, 6.9202882 ] } },
{ "type": "Feature", "properties": { "osm_id": "3155499869", "code": 5204, "fclass": "crossing", "name": null }, "geometry": { "type": "Point", "coordinates": [ 79.9434049, 6.9931285 ] } },
{ "type": "Feature", "properties": { "osm_id": "3155509689", "code": 5204, "fclass": "crossing", "name": null }, "geometry": { "type": "Point", "coordinates": [ 79.968818, 6.88566 ] } },
{ "type": "Feature", "properties": { "osm_id": "3164258588", "code": 5204, "fclass": "crossing", "name": null }, "geometry": { "type": "Point", "coordinates": [ 79.8422107, 6.9309461 ] } },
{ "type": "Feature", "properties": { "osm_id": "3164317406", "code": 5204, "fclass": "crossing", "name": null }, "geometry": { "type": "Point", "coordinates": [ 79.8513333, 6.9133468 ] } },
{ "type": "Feature", "properties": { "osm_id": "3164337527", "code": 5204, "fclass": "crossing", "name": null }, "geometry": { "type": "Point", "coordinates": [ 79.864808, 6.9160253 ] } },
{ "type": "Feature", "properties": { "osm_id": "3164337539", "code": 5204, "fclass": "crossing", "name": null }, "geometry": { "type": "Point", "coordinates": [ 79.8650736, 6.9172237 ] } },
{ "type": "Feature", "properties": { "osm_id": "3164346855", "code": 5204, "fclass": "crossing", "name": null }, "geometry": { "type": "Point", "coordinates": [ 79.8637504, 6.9174204 ] } },
{ "type": "Feature", "properties": { "osm_id": "3164356592", "code": 5204, "fclass": "crossing", "name": null }, "geometry": { "type": "Point", "coordinates": [ 79.8641371, 6.911667 ] } },
{ "type": "Feature", "properties": { "osm_id": "3164393625", "code": 5204, "fclass": "crossing", "name": null }, "geometry": { "type": "Point", "coordinates": [ 79.8530163, 6.912666 ] } },
{ "type": "Feature", "properties": { "osm_id": "3164393668", "code": 5204, "fclass": "crossing", "name": null }, "geometry": { "type": "Point", "coordinates": [ 79.8557436, 6.9119239 ] } },
{ "type": "Feature", "properties": { "osm_id": "3166474151", "code": 5204, "fclass": "crossing", "name": null }, "geometry": { "type": "Point", "coordinates": [ 79.8662195, 6.9170403 ] } },
{ "type": "Feature", "properties": { "osm_id": "3169294172", "code": 5204, "fclass": "crossing", "name": null }, "geometry": { "type": "Point", "coordinates": [ 79.8775122, 6.9505031 ] } },
{ "type": "Feature", "properties": { "osm_id": "3169294176", "code": 5204, "fclass": "crossing", "name": null }, "geometry": { "type": "Point", "coordinates": [ 79.8775108, 6.9504312 ] } },
{ "type": "Feature", "properties": { "osm_id": "3169297687", "code": 5204, "fclass": "crossing", "name": null }, "geometry": { "type": "Point", "coordinates": [ 79.8784783, 6.9458552 ] } },
{ "type": "Feature", "properties": { "osm_id": "3169297688", "code": 5204, "fclass": "crossing", "name": null }, "geometry": { "type": "Point", "coordinates": [ 79.8784326, 6.948312 ] } },
{ "type": "Feature", "properties": { "osm_id": "3169297689", "code": 5204, "fclass": "crossing", "name": null }, "geometry": { "type": "Point", "coordinates": [ 79.8785268, 6.9483044 ] } },
{ "type": "Feature", "properties": { "osm_id": "3169297690", "code": 5204, "fclass": "crossing", "name": null }, "geometry": { "type": "Point", "coordinates": [ 79.8783834, 6.9458775 ] } },
{ "type": "Feature", "properties": { "osm_id": "3169306461", "code": 5204, "fclass": "crossing", "name": null }, "geometry": { "type": "Point", "coordinates": [ 79.8810562, 6.953426 ] } },
{ "type": "Feature", "properties": { "osm_id": "3169306462", "code": 5204, "fclass": "crossing", "name": null }, "geometry": { "type": "Point", "coordinates": [ 79.881122, 6.9533707 ] } },
{ "type": "Feature", "properties": { "osm_id": "3170438563", "code": 5204, "fclass": "crossing", "name": null }, "geometry": { "type": "Point", "coordinates": [ 79.9620723, 6.8423788 ] } },
{ "type": "Feature", "properties": { "osm_id": "3172209317", "code": 5204, "fclass": "crossing", "name": null }, "geometry": { "type": "Point", "coordinates": [ 79.8814235, 6.911096 ] } },
{ "type": "Feature", "properties": { "osm_id": "3172209320", "code": 5204, "fclass": "crossing", "name": null }, "geometry": { "type": "Point", "coordinates": [ 79.8813991, 6.9108902 ] } },
{ "type": "Feature", "properties": { "osm_id": "3172209321", "code": 5204, "fclass": "crossing", "name": null }, "geometry": { "type": "Point", "coordinates": [ 79.8814532, 6.9111968 ] } },
{ "type": "Feature", "properties": { "osm_id": "3172209416", "code": 5204, "fclass": "crossing", "name": null }, "geometry": { "type": "Point", "coordinates": [ 79.8852203, 6.9110282 ] } },
{ "type": "Feature", "properties": { "osm_id": "3172209417", "code": 5204, "fclass": "crossing", "name": null }, "geometry": { "type": "Point", "coordinates": [ 79.8852194, 6.9109108 ] } },
{ "type": "Feature", "properties": { "osm_id": "3177778553", "code": 5204, "fclass": "crossing", "name": null }, "geometry": { "type": "Point", "coordinates": [ 80.1571418, 7.1997771 ] } },
{ "type": "Feature", "properties": { "osm_id": "3177791996", "code": 5204, "fclass": "crossing", "name": null }, "geometry": { "type": "Point", "coordinates": [ 80.1487017, 7.1842826 ] } },
{ "type": "Feature", "properties": { "osm_id": "3186384227", "code": 5204, "fclass": "crossing", "name": null }, "geometry": { "type": "Point", "coordinates": [ 79.8605228, 6.9556624 ] } },
{ "type": "Feature", "properties": { "osm_id": "3186392222", "code": 5204, "fclass": "crossing", "name": null }, "geometry": { "type": "Point", "coordinates": [ 79.8583583, 6.9529323 ] } },
{ "type": "Feature", "properties": { "osm_id": "3186392657", "code": 5204, "fclass": "crossing", "name": null }, "geometry": { "type": "Point", "coordinates": [ 79.8587605, 6.949289 ] } },
{ "type": "Feature", "properties": { "osm_id": "3186396757", "code": 5204, "fclass": "crossing", "name": null }, "geometry": { "type": "Point", "coordinates": [ 79.8563674, 6.9465584 ] } },
{ "type": "Feature", "properties": { "osm_id": "3186396758", "code": 5204, "fclass": "crossing", "name": null }, "geometry": { "type": "Point", "coordinates": [ 79.8567536, 6.9467278 ] } },
{ "type": "Feature", "properties": { "osm_id": "3186396759", "code": 5204, "fclass": "crossing", "name": null }, "geometry": { "type": "Point", "coordinates": [ 79.8565084, 6.9470373 ] } },
{ "type": "Feature", "properties": { "osm_id": "3186403683", "code": 5204, "fclass": "crossing", "name": null }, "geometry": { "type": "Point", "coordinates": [ 79.853176, 6.9408476 ] } },
{ "type": "Feature", "properties": { "osm_id": "3186505823", "code": 5204, "fclass": "crossing", "name": null }, "geometry": { "type": "Point", "coordinates": [ 79.8464269, 6.9374531 ] } },
{ "type": "Feature", "properties": { "osm_id": "3187945986", "code": 5204, "fclass": "crossing", "name": null }, "geometry": { "type": "Point", "coordinates": [ 79.8549739, 6.9398862 ] } },
{ "type": "Feature", "properties": { "osm_id": "3187956577", "code": 5204, "fclass": "crossing", "name": null }, "geometry": { "type": "Point", "coordinates": [ 79.8650961, 6.9173248 ] } },
{ "type": "Feature", "properties": { "osm_id": "3187956578", "code": 5204, "fclass": "crossing", "name": null }, "geometry": { "type": "Point", "coordinates": [ 79.8691934, 6.9164049 ] } },
{ "type": "Feature", "properties": { "osm_id": "3187956579", "code": 5204, "fclass": "crossing", "name": null }, "geometry": { "type": "Point", "coordinates": [ 79.8649565, 6.9175793 ] } },
{ "type": "Feature", "properties": { "osm_id": "3187956581", "code": 5204, "fclass": "crossing", "name": null }, "geometry": { "type": "Point", "coordinates": [ 79.87085, 6.9160541 ] } },
{ "type": "Feature", "properties": { "osm_id": "3187957378", "code": 5204, "fclass": "crossing", "name": null }, "geometry": { "type": "Point", "coordinates": [ 79.8623592, 6.9183011 ] } },
{ "type": "Feature", "properties": { "osm_id": "3187957380", "code": 5204, "fclass": "crossing", "name": null }, "geometry": { "type": "Point", "coordinates": [ 79.8623097, 6.918221 ] } },
{ "type": "Feature", "properties": { "osm_id": "3187963588", "code": 5204, "fclass": "crossing", "name": null }, "geometry": { "type": "Point", "coordinates": [ 79.8492331, 6.9278896 ] } },
{ "type": "Feature", "properties": { "osm_id": "3187963590", "code": 5204, "fclass": "crossing", "name": null }, "geometry": { "type": "Point", "coordinates": [ 79.8493409, 6.9279966 ] } },
{ "type": "Feature", "properties": { "osm_id": "3191459361", "code": 5204, "fclass": "crossing", "name": null }, "geometry": { "type": "Point", "coordinates": [ 79.8675389, 6.9580829 ] } },
{ "type": "Feature", "properties": { "osm_id": "3191506637", "code": 5204, "fclass": "crossing", "name": null }, "geometry": { "type": "Point", "coordinates": [ 79.8645467, 6.92042 ] } },
{ "type": "Feature", "properties": { "osm_id": "3191512761", "code": 5204, "fclass": "crossing", "name": null }, "geometry": { "type": "Point", "coordinates": [ 79.8710212, 6.9210922 ] } },
{ "type": "Feature", "properties": { "osm_id": "3191697344", "code": 5204, "fclass": "crossing", "name": null }, "geometry": { "type": "Point", "coordinates": [ 79.8711296, 6.9214442 ] } },
{ "type": "Feature", "properties": { "osm_id": "3191709664", "code": 5204, "fclass": "crossing", "name": null }, "geometry": { "type": "Point", "coordinates": [ 79.8647209, 6.9336711 ] } },
{ "type": "Feature", "properties": { "osm_id": "3191709665", "code": 5204, "fclass": "crossing", "name": null }, "geometry": { "type": "Point", "coordinates": [ 79.8630761, 6.9329856 ] } },
{ "type": "Feature", "properties": { "osm_id": "3191709666", "code": 5204, "fclass": "crossing", "name": null }, "geometry": { "type": "Point", "coordinates": [ 79.8624659, 6.9329731 ] } },
{ "type": "Feature", "properties": { "osm_id": "3191715075", "code": 5204, "fclass": "crossing", "name": null }, "geometry": { "type": "Point", "coordinates": [ 79.8616106, 6.9343729 ] } },
{ "type": "Feature", "properties": { "osm_id": "3191723182", "code": 5204, "fclass": "crossing", "name": null }, "geometry": { "type": "Point", "coordinates": [ 79.8605328, 6.9366411 ] } },
{ "type": "Feature", "properties": { "osm_id": "3191723183", "code": 5204, "fclass": "crossing", "name": null }, "geometry": { "type": "Point", "coordinates": [ 79.8597284, 6.9346086 ] } },
{ "type": "Feature", "properties": { "osm_id": "3191723184", "code": 5204, "fclass": "crossing", "name": null }, "geometry": { "type": "Point", "coordinates": [ 79.8603189, 6.9359905 ] } },
{ "type": "Feature", "properties": { "osm_id": "3199141120", "code": 5204, "fclass": "crossing", "name": null }, "geometry": { "type": "Point", "coordinates": [ 79.8809417, 6.960259 ] } },
{ "type": "Feature", "properties": { "osm_id": "3199141121", "code": 5204, "fclass": "crossing", "name": null }, "geometry": { "type": "Point", "coordinates": [ 79.8805454, 6.9606446 ] } },
{ "type": "Feature", "properties": { "osm_id": "3199141122", "code": 5204, "fclass": "crossing", "name": null }, "geometry": { "type": "Point", "coordinates": [ 79.8804903, 6.9608326 ] } },
{ "type": "Feature", "properties": { "osm_id": "3199141123", "code": 5204, "fclass": "crossing", "name": null }, "geometry": { "type": "Point", "coordinates": [ 79.881093, 6.9603125 ] } },
{ "type": "Feature", "properties": { "osm_id": "3199141124", "code": 5204, "fclass": "crossing", "name": null }, "geometry": { "type": "Point", "coordinates": [ 79.8812379, 6.961149 ] } },
{ "type": "Feature", "properties": { "osm_id": "3199141125", "code": 5204, "fclass": "crossing", "name": null }, "geometry": { "type": "Point", "coordinates": [ 79.8811296, 6.961187 ] } },
{ "type": "Feature", "properties": { "osm_id": "3204151406", "code": 5204, "fclass": "crossing", "name": null }, "geometry": { "type": "Point", "coordinates": [ 79.9955891, 6.8469544 ] } },
{ "type": "Feature", "properties": { "osm_id": "3204151430", "code": 5204, "fclass": "crossing", "name": null }, "geometry": { "type": "Point", "coordinates": [ 79.9972224, 6.8470181 ] } },
{ "type": "Feature", "properties": { "osm_id": "3206095321", "code": 5204, "fclass": "crossing", "name": null }, "geometry": { "type": "Point", "coordinates": [ 80.0044347, 7.0685957 ] } },
{ "type": "Feature", "properties": { "osm_id": "3206130188", "code": 5204, "fclass": "crossing", "name": null }, "geometry": { "type": "Point", "coordinates": [ 80.0131629, 6.9871432 ] } },
{ "type": "Feature", "properties": { "osm_id": "3217294323", "code": 5204, "fclass": "crossing", "name": null }, "geometry": { "type": "Point", "coordinates": [ 79.9841407, 6.935476 ] } },
{ "type": "Feature", "properties": { "osm_id": "3241328212", "code": 5204, "fclass": "crossing", "name": null }, "geometry": { "type": "Point", "coordinates": [ 79.8495067, 6.9376602 ] } },
{ "type": "Feature", "properties": { "osm_id": "3250764626", "code": 5204, "fclass": "crossing", "name": null }, "geometry": { "type": "Point", "coordinates": [ 80.0110311, 7.1077898 ] } },
{ "type": "Feature", "properties": { "osm_id": "3250764645", "code": 5204, "fclass": "crossing", "name": null }, "geometry": { "type": "Point", "coordinates": [ 80.0109602, 7.1078364 ] } },
{ "type": "Feature", "properties": { "osm_id": "3274468066", "code": 5204, "fclass": "crossing", "name": null }, "geometry": { "type": "Point", "coordinates": [ 79.8603437, 6.8961675 ] } },
{ "type": "Feature", "properties": { "osm_id": "3274468069", "code": 5204, "fclass": "crossing", "name": null }, "geometry": { "type": "Point", "coordinates": [ 79.8599549, 6.8966833 ] } },
{ "type": "Feature", "properties": { "osm_id": "3287505921", "code": 5204, "fclass": "crossing", "name": null }, "geometry": { "type": "Point", "coordinates": [ 79.9965343, 6.4437657 ] } },
{ "type": "Feature", "properties": { "osm_id": "3287524069", "code": 5204, "fclass": "crossing", "name": null }, "geometry": { "type": "Point", "coordinates": [ 79.993398, 6.4514073 ] } },
{ "type": "Feature", "properties": { "osm_id": "3287524099", "code": 5204, "fclass": "crossing", "name": null }, "geometry": { "type": "Point", "coordinates": [ 79.9922176, 6.4543128 ] } },
{ "type": "Feature", "properties": { "osm_id": "3289499609", "code": 5204, "fclass": "crossing", "name": "Rail Gate" }, "geometry": { "type": "Point", "coordinates": [ 79.9918902, 7.0910817 ] } },
{ "type": "Feature", "properties": { "osm_id": "3289499610", "code": 5204, "fclass": "crossing", "name": "Rail Gate" }, "geometry": { "type": "Point", "coordinates": [ 79.9917824, 7.0909304 ] } },
{ "type": "Feature", "properties": { "osm_id": "3289502251", "code": 5204, "fclass": "crossing", "name": null }, "geometry": { "type": "Point", "coordinates": [ 79.9931621, 7.0903766 ] } },
{ "type": "Feature", "properties": { "osm_id": "3289502986", "code": 5204, "fclass": "crossing", "name": null }, "geometry": { "type": "Point", "coordinates": [ 79.9810559, 7.1263866 ] } },
{ "type": "Feature", "properties": { "osm_id": "3289502987", "code": 5204, "fclass": "crossing", "name": null }, "geometry": { "type": "Point", "coordinates": [ 79.9809205, 7.1258742 ] } },
{ "type": "Feature", "properties": { "osm_id": "3289502989", "code": 5204, "fclass": "crossing", "name": null }, "geometry": { "type": "Point", "coordinates": [ 79.9814495, 7.1254635 ] } },
{ "type": "Feature", "properties": { "osm_id": "3289503409", "code": 5204, "fclass": "crossing", "name": null }, "geometry": { "type": "Point", "coordinates": [ 79.994005, 7.0905696 ] } },
{ "type": "Feature", "properties": { "osm_id": "3289503410", "code": 5204, "fclass": "crossing", "name": null }, "geometry": { "type": "Point", "coordinates": [ 79.989677, 7.0928032 ] } },
{ "type": "Feature", "properties": { "osm_id": "3289503411", "code": 5204, "fclass": "crossing", "name": null }, "geometry": { "type": "Point", "coordinates": [ 79.9937341, 7.0898204 ] } },
{ "type": "Feature", "properties": { "osm_id": "3289503413", "code": 5204, "fclass": "crossing", "name": null }, "geometry": { "type": "Point", "coordinates": [ 79.9947228, 7.0915177 ] } },
{ "type": "Feature", "properties": { "osm_id": "3289503414", "code": 5204, "fclass": "crossing", "name": null }, "geometry": { "type": "Point", "coordinates": [ 79.9903905, 7.0921868 ] } },
{ "type": "Feature", "properties": { "osm_id": "3289503415", "code": 5204, "fclass": "crossing", "name": null }, "geometry": { "type": "Point", "coordinates": [ 79.990303, 7.0931848 ] } },
{ "type": "Feature", "properties": { "osm_id": "3289523301", "code": 5204, "fclass": "crossing", "name": null }, "geometry": { "type": "Point", "coordinates": [ 79.990882, 7.0767442 ] } },
{ "type": "Feature", "properties": { "osm_id": "3289523302", "code": 5204, "fclass": "crossing", "name": null }, "geometry": { "type": "Point", "coordinates": [ 79.989935, 7.0780806 ] } },
{ "type": "Feature", "properties": { "osm_id": "3292818043", "code": 5204, "fclass": "crossing", "name": null }, "geometry": { "type": "Point", "coordinates": [ 79.9545416, 6.9041001 ] } },
{ "type": "Feature", "properties": { "osm_id": "3301691447", "code": 5204, "fclass": "crossing", "name": null }, "geometry": { "type": "Point", "coordinates": [ 79.9293504, 6.8898823 ] } },
{ "type": "Feature", "properties": { "osm_id": "3324639386", "code": 5204, "fclass": "crossing", "name": null }, "geometry": { "type": "Point", "coordinates": [ 79.8847115, 6.9437648 ] } },
{ "type": "Feature", "properties": { "osm_id": "3324639403", "code": 5204, "fclass": "crossing", "name": null }, "geometry": { "type": "Point", "coordinates": [ 79.8847117, 6.9439968 ] } },
{ "type": "Feature", "properties": { "osm_id": "3324639411", "code": 5204, "fclass": "crossing", "name": null }, "geometry": { "type": "Point", "coordinates": [ 79.884816, 6.9439408 ] } },
{ "type": "Feature", "properties": { "osm_id": "3324639413", "code": 5204, "fclass": "crossing", "name": null }, "geometry": { "type": "Point", "coordinates": [ 79.8847738, 6.9439635 ] } },
{ "type": "Feature", "properties": { "osm_id": "3339673502", "code": 5204, "fclass": "crossing", "name": null }, "geometry": { "type": "Point", "coordinates": [ 79.8495262, 6.936915 ] } },
{ "type": "Feature", "properties": { "osm_id": "3340405332", "code": 5204, "fclass": "crossing", "name": null }, "geometry": { "type": "Point", "coordinates": [ 79.8770903, 6.8984793 ] } },
{ "type": "Feature", "properties": { "osm_id": "3340405333", "code": 5204, "fclass": "crossing", "name": null }, "geometry": { "type": "Point", "coordinates": [ 79.8772063, 6.8984732 ] } },
{ "type": "Feature", "properties": { "osm_id": "3340406923", "code": 5204, "fclass": "crossing", "name": null }, "geometry": { "type": "Point", "coordinates": [ 79.8773043, 6.902223 ] } },
{ "type": "Feature", "properties": { "osm_id": "3340406924", "code": 5204, "fclass": "crossing", "name": null }, "geometry": { "type": "Point", "coordinates": [ 79.8771887, 6.9022308 ] } },
{ "type": "Feature", "properties": { "osm_id": "3343766423", "code": 5204, "fclass": "crossing", "name": null }, "geometry": { "type": "Point", "coordinates": [ 79.8419132, 6.9317822 ] } },
{ "type": "Feature", "properties": { "osm_id": "3347060832", "code": 5204, "fclass": "crossing", "name": null }, "geometry": { "type": "Point", "coordinates": [ 79.9288755, 6.9065196 ] } },
{ "type": "Feature", "properties": { "osm_id": "3354645310", "code": 5204, "fclass": "crossing", "name": null }, "geometry": { "type": "Point", "coordinates": [ 79.8871554, 6.8860598 ] } },
{ "type": "Feature", "properties": { "osm_id": "3354661033", "code": 5204, "fclass": "crossing", "name": null }, "geometry": { "type": "Point", "coordinates": [ 79.8845136, 6.8669643 ] } },
{ "type": "Feature", "properties": { "osm_id": "3365455062", "code": 5204, "fclass": "crossing", "name": null }, "geometry": { "type": "Point", "coordinates": [ 79.8914098, 6.9886263 ] } },
{ "type": "Feature", "properties": { "osm_id": "3365511304", "code": 5204, "fclass": "crossing", "name": null }, "geometry": { "type": "Point", "coordinates": [ 79.8649124, 6.9078658 ] } },
{ "type": "Feature", "properties": { "osm_id": "3365511307", "code": 5204, "fclass": "crossing", "name": null }, "geometry": { "type": "Point", "coordinates": [ 79.8651135, 6.9084086 ] } },
{ "type": "Feature", "properties": { "osm_id": "3365559181", "code": 5204, "fclass": "crossing", "name": null }, "geometry": { "type": "Point", "coordinates": [ 79.9516764, 7.170918 ] } },
{ "type": "Feature", "properties": { "osm_id": "3365621892", "code": 5204, "fclass": "crossing", "name": null }, "geometry": { "type": "Point", "coordinates": [ 79.8879583, 7.1739297 ] } },
{ "type": "Feature", "properties": { "osm_id": "3384020355", "code": 5204, "fclass": "crossing", "name": null }, "geometry": { "type": "Point", "coordinates": [ 79.8741788, 6.9181746 ] } },
{ "type": "Feature", "properties": { "osm_id": "3384207073", "code": 5204, "fclass": "crossing", "name": null }, "geometry": { "type": "Point", "coordinates": [ 79.877722, 6.9179449 ] } },
{ "type": "Feature", "properties": { "osm_id": "3384207075", "code": 5204, "fclass": "crossing", "name": null }, "geometry": { "type": "Point", "coordinates": [ 79.8774347, 6.9075794 ] } },
{ "type": "Feature", "properties": { "osm_id": "3384207076", "code": 5204, "fclass": "crossing", "name": null }, "geometry": { "type": "Point", "coordinates": [ 79.8773197, 6.9075814 ] } },
{ "type": "Feature", "properties": { "osm_id": "3384207077", "code": 5204, "fclass": "crossing", "name": null }, "geometry": { "type": "Point", "coordinates": [ 79.8776124, 6.9179461 ] } },
{ "type": "Feature", "properties": { "osm_id": "3419369916", "code": 5204, "fclass": "crossing", "name": null }, "geometry": { "type": "Point", "coordinates": [ 80.1676264, 6.9376862 ] } },
{ "type": "Feature", "properties": { "osm_id": "3420859193", "code": 5204, "fclass": "crossing", "name": null }, "geometry": { "type": "Point", "coordinates": [ 80.1829511, 6.9357523 ] } },
{ "type": "Feature", "properties": { "osm_id": "3421059736", "code": 5204, "fclass": "crossing", "name": null }, "geometry": { "type": "Point", "coordinates": [ 79.9276917, 6.6652709 ] } },
{ "type": "Feature", "properties": { "osm_id": "3421111607", "code": 5204, "fclass": "crossing", "name": null }, "geometry": { "type": "Point", "coordinates": [ 79.9286484, 6.6682172 ] } },
{ "type": "Feature", "properties": { "osm_id": "3425048788", "code": 5204, "fclass": "crossing", "name": null }, "geometry": { "type": "Point", "coordinates": [ 79.9994316, 6.4294199 ] } },
{ "type": "Feature", "properties": { "osm_id": "3425048797", "code": 5204, "fclass": "crossing", "name": null }, "geometry": { "type": "Point", "coordinates": [ 79.999914, 6.4296927 ] } },
{ "type": "Feature", "properties": { "osm_id": "3477883917", "code": 5204, "fclass": "crossing", "name": null }, "geometry": { "type": "Point", "coordinates": [ 79.9613695, 7.0683911 ] } },
{ "type": "Feature", "properties": { "osm_id": "3477921634", "code": 5204, "fclass": "crossing", "name": null }, "geometry": { "type": "Point", "coordinates": [ 79.9495202, 7.0020698 ] } },
{ "type": "Feature", "properties": { "osm_id": "3477921635", "code": 5204, "fclass": "crossing", "name": null }, "geometry": { "type": "Point", "coordinates": [ 79.9562495, 7.0046936 ] } },
{ "type": "Feature", "properties": { "osm_id": "3477921662", "code": 5204, "fclass": "crossing", "name": null }, "geometry": { "type": "Point", "coordinates": [ 79.9545438, 7.0047465 ] } },
{ "type": "Feature", "properties": { "osm_id": "3477921664", "code": 5204, "fclass": "crossing", "name": null }, "geometry": { "type": "Point", "coordinates": [ 79.9538854, 7.0047663 ] } },
{ "type": "Feature", "properties": { "osm_id": "3477921680", "code": 5204, "fclass": "crossing", "name": null }, "geometry": { "type": "Point", "coordinates": [ 79.9503911, 7.0033015 ] } },
{ "type": "Feature", "properties": { "osm_id": "3477934006", "code": 5204, "fclass": "crossing", "name": null }, "geometry": { "type": "Point", "coordinates": [ 79.9497849, 7.0008642 ] } },
{ "type": "Feature", "properties": { "osm_id": "3478155233", "code": 5204, "fclass": "crossing", "name": null }, "geometry": { "type": "Point", "coordinates": [ 79.8955851, 6.9081732 ] } },
{ "type": "Feature", "properties": { "osm_id": "3490010574", "code": 5204, "fclass": "crossing", "name": null }, "geometry": { "type": "Point", "coordinates": [ 79.8553688, 6.893923 ] } },
{ "type": "Feature", "properties": { "osm_id": "3499412916", "code": 5204, "fclass": "crossing", "name": null }, "geometry": { "type": "Point", "coordinates": [ 79.9721705, 6.9129723 ] } },
{ "type": "Feature", "properties": { "osm_id": "3499550804", "code": 5204, "fclass": "crossing", "name": null }, "geometry": { "type": "Point", "coordinates": [ 79.9749669, 6.9212348 ] } },
{ "type": "Feature", "properties": { "osm_id": "3500232215", "code": 5204, "fclass": "crossing", "name": null }, "geometry": { "type": "Point", "coordinates": [ 79.9696484, 6.9088544 ] } },
{ "type": "Feature", "properties": { "osm_id": "3500233695", "code": 5204, "fclass": "crossing", "name": null }, "geometry": { "type": "Point", "coordinates": [ 79.9721865, 6.9143699 ] } },
{ "type": "Feature", "properties": { "osm_id": "3500233696", "code": 5204, "fclass": "crossing", "name": null }, "geometry": { "type": "Point", "coordinates": [ 79.9723936, 6.9159018 ] } },
{ "type": "Feature", "properties": { "osm_id": "3502135115", "code": 5204, "fclass": "crossing", "name": null }, "geometry": { "type": "Point", "coordinates": [ 79.8867931, 6.9116484 ] } },
{ "type": "Feature", "properties": { "osm_id": "3502135116", "code": 5204, "fclass": "crossing", "name": null }, "geometry": { "type": "Point", "coordinates": [ 79.8868127, 6.9117181 ] } },
{ "type": "Feature", "properties": { "osm_id": "3507498003", "code": 5204, "fclass": "crossing", "name": null }, "geometry": { "type": "Point", "coordinates": [ 79.9790919, 6.9256101 ] } },
{ "type": "Feature", "properties": { "osm_id": "3507535263", "code": 5204, "fclass": "crossing", "name": null }, "geometry": { "type": "Point", "coordinates": [ 79.9524222, 6.9383127 ] } },
{ "type": "Feature", "properties": { "osm_id": "3529920282", "code": 5204, "fclass": "crossing", "name": null }, "geometry": { "type": "Point", "coordinates": [ 79.907617, 6.9032231 ] } },
{ "type": "Feature", "properties": { "osm_id": "3531016717", "code": 5204, "fclass": "crossing", "name": "Rail Gate" }, "geometry": { "type": "Point", "coordinates": [ 79.877997, 6.9269351 ] } },
{ "type": "Feature", "properties": { "osm_id": "3537455290", "code": 5204, "fclass": "crossing", "name": null }, "geometry": { "type": "Point", "coordinates": [ 79.9223097, 6.6796757 ] } },
{ "type": "Feature", "properties": { "osm_id": "3537455594", "code": 5204, "fclass": "crossing", "name": null }, "geometry": { "type": "Point", "coordinates": [ 79.9212452, 6.6816558 ] } },
{ "type": "Feature", "properties": { "osm_id": "3537457055", "code": 5204, "fclass": "crossing", "name": null }, "geometry": { "type": "Point", "coordinates": [ 79.9246383, 6.6751269 ] } },
{ "type": "Feature", "properties": { "osm_id": "3537457367", "code": 5204, "fclass": "crossing", "name": null }, "geometry": { "type": "Point", "coordinates": [ 79.9275143, 6.6701441 ] } },
{ "type": "Feature", "properties": { "osm_id": "3537457368", "code": 5204, "fclass": "crossing", "name": null }, "geometry": { "type": "Point", "coordinates": [ 79.9274539, 6.6701233 ] } },
{ "type": "Feature", "properties": { "osm_id": "3537463159", "code": 5204, "fclass": "crossing", "name": null }, "geometry": { "type": "Point", "coordinates": [ 79.9285997, 6.668203 ] } },
{ "type": "Feature", "properties": { "osm_id": "3537463163", "code": 5204, "fclass": "crossing", "name": null }, "geometry": { "type": "Point", "coordinates": [ 79.9304667, 6.6640908 ] } },
{ "type": "Feature", "properties": { "osm_id": "3537463164", "code": 5204, "fclass": "crossing", "name": null }, "geometry": { "type": "Point", "coordinates": [ 79.9338996, 6.6574799 ] } },
{ "type": "Feature", "properties": { "osm_id": "3538138495", "code": 5204, "fclass": "crossing", "name": null }, "geometry": { "type": "Point", "coordinates": [ 79.8607939, 6.9320532 ] } },
{ "type": "Feature", "properties": { "osm_id": "3538149112", "code": 5204, "fclass": "crossing", "name": null }, "geometry": { "type": "Point", "coordinates": [ 79.8655802, 6.9343247 ] } },
{ "type": "Feature", "properties": { "osm_id": "3540609797", "code": 5204, "fclass": "crossing", "name": null }, "geometry": { "type": "Point", "coordinates": [ 79.964422, 6.8911113 ] } },
{ "type": "Feature", "properties": { "osm_id": "3550884979", "code": 5204, "fclass": "crossing", "name": null }, "geometry": { "type": "Point", "coordinates": [ 79.8834753, 6.9109525 ] } },
{ "type": "Feature", "properties": { "osm_id": "3550884980", "code": 5204, "fclass": "crossing", "name": null }, "geometry": { "type": "Point", "coordinates": [ 79.8835332, 6.9110592 ] } },
{ "type": "Feature", "properties": { "osm_id": "3554373067", "code": 5204, "fclass": "crossing", "name": null }, "geometry": { "type": "Point", "coordinates": [ 79.8928635, 6.9898702 ] } },
{ "type": "Feature", "properties": { "osm_id": "3567518736", "code": 5204, "fclass": "crossing", "name": "Rail Gate" }, "geometry": { "type": "Point", "coordinates": [ 80.0592613, 6.843239 ] } },
{ "type": "Feature", "properties": { "osm_id": "3577124029", "code": 5204, "fclass": "crossing", "name": null }, "geometry": { "type": "Point", "coordinates": [ 79.8462193, 6.9329685 ] } },
{ "type": "Feature", "properties": { "osm_id": "3578422821", "code": 5204, "fclass": "crossing", "name": "Rail Gate" }, "geometry": { "type": "Point", "coordinates": [ 80.1329874, 7.2536389 ] } },
{ "type": "Feature", "properties": { "osm_id": "3589362114", "code": 5204, "fclass": "crossing", "name": null }, "geometry": { "type": "Point", "coordinates": [ 80.1354733, 7.2565737 ] } },
{ "type": "Feature", "properties": { "osm_id": "3592146656", "code": 5204, "fclass": "crossing", "name": null }, "geometry": { "type": "Point", "coordinates": [ 79.8969806, 7.0056214 ] } },
{ "type": "Feature", "properties": { "osm_id": "3593123616", "code": 5204, "fclass": "crossing", "name": null }, "geometry": { "type": "Point", "coordinates": [ 79.8972814, 6.9648105 ] } },
{ "type": "Feature", "properties": { "osm_id": "3593199900", "code": 5204, "fclass": "crossing", "name": null }, "geometry": { "type": "Point", "coordinates": [ 79.9075691, 6.9031469 ] } },
{ "type": "Feature", "properties": { "osm_id": "3600344591", "code": 5204, "fclass": "crossing", "name": null }, "geometry": { "type": "Point", "coordinates": [ 80.1124568, 7.222648 ] } },
{ "type": "Feature", "properties": { "osm_id": "3608398480", "code": 5204, "fclass": "crossing", "name": null }, "geometry": { "type": "Point", "coordinates": [ 79.8434079, 6.9314107 ] } },
{ "type": "Feature", "properties": { "osm_id": "3610863714", "code": 5204, "fclass": "crossing", "name": null }, "geometry": { "type": "Point", "coordinates": [ 79.8468718, 6.9321013 ] } },
{ "type": "Feature", "properties": { "osm_id": "3612862734", "code": 5204, "fclass": "crossing", "name": null }, "geometry": { "type": "Point", "coordinates": [ 79.8525951, 6.9119888 ] } },
{ "type": "Feature", "properties": { "osm_id": "3645522556", "code": 5204, "fclass": "crossing", "name": null }, "geometry": { "type": "Point", "coordinates": [ 79.8619907, 6.9116736 ] } },
{ "type": "Feature", "properties": { "osm_id": "3645522557", "code": 5204, "fclass": "crossing", "name": null }, "geometry": { "type": "Point", "coordinates": [ 79.8619677, 6.9117779 ] } },
{ "type": "Feature", "properties": { "osm_id": "3645522558", "code": 5204, "fclass": "crossing", "name": null }, "geometry": { "type": "Point", "coordinates": [ 79.8584176, 6.9117506 ] } },
{ "type": "Feature", "properties": { "osm_id": "3645522559", "code": 5204, "fclass": "crossing", "name": null }, "geometry": { "type": "Point", "coordinates": [ 79.8641408, 6.911802 ] } },
{ "type": "Feature", "properties": { "osm_id": "3645522560", "code": 5204, "fclass": "crossing", "name": null }, "geometry": { "type": "Point", "coordinates": [ 79.8584204, 6.9118747 ] } },
{ "type": "Feature", "properties": { "osm_id": "3645522562", "code": 5204, "fclass": "crossing", "name": null }, "geometry": { "type": "Point", "coordinates": [ 79.8643918, 6.9141749 ] } },
{ "type": "Feature", "properties": { "osm_id": "3645522563", "code": 5204, "fclass": "crossing", "name": null }, "geometry": { "type": "Point", "coordinates": [ 79.8644488, 6.9142465 ] } },
{ "type": "Feature", "properties": { "osm_id": "3645522715", "code": 5204, "fclass": "crossing", "name": null }, "geometry": { "type": "Point", "coordinates": [ 80.1102187, 7.2196403 ] } },
{ "type": "Feature", "properties": { "osm_id": "3645582154", "code": 5204, "fclass": "crossing", "name": null }, "geometry": { "type": "Point", "coordinates": [ 79.8571488, 6.9118579 ] } },
{ "type": "Feature", "properties": { "osm_id": "3645582157", "code": 5204, "fclass": "crossing", "name": null }, "geometry": { "type": "Point", "coordinates": [ 79.8583203, 6.9138435 ] } },
{ "type": "Feature", "properties": { "osm_id": "3645582158", "code": 5204, "fclass": "crossing", "name": null }, "geometry": { "type": "Point", "coordinates": [ 79.8582737, 6.9139266 ] } },
{ "type": "Feature", "properties": { "osm_id": "3645603980", "code": 5204, "fclass": "crossing", "name": null }, "geometry": { "type": "Point", "coordinates": [ 79.8501971, 6.9096791 ] } },
{ "type": "Feature", "properties": { "osm_id": "3645603981", "code": 5204, "fclass": "crossing", "name": null }, "geometry": { "type": "Point", "coordinates": [ 79.8513021, 6.9120513 ] } },
{ "type": "Feature", "properties": { "osm_id": "3645629483", "code": 5204, "fclass": "crossing", "name": null }, "geometry": { "type": "Point", "coordinates": [ 79.8706882, 6.9349657 ] } },
{ "type": "Feature", "properties": { "osm_id": "3645629485", "code": 5204, "fclass": "crossing", "name": null }, "geometry": { "type": "Point", "coordinates": [ 79.8706784, 6.9350726 ] } },
{ "type": "Feature", "properties": { "osm_id": "3645629486", "code": 5204, "fclass": "crossing", "name": null }, "geometry": { "type": "Point", "coordinates": [ 79.8715348, 6.9351203 ] } },
{ "type": "Feature", "properties": { "osm_id": "3645629487", "code": 5204, "fclass": "crossing", "name": null }, "geometry": { "type": "Point", "coordinates": [ 79.8715156, 6.935219 ] } },
{ "type": "Feature", "properties": { "osm_id": "3645629488", "code": 5204, "fclass": "crossing", "name": null }, "geometry": { "type": "Point", "coordinates": [ 79.8746679, 6.9381922 ] } },
{ "type": "Feature", "properties": { "osm_id": "3645629489", "code": 5204, "fclass": "crossing", "name": null }, "geometry": { "type": "Point", "coordinates": [ 79.8745973, 6.9382417 ] } },
{ "type": "Feature", "properties": { "osm_id": "3645631932", "code": 5204, "fclass": "crossing", "name": null }, "geometry": { "type": "Point", "coordinates": [ 79.8895635, 6.9572296 ] } },
{ "type": "Feature", "properties": { "osm_id": "3645631933", "code": 5204, "fclass": "crossing", "name": null }, "geometry": { "type": "Point", "coordinates": [ 79.8894998, 6.9572819 ] } },
{ "type": "Feature", "properties": { "osm_id": "3645631948", "code": 5204, "fclass": "crossing", "name": null }, "geometry": { "type": "Point", "coordinates": [ 79.8911054, 6.9589567 ] } },
{ "type": "Feature", "properties": { "osm_id": "3645631949", "code": 5204, "fclass": "crossing", "name": null }, "geometry": { "type": "Point", "coordinates": [ 79.8924524, 6.9601313 ] } },
{ "type": "Feature", "properties": { "osm_id": "3645631950", "code": 5204, "fclass": "crossing", "name": null }, "geometry": { "type": "Point", "coordinates": [ 79.8923849, 6.9601925 ] } },
{ "type": "Feature", "properties": { "osm_id": "3646111619", "code": 5204, "fclass": "crossing", "name": null }, "geometry": { "type": "Point", "coordinates": [ 79.8757688, 6.9165505 ] } },
{ "type": "Feature", "properties": { "osm_id": "3646111620", "code": 5204, "fclass": "crossing", "name": null }, "geometry": { "type": "Point", "coordinates": [ 79.8758209, 6.9166071 ] } },
{ "type": "Feature", "properties": { "osm_id": "3646111621", "code": 5204, "fclass": "crossing", "name": null }, "geometry": { "type": "Point", "coordinates": [ 79.8750977, 6.9172151 ] } },
{ "type": "Feature", "properties": { "osm_id": "3646111622", "code": 5204, "fclass": "crossing", "name": null }, "geometry": { "type": "Point", "coordinates": [ 79.8751739, 6.9172787 ] } },
{ "type": "Feature", "properties": { "osm_id": "3646111623", "code": 5204, "fclass": "crossing", "name": null }, "geometry": { "type": "Point", "coordinates": [ 79.8742335, 6.9182291 ] } },
{ "type": "Feature", "properties": { "osm_id": "3646111624", "code": 5204, "fclass": "crossing", "name": null }, "geometry": { "type": "Point", "coordinates": [ 79.8731277, 6.9192399 ] } },
{ "type": "Feature", "properties": { "osm_id": "3646111625", "code": 5204, "fclass": "crossing", "name": null }, "geometry": { "type": "Point", "coordinates": [ 79.8738456, 6.9186038 ] } },
{ "type": "Feature", "properties": { "osm_id": "3646111626", "code": 5204, "fclass": "crossing", "name": null }, "geometry": { "type": "Point", "coordinates": [ 79.8721518, 6.9203412 ] } },
{ "type": "Feature", "properties": { "osm_id": "3646111627", "code": 5204, "fclass": "crossing", "name": null }, "geometry": { "type": "Point", "coordinates": [ 79.8690805, 6.9234015 ] } },
{ "type": "Feature", "properties": { "osm_id": "3646111628", "code": 5204, "fclass": "crossing", "name": null }, "geometry": { "type": "Point", "coordinates": [ 79.8692767, 6.9233331 ] } },
{ "type": "Feature", "properties": { "osm_id": "3646111630", "code": 5204, "fclass": "crossing", "name": null }, "geometry": { "type": "Point", "coordinates": [ 79.8665776, 6.9260095 ] } },
{ "type": "Feature", "properties": { "osm_id": "3646248885", "code": 5204, "fclass": "crossing", "name": null }, "geometry": { "type": "Point", "coordinates": [ 79.9056362, 6.7261714 ] } },
{ "type": "Feature", "properties": { "osm_id": "3646248886", "code": 5204, "fclass": "crossing", "name": null }, "geometry": { "type": "Point", "coordinates": [ 79.9057028, 6.7262333 ] } },
{ "type": "Feature", "properties": { "osm_id": "3669007537", "code": 5204, "fclass": "crossing", "name": "Rail Gate" }, "geometry": { "type": "Point", "coordinates": [ 79.8783281, 6.9368687 ] } },
{ "type": "Feature", "properties": { "osm_id": "3669007538", "code": 5204, "fclass": "crossing", "name": "Rail Gate" }, "geometry": { "type": "Point", "coordinates": [ 79.8780995, 6.9366743 ] } },
{ "type": "Feature", "properties": { "osm_id": "3687639880", "code": 5204, "fclass": "crossing", "name": null }, "geometry": { "type": "Point", "coordinates": [ 80.045825, 7.1399523 ] } },
{ "type": "Feature", "properties": { "osm_id": "3702115050", "code": 5204, "fclass": "crossing", "name": null }, "geometry": { "type": "Point", "coordinates": [ 79.9117182, 6.9031959 ] } },
{ "type": "Feature", "properties": { "osm_id": "3726551214", "code": 5204, "fclass": "crossing", "name": null }, "geometry": { "type": "Point", "coordinates": [ 80.1273819, 6.9012289 ] } },
{ "type": "Feature", "properties": { "osm_id": "3731966519", "code": 5204, "fclass": "crossing", "name": null }, "geometry": { "type": "Point", "coordinates": [ 80.1223768, 6.876037 ] } },
{ "type": "Feature", "properties": { "osm_id": "3732002786", "code": 5204, "fclass": "crossing", "name": null }, "geometry": { "type": "Point", "coordinates": [ 80.1253347, 6.8993058 ] } },
{ "type": "Feature", "properties": { "osm_id": "3733860649", "code": 5204, "fclass": "crossing", "name": null }, "geometry": { "type": "Point", "coordinates": [ 80.0621905, 6.7168685 ] } },
{ "type": "Feature", "properties": { "osm_id": "3739951841", "code": 5204, "fclass": "crossing", "name": null }, "geometry": { "type": "Point", "coordinates": [ 80.1239842, 6.8831496 ] } },
{ "type": "Feature", "properties": { "osm_id": "3746826791", "code": 5204, "fclass": "crossing", "name": null }, "geometry": { "type": "Point", "coordinates": [ 80.1170306, 6.736463 ] } },
{ "type": "Feature", "properties": { "osm_id": "3753241940", "code": 5204, "fclass": "crossing", "name": null }, "geometry": { "type": "Point", "coordinates": [ 80.0935871, 6.8430599 ] } },
{ "type": "Feature", "properties": { "osm_id": "3764711930", "code": 5204, "fclass": "crossing", "name": null }, "geometry": { "type": "Point", "coordinates": [ 79.8514122, 6.9124742 ] } },
{ "type": "Feature", "properties": { "osm_id": "3764711931", "code": 5204, "fclass": "crossing", "name": null }, "geometry": { "type": "Point", "coordinates": [ 79.8512892, 6.9121891 ] } },
{ "type": "Feature", "properties": { "osm_id": "3764720471", "code": 5204, "fclass": "crossing", "name": null }, "geometry": { "type": "Point", "coordinates": [ 79.8516191, 6.9116367 ] } },
{ "type": "Feature", "properties": { "osm_id": "3764720472", "code": 5204, "fclass": "crossing", "name": null }, "geometry": { "type": "Point", "coordinates": [ 79.8516406, 6.911643 ] } },
{ "type": "Feature", "properties": { "osm_id": "3764722066", "code": 5204, "fclass": "crossing", "name": null }, "geometry": { "type": "Point", "coordinates": [ 79.8509406, 6.9130335 ] } },
{ "type": "Feature", "properties": { "osm_id": "3770345343", "code": 5204, "fclass": "crossing", "name": null }, "geometry": { "type": "Point", "coordinates": [ 80.0060417, 7.1033983 ] } },
{ "type": "Feature", "properties": { "osm_id": "3770345344", "code": 5204, "fclass": "crossing", "name": null }, "geometry": { "type": "Point", "coordinates": [ 80.0060582, 7.1033615 ] } },
{ "type": "Feature", "properties": { "osm_id": "3773087210", "code": 5204, "fclass": "crossing", "name": null }, "geometry": { "type": "Point", "coordinates": [ 79.8835821, 6.8525944 ] } },
{ "type": "Feature", "properties": { "osm_id": "3774705963", "code": 5204, "fclass": "crossing", "name": null }, "geometry": { "type": "Point", "coordinates": [ 79.8713163, 6.8704934 ] } },
{ "type": "Feature", "properties": { "osm_id": "3781166501", "code": 5204, "fclass": "crossing", "name": null }, "geometry": { "type": "Point", "coordinates": [ 79.9562728, 6.9038602 ] } },
{ "type": "Feature", "properties": { "osm_id": "3781723174", "code": 5204, "fclass": "crossing", "name": null }, "geometry": { "type": "Point", "coordinates": [ 79.8451378, 6.9359988 ] } },
{ "type": "Feature", "properties": { "osm_id": "3781723182", "code": 5204, "fclass": "crossing", "name": null }, "geometry": { "type": "Point", "coordinates": [ 79.8453038, 6.9362168 ] } },
{ "type": "Feature", "properties": { "osm_id": "3781723192", "code": 5204, "fclass": "crossing", "name": null }, "geometry": { "type": "Point", "coordinates": [ 79.8450728, 6.9364047 ] } },
{ "type": "Feature", "properties": { "osm_id": "3781723200", "code": 5204, "fclass": "crossing", "name": null }, "geometry": { "type": "Point", "coordinates": [ 79.8467155, 6.9364863 ] } },
{ "type": "Feature", "properties": { "osm_id": "3782918104", "code": 5204, "fclass": "crossing", "name": null }, "geometry": { "type": "Point", "coordinates": [ 79.879158, 6.8498311 ] } },
{ "type": "Feature", "properties": { "osm_id": "3782918106", "code": 5204, "fclass": "crossing", "name": null }, "geometry": { "type": "Point", "coordinates": [ 79.8756812, 6.849865 ] } },
{ "type": "Feature", "properties": { "osm_id": "3782918112", "code": 5204, "fclass": "crossing", "name": null }, "geometry": { "type": "Point", "coordinates": [ 79.8722226, 6.8502278 ] } },
{ "type": "Feature", "properties": { "osm_id": "3782918113", "code": 5204, "fclass": "crossing", "name": null }, "geometry": { "type": "Point", "coordinates": [ 79.8686429, 6.8508433 ] } },
{ "type": "Feature", "properties": { "osm_id": "3782918114", "code": 5204, "fclass": "crossing", "name": null }, "geometry": { "type": "Point", "coordinates": [ 79.8662371, 6.8513075 ] } },
{ "type": "Feature", "properties": { "osm_id": "3782918115", "code": 5204, "fclass": "crossing", "name": null }, "geometry": { "type": "Point", "coordinates": [ 79.8662418, 6.8512454 ] } },
{ "type": "Feature", "properties": { "osm_id": "3783072857", "code": 5204, "fclass": "crossing", "name": null }, "geometry": { "type": "Point", "coordinates": [ 79.882117, 6.8561579 ] } },
{ "type": "Feature", "properties": { "osm_id": "3783072858", "code": 5204, "fclass": "crossing", "name": null }, "geometry": { "type": "Point", "coordinates": [ 79.881754, 6.8595563 ] } },
{ "type": "Feature", "properties": { "osm_id": "3783072859", "code": 5204, "fclass": "crossing", "name": null }, "geometry": { "type": "Point", "coordinates": [ 79.8819062, 6.8601566 ] } },
{ "type": "Feature", "properties": { "osm_id": "3783072860", "code": 5204, "fclass": "crossing", "name": null }, "geometry": { "type": "Point", "coordinates": [ 79.8816982, 6.8609707 ] } },
{ "type": "Feature", "properties": { "osm_id": "3783072861", "code": 5204, "fclass": "crossing", "name": null }, "geometry": { "type": "Point", "coordinates": [ 79.8813607, 6.8627197 ] } },
{ "type": "Feature", "properties": { "osm_id": "3783135049", "code": 5204, "fclass": "crossing", "name": null }, "geometry": { "type": "Point", "coordinates": [ 79.8762274, 6.8812132 ] } },
{ "type": "Feature", "properties": { "osm_id": "3783135050", "code": 5204, "fclass": "crossing", "name": null }, "geometry": { "type": "Point", "coordinates": [ 79.8763295, 6.8812191 ] } },
{ "type": "Feature", "properties": { "osm_id": "3783135051", "code": 5204, "fclass": "crossing", "name": null }, "geometry": { "type": "Point", "coordinates": [ 79.8763802, 6.8785668 ] } },
{ "type": "Feature", "properties": { "osm_id": "3783135052", "code": 5204, "fclass": "crossing", "name": null }, "geometry": { "type": "Point", "coordinates": [ 79.8764871, 6.8785816 ] } },
{ "type": "Feature", "properties": { "osm_id": "3783146958", "code": 5204, "fclass": "crossing", "name": null }, "geometry": { "type": "Point", "coordinates": [ 80.1699313, 7.2009824 ] } },
{ "type": "Feature", "properties": { "osm_id": "3783146959", "code": 5204, "fclass": "crossing", "name": null }, "geometry": { "type": "Point", "coordinates": [ 80.1530174, 7.1954177 ] } },
{ "type": "Feature", "properties": { "osm_id": "3783146960", "code": 5204, "fclass": "crossing", "name": null }, "geometry": { "type": "Point", "coordinates": [ 80.1467428, 7.1823189 ] } },
{ "type": "Feature", "properties": { "osm_id": "3783146961", "code": 5204, "fclass": "crossing", "name": null }, "geometry": { "type": "Point", "coordinates": [ 80.1487277, 7.1841202 ] } },
{ "type": "Feature", "properties": { "osm_id": "3783146962", "code": 5204, "fclass": "crossing", "name": null }, "geometry": { "type": "Point", "coordinates": [ 80.1457969, 7.1820714 ] } },
{ "type": "Feature", "properties": { "osm_id": "3783146966", "code": 5204, "fclass": "crossing", "name": null }, "geometry": { "type": "Point", "coordinates": [ 80.1431188, 7.1817398 ] } },
{ "type": "Feature", "properties": { "osm_id": "3783146969", "code": 5204, "fclass": "crossing", "name": null }, "geometry": { "type": "Point", "coordinates": [ 80.1343266, 7.1870628 ] } },
{ "type": "Feature", "properties": { "osm_id": "3783146975", "code": 5204, "fclass": "crossing", "name": null }, "geometry": { "type": "Point", "coordinates": [ 80.1316773, 7.1830806 ] } },
{ "type": "Feature", "properties": { "osm_id": "3783146977", "code": 5204, "fclass": "crossing", "name": null }, "geometry": { "type": "Point", "coordinates": [ 80.1257534, 7.1745167 ] } },
{ "type": "Feature", "properties": { "osm_id": "3783146978", "code": 5204, "fclass": "crossing", "name": null }, "geometry": { "type": "Point", "coordinates": [ 80.1239368, 7.1688151 ] } },
{ "type": "Feature", "properties": { "osm_id": "3783146979", "code": 5204, "fclass": "crossing", "name": null }, "geometry": { "type": "Point", "coordinates": [ 80.124087, 7.1682507 ] } },
{ "type": "Feature", "properties": { "osm_id": "3783146980", "code": 5204, "fclass": "crossing", "name": null }, "geometry": { "type": "Point", "coordinates": [ 80.122039, 7.166561 ] } },
{ "type": "Feature", "properties": { "osm_id": "3783146981", "code": 5204, "fclass": "crossing", "name": null }, "geometry": { "type": "Point", "coordinates": [ 80.1212273, 7.1652642 ] } },
{ "type": "Feature", "properties": { "osm_id": "3783146982", "code": 5204, "fclass": "crossing", "name": null }, "geometry": { "type": "Point", "coordinates": [ 80.1150069, 7.156895 ] } },
{ "type": "Feature", "properties": { "osm_id": "3783146983", "code": 5204, "fclass": "crossing", "name": null }, "geometry": { "type": "Point", "coordinates": [ 80.1032353, 7.1522182 ] } },
{ "type": "Feature", "properties": { "osm_id": "3783146984", "code": 5204, "fclass": "crossing", "name": null }, "geometry": { "type": "Point", "coordinates": [ 80.0999543, 7.1497497 ] } },
{ "type": "Feature", "properties": { "osm_id": "3783153358", "code": 5204, "fclass": "crossing", "name": null }, "geometry": { "type": "Point", "coordinates": [ 79.8760308, 6.883298 ] } },
{ "type": "Feature", "properties": { "osm_id": "3783153359", "code": 5204, "fclass": "crossing", "name": null }, "geometry": { "type": "Point", "coordinates": [ 79.8761314, 6.8833055 ] } },
{ "type": "Feature", "properties": { "osm_id": "3784216021", "code": 5204, "fclass": "crossing", "name": null }, "geometry": { "type": "Point", "coordinates": [ 79.847905, 6.9167035 ] } },
{ "type": "Feature", "properties": { "osm_id": "3784216022", "code": 5204, "fclass": "crossing", "name": null }, "geometry": { "type": "Point", "coordinates": [ 79.8479897, 6.9167013 ] } },
{ "type": "Feature", "properties": { "osm_id": "3784216025", "code": 5204, "fclass": "crossing", "name": null }, "geometry": { "type": "Point", "coordinates": [ 79.849535, 6.9118769 ] } },
{ "type": "Feature", "properties": { "osm_id": "3784216026", "code": 5204, "fclass": "crossing", "name": null }, "geometry": { "type": "Point", "coordinates": [ 79.8494608, 6.9118519 ] } },
{ "type": "Feature", "properties": { "osm_id": "3784216028", "code": 5204, "fclass": "crossing", "name": null }, "geometry": { "type": "Point", "coordinates": [ 79.8507023, 6.9081894 ] } },
{ "type": "Feature", "properties": { "osm_id": "3784216029", "code": 5204, "fclass": "crossing", "name": null }, "geometry": { "type": "Point", "coordinates": [ 79.8513465, 6.9062815 ] } },
{ "type": "Feature", "properties": { "osm_id": "3784216030", "code": 5204, "fclass": "crossing", "name": null }, "geometry": { "type": "Point", "coordinates": [ 79.8523333, 6.9033301 ] } },
{ "type": "Feature", "properties": { "osm_id": "3784216031", "code": 5204, "fclass": "crossing", "name": null }, "geometry": { "type": "Point", "coordinates": [ 79.853016, 6.9012066 ] } },
{ "type": "Feature", "properties": { "osm_id": "3784216831", "code": 5204, "fclass": "crossing", "name": null }, "geometry": { "type": "Point", "coordinates": [ 79.8546868, 6.8960011 ] } },
{ "type": "Feature", "properties": { "osm_id": "3784216833", "code": 5204, "fclass": "crossing", "name": null }, "geometry": { "type": "Point", "coordinates": [ 79.8572014, 6.8882787 ] } },
{ "type": "Feature", "properties": { "osm_id": "3784216834", "code": 5204, "fclass": "crossing", "name": null }, "geometry": { "type": "Point", "coordinates": [ 79.8590912, 6.881822 ] } },
{ "type": "Feature", "properties": { "osm_id": "3784273495", "code": 5204, "fclass": "crossing", "name": null }, "geometry": { "type": "Point", "coordinates": [ 79.8888602, 6.7517304 ] } },
{ "type": "Feature", "properties": { "osm_id": "3788738513", "code": 5204, "fclass": "crossing", "name": null }, "geometry": { "type": "Point", "coordinates": [ 80.0240566, 7.0373583 ] } },
{ "type": "Feature", "properties": { "osm_id": "3800449453", "code": 5204, "fclass": "crossing", "name": null }, "geometry": { "type": "Point", "coordinates": [ 79.9949225, 7.0918145 ] } },
{ "type": "Feature", "properties": { "osm_id": "3803487582", "code": 5204, "fclass": "crossing", "name": null }, "geometry": { "type": "Point", "coordinates": [ 79.9073061, 6.7213639 ] } },
{ "type": "Feature", "properties": { "osm_id": "3803487583", "code": 5204, "fclass": "crossing", "name": null }, "geometry": { "type": "Point", "coordinates": [ 79.9074081, 6.7213293 ] } },
{ "type": "Feature", "properties": { "osm_id": "3803489370", "code": 5204, "fclass": "crossing", "name": null }, "geometry": { "type": "Point", "coordinates": [ 79.9071566, 6.7234393 ] } },
{ "type": "Feature", "properties": { "osm_id": "3803489371", "code": 5204, "fclass": "crossing", "name": null }, "geometry": { "type": "Point", "coordinates": [ 79.9070747, 6.7234277 ] } },
{ "type": "Feature", "properties": { "osm_id": "3803490770", "code": 5204, "fclass": "crossing", "name": null }, "geometry": { "type": "Point", "coordinates": [ 79.9008089, 6.7272496 ] } },
{ "type": "Feature", "properties": { "osm_id": "3803490771", "code": 5204, "fclass": "crossing", "name": null }, "geometry": { "type": "Point", "coordinates": [ 79.9002491, 6.7272726 ] } },
{ "type": "Feature", "properties": { "osm_id": "3803490772", "code": 5204, "fclass": "crossing", "name": null }, "geometry": { "type": "Point", "coordinates": [ 79.9008002, 6.7271934 ] } },
{ "type": "Feature", "properties": { "osm_id": "3803490773", "code": 5204, "fclass": "crossing", "name": null }, "geometry": { "type": "Point", "coordinates": [ 79.9002671, 6.7273289 ] } },
{ "type": "Feature", "properties": { "osm_id": "3803513177", "code": 5204, "fclass": "crossing", "name": null }, "geometry": { "type": "Point", "coordinates": [ 79.9076967, 6.7183013 ] } },
{ "type": "Feature", "properties": { "osm_id": "3803513178", "code": 5204, "fclass": "crossing", "name": null }, "geometry": { "type": "Point", "coordinates": [ 79.9075356, 6.719971 ] } },
{ "type": "Feature", "properties": { "osm_id": "3803513180", "code": 5204, "fclass": "crossing", "name": null }, "geometry": { "type": "Point", "coordinates": [ 79.9074711, 6.7199748 ] } },
{ "type": "Feature", "properties": { "osm_id": "3803513181", "code": 5204, "fclass": "crossing", "name": null }, "geometry": { "type": "Point", "coordinates": [ 79.9077775, 6.7183097 ] } },
{ "type": "Feature", "properties": { "osm_id": "3803558148", "code": 5204, "fclass": "crossing", "name": null }, "geometry": { "type": "Point", "coordinates": [ 79.9075988, 6.7155645 ] } },
{ "type": "Feature", "properties": { "osm_id": "3803558150", "code": 5204, "fclass": "crossing", "name": null }, "geometry": { "type": "Point", "coordinates": [ 79.9075266, 6.7155723 ] } },
{ "type": "Feature", "properties": { "osm_id": "3803558152", "code": 5204, "fclass": "crossing", "name": null }, "geometry": { "type": "Point", "coordinates": [ 79.9075116, 6.7143757 ] } },
{ "type": "Feature", "properties": { "osm_id": "3803558153", "code": 5204, "fclass": "crossing", "name": null }, "geometry": { "type": "Point", "coordinates": [ 79.9075384, 6.7125158 ] } },
{ "type": "Feature", "properties": { "osm_id": "3803558154", "code": 5204, "fclass": "crossing", "name": null }, "geometry": { "type": "Point", "coordinates": [ 79.9074272, 6.7125194 ] } },
{ "type": "Feature", "properties": { "osm_id": "3803558155", "code": 5204, "fclass": "crossing", "name": null }, "geometry": { "type": "Point", "coordinates": [ 79.9075986, 6.7143768 ] } },
{ "type": "Feature", "properties": { "osm_id": "3804874714", "code": 5204, "fclass": "crossing", "name": null }, "geometry": { "type": "Point", "coordinates": [ 80.1348253, 7.2773217 ] } },
{ "type": "Feature", "properties": { "osm_id": "3814918654", "code": 5204, "fclass": "crossing", "name": null }, "geometry": { "type": "Point", "coordinates": [ 79.8647954, 7.1850354 ] } },
{ "type": "Feature", "properties": { "osm_id": "3816386321", "code": 5204, "fclass": "crossing", "name": null }, "geometry": { "type": "Point", "coordinates": [ 79.9274341, 6.9781844 ] } },
{ "type": "Feature", "properties": { "osm_id": "3822116980", "code": 5204, "fclass": "crossing", "name": null }, "geometry": { "type": "Point", "coordinates": [ 79.8453273, 6.9361331 ] } },
{ "type": "Feature", "properties": { "osm_id": "3822212464", "code": 5204, "fclass": "crossing", "name": null }, "geometry": { "type": "Point", "coordinates": [ 79.844908, 6.9345617 ] } },
{ "type": "Feature", "properties": { "osm_id": "3822212465", "code": 5204, "fclass": "crossing", "name": null }, "geometry": { "type": "Point", "coordinates": [ 79.8448091, 6.9345813 ] } },
{ "type": "Feature", "properties": { "osm_id": "3825208871", "code": 5204, "fclass": "crossing", "name": null }, "geometry": { "type": "Point", "coordinates": [ 79.8420455, 6.9318461 ] } },
{ "type": "Feature", "properties": { "osm_id": "3832145703", "code": 5204, "fclass": "crossing", "name": null }, "geometry": { "type": "Point", "coordinates": [ 79.8608487, 6.9566223 ] } },
{ "type": "Feature", "properties": { "osm_id": "3844051069", "code": 5204, "fclass": "crossing", "name": null }, "geometry": { "type": "Point", "coordinates": [ 79.8661789, 7.1812055 ] } },
{ "type": "Feature", "properties": { "osm_id": "3844051082", "code": 5204, "fclass": "crossing", "name": null }, "geometry": { "type": "Point", "coordinates": [ 79.8668634, 7.179487 ] } },
{ "type": "Feature", "properties": { "osm_id": "3849022009", "code": 5204, "fclass": "crossing", "name": null }, "geometry": { "type": "Point", "coordinates": [ 80.0208986, 7.1231287 ] } },
{ "type": "Feature", "properties": { "osm_id": "3851211956", "code": 5204, "fclass": "crossing", "name": null }, "geometry": { "type": "Point", "coordinates": [ 79.895223, 7.0600984 ] } },
{ "type": "Feature", "properties": { "osm_id": "3861761237", "code": 5204, "fclass": "crossing", "name": null }, "geometry": { "type": "Point", "coordinates": [ 79.9116781, 6.9031235 ] } },
{ "type": "Feature", "properties": { "osm_id": "3867843990", "code": 5204, "fclass": "crossing", "name": null }, "geometry": { "type": "Point", "coordinates": [ 80.014282, 7.0618367 ] } },
{ "type": "Feature", "properties": { "osm_id": "3877695660", "code": 5204, "fclass": "crossing", "name": null }, "geometry": { "type": "Point", "coordinates": [ 79.9583767, 6.8453689 ] } },
{ "type": "Feature", "properties": { "osm_id": "3885703028", "code": 5204, "fclass": "crossing", "name": null }, "geometry": { "type": "Point", "coordinates": [ 79.9740726, 7.0750375 ] } },
{ "type": "Feature", "properties": { "osm_id": "3885759453", "code": 5204, "fclass": "crossing", "name": null }, "geometry": { "type": "Point", "coordinates": [ 79.9380257, 7.1025849 ] } },
{ "type": "Feature", "properties": { "osm_id": "3892770745", "code": 5204, "fclass": "crossing", "name": null }, "geometry": { "type": "Point", "coordinates": [ 79.9000039, 6.8443448 ] } },
{ "type": "Feature", "properties": { "osm_id": "3892918628", "code": 5204, "fclass": "crossing", "name": null }, "geometry": { "type": "Point", "coordinates": [ 80.1050119, 6.5233657 ] } },
{ "type": "Feature", "properties": { "osm_id": "3893849747", "code": 5204, "fclass": "crossing", "name": null }, "geometry": { "type": "Point", "coordinates": [ 79.8564711, 6.9465764 ] } },
{ "type": "Feature", "properties": { "osm_id": "3897867959", "code": 5204, "fclass": "crossing", "name": null }, "geometry": { "type": "Point", "coordinates": [ 80.0571065, 7.1168932 ] } },
{ "type": "Feature", "properties": { "osm_id": "3902482883", "code": 5204, "fclass": "crossing", "name": null }, "geometry": { "type": "Point", "coordinates": [ 79.9000899, 6.84436 ] } },
{ "type": "Feature", "properties": { "osm_id": "3922273774", "code": 5204, "fclass": "crossing", "name": null }, "geometry": { "type": "Point", "coordinates": [ 79.8481268, 6.9369359 ] } },
{ "type": "Feature", "properties": { "osm_id": "3922273775", "code": 5204, "fclass": "crossing", "name": null }, "geometry": { "type": "Point", "coordinates": [ 79.8481457, 6.9368522 ] } },
{ "type": "Feature", "properties": { "osm_id": "3935305280", "code": 5204, "fclass": "crossing", "name": null }, "geometry": { "type": "Point", "coordinates": [ 79.8898304, 7.1755362 ] } },
{ "type": "Feature", "properties": { "osm_id": "3936127578", "code": 5204, "fclass": "crossing", "name": null }, "geometry": { "type": "Point", "coordinates": [ 79.9276926, 6.8909815 ] } },
{ "type": "Feature", "properties": { "osm_id": "3963308731", "code": 5204, "fclass": "crossing", "name": null }, "geometry": { "type": "Point", "coordinates": [ 80.1763948, 6.9362541 ] } },
{ "type": "Feature", "properties": { "osm_id": "3963775381", "code": 5204, "fclass": "crossing", "name": null }, "geometry": { "type": "Point", "coordinates": [ 80.0082501, 6.846333 ] } },
{ "type": "Feature", "properties": { "osm_id": "3964896719", "code": 5204, "fclass": "crossing", "name": null }, "geometry": { "type": "Point", "coordinates": [ 79.8814164, 6.9108108 ] } },
{ "type": "Feature", "properties": { "osm_id": "4009166491", "code": 5204, "fclass": "crossing", "name": null }, "geometry": { "type": "Point", "coordinates": [ 79.8642692, 6.9087645 ] } },
{ "type": "Feature", "properties": { "osm_id": "4009166492", "code": 5204, "fclass": "crossing", "name": null }, "geometry": { "type": "Point", "coordinates": [ 79.8648767, 6.9116338 ] } },
{ "type": "Feature", "properties": { "osm_id": "4009166494", "code": 5204, "fclass": "crossing", "name": null }, "geometry": { "type": "Point", "coordinates": [ 79.8648812, 6.9117268 ] } },
{ "type": "Feature", "properties": { "osm_id": "4009185290", "code": 5204, "fclass": "crossing", "name": null }, "geometry": { "type": "Point", "coordinates": [ 79.8625627, 6.9156583 ] } },
{ "type": "Feature", "properties": { "osm_id": "4009185291", "code": 5204, "fclass": "crossing", "name": null }, "geometry": { "type": "Point", "coordinates": [ 79.8626354, 6.9157405 ] } },
{ "type": "Feature", "properties": { "osm_id": "4009185292", "code": 5204, "fclass": "crossing", "name": null }, "geometry": { "type": "Point", "coordinates": [ 79.8627177, 6.9162907 ] } },
{ "type": "Feature", "properties": { "osm_id": "4009185293", "code": 5204, "fclass": "crossing", "name": null }, "geometry": { "type": "Point", "coordinates": [ 79.8626702, 6.9163679 ] } },
{ "type": "Feature", "properties": { "osm_id": "4027974794", "code": 5204, "fclass": "crossing", "name": null }, "geometry": { "type": "Point", "coordinates": [ 79.8639425, 6.9290505 ] } },
{ "type": "Feature", "properties": { "osm_id": "4029212942", "code": 5204, "fclass": "crossing", "name": null }, "geometry": { "type": "Point", "coordinates": [ 80.0208553, 7.123147 ] } },
{ "type": "Feature", "properties": { "osm_id": "4029212955", "code": 5204, "fclass": "crossing", "name": null }, "geometry": { "type": "Point", "coordinates": [ 80.036673, 7.1339616 ] } },
{ "type": "Feature", "properties": { "osm_id": "4029212964", "code": 5204, "fclass": "crossing", "name": null }, "geometry": { "type": "Point", "coordinates": [ 80.0457943, 7.1399907 ] } },
{ "type": "Feature", "properties": { "osm_id": "4029214502", "code": 5204, "fclass": "crossing", "name": null }, "geometry": { "type": "Point", "coordinates": [ 80.0594585, 7.154113 ] } },
{ "type": "Feature", "properties": { "osm_id": "4030927349", "code": 5204, "fclass": "crossing", "name": null }, "geometry": { "type": "Point", "coordinates": [ 79.8715139, 7.1684894 ] } },
{ "type": "Feature", "properties": { "osm_id": "4030927357", "code": 5204, "fclass": "crossing", "name": null }, "geometry": { "type": "Point", "coordinates": [ 79.8782334, 7.1480075 ] } },
{ "type": "Feature", "properties": { "osm_id": "4030927360", "code": 5204, "fclass": "crossing", "name": null }, "geometry": { "type": "Point", "coordinates": [ 79.8839338, 7.124769 ] } },
{ "type": "Feature", "properties": { "osm_id": "4030927361", "code": 5204, "fclass": "crossing", "name": null }, "geometry": { "type": "Point", "coordinates": [ 79.8832829, 7.1265363 ] } },
{ "type": "Feature", "properties": { "osm_id": "4031071893", "code": 5204, "fclass": "crossing", "name": null }, "geometry": { "type": "Point", "coordinates": [ 79.8899263, 7.1034044 ] } },
{ "type": "Feature", "properties": { "osm_id": "4031071898", "code": 5204, "fclass": "crossing", "name": null }, "geometry": { "type": "Point", "coordinates": [ 79.8906674, 7.0996702 ] } },
{ "type": "Feature", "properties": { "osm_id": "4031071910", "code": 5204, "fclass": "crossing", "name": null }, "geometry": { "type": "Point", "coordinates": [ 79.8912475, 7.0914606 ] } },
{ "type": "Feature", "properties": { "osm_id": "4031071922", "code": 5204, "fclass": "crossing", "name": null }, "geometry": { "type": "Point", "coordinates": [ 79.8935607, 7.0863639 ] } },
{ "type": "Feature", "properties": { "osm_id": "4031071925", "code": 5204, "fclass": "crossing", "name": null }, "geometry": { "type": "Point", "coordinates": [ 79.8935633, 7.0849482 ] } },
{ "type": "Feature", "properties": { "osm_id": "4031071933", "code": 5204, "fclass": "crossing", "name": null }, "geometry": { "type": "Point", "coordinates": [ 79.8920121, 7.0792421 ] } },
{ "type": "Feature", "properties": { "osm_id": "4031071950", "code": 5204, "fclass": "crossing", "name": null }, "geometry": { "type": "Point", "coordinates": [ 79.8937223, 7.0717642 ] } },
{ "type": "Feature", "properties": { "osm_id": "4031071951", "code": 5204, "fclass": "crossing", "name": null }, "geometry": { "type": "Point", "coordinates": [ 79.8941884, 7.0699082 ] } },
{ "type": "Feature", "properties": { "osm_id": "4031108001", "code": 5204, "fclass": "crossing", "name": null }, "geometry": { "type": "Point", "coordinates": [ 79.8945623, 7.0687179 ] } },
{ "type": "Feature", "properties": { "osm_id": "4031108004", "code": 5204, "fclass": "crossing", "name": null }, "geometry": { "type": "Point", "coordinates": [ 79.8960597, 7.0630196 ] } },
{ "type": "Feature", "properties": { "osm_id": "4031108028", "code": 5204, "fclass": "crossing", "name": null }, "geometry": { "type": "Point", "coordinates": [ 79.8982386, 7.0578724 ] } },
{ "type": "Feature", "properties": { "osm_id": "4031108031", "code": 5204, "fclass": "crossing", "name": null }, "geometry": { "type": "Point", "coordinates": [ 79.8983088, 7.0577875 ] } },
{ "type": "Feature", "properties": { "osm_id": "4031108042", "code": 5204, "fclass": "crossing", "name": null }, "geometry": { "type": "Point", "coordinates": [ 79.9001099, 7.053081 ] } },
{ "type": "Feature", "properties": { "osm_id": "4031108049", "code": 5204, "fclass": "crossing", "name": null }, "geometry": { "type": "Point", "coordinates": [ 79.9020049, 7.0487795 ] } },
{ "type": "Feature", "properties": { "osm_id": "4031130703", "code": 5204, "fclass": "crossing", "name": null }, "geometry": { "type": "Point", "coordinates": [ 79.907287, 7.0424546 ] } },
{ "type": "Feature", "properties": { "osm_id": "4031130705", "code": 5204, "fclass": "crossing", "name": null }, "geometry": { "type": "Point", "coordinates": [ 79.906302, 7.0430604 ] } },
{ "type": "Feature", "properties": { "osm_id": "4031130706", "code": 5204, "fclass": "crossing", "name": null }, "geometry": { "type": "Point", "coordinates": [ 79.9063361, 7.0430793 ] } },
{ "type": "Feature", "properties": { "osm_id": "4031130708", "code": 5204, "fclass": "crossing", "name": null }, "geometry": { "type": "Point", "coordinates": [ 79.9088276, 7.0410447 ] } },
{ "type": "Feature", "properties": { "osm_id": "4031130715", "code": 5204, "fclass": "crossing", "name": null }, "geometry": { "type": "Point", "coordinates": [ 79.9116371, 7.0385108 ] } },
{ "type": "Feature", "properties": { "osm_id": "4031130737", "code": 5204, "fclass": "crossing", "name": null }, "geometry": { "type": "Point", "coordinates": [ 79.9159434, 7.0336056 ] } },
{ "type": "Feature", "properties": { "osm_id": "4038338016", "code": 5204, "fclass": "crossing", "name": null }, "geometry": { "type": "Point", "coordinates": [ 79.8540328, 7.2572758 ] } },
{ "type": "Feature", "properties": { "osm_id": "4041760721", "code": 5204, "fclass": "crossing", "name": null }, "geometry": { "type": "Point", "coordinates": [ 79.9216545, 7.0282004 ] } },
{ "type": "Feature", "properties": { "osm_id": "4041760722", "code": 5204, "fclass": "crossing", "name": null }, "geometry": { "type": "Point", "coordinates": [ 79.9216431, 7.0283337 ] } },
{ "type": "Feature", "properties": { "osm_id": "4041760723", "code": 5204, "fclass": "crossing", "name": null }, "geometry": { "type": "Point", "coordinates": [ 79.9214088, 7.028317 ] } },
{ "type": "Feature", "properties": { "osm_id": "4041760724", "code": 5204, "fclass": "crossing", "name": null }, "geometry": { "type": "Point", "coordinates": [ 79.9214282, 7.0281845 ] } },
{ "type": "Feature", "properties": { "osm_id": "4043716071", "code": 5204, "fclass": "crossing", "name": null }, "geometry": { "type": "Point", "coordinates": [ 80.1181263, 7.2302835 ] } },
{ "type": "Feature", "properties": { "osm_id": "4046407231", "code": 5204, "fclass": "crossing", "name": null }, "geometry": { "type": "Point", "coordinates": [ 79.8661032, 6.9547118 ] } },
{ "type": "Feature", "properties": { "osm_id": "4071082921", "code": 5204, "fclass": "crossing", "name": null }, "geometry": { "type": "Point", "coordinates": [ 80.0951615, 6.8428797 ] } },
{ "type": "Feature", "properties": { "osm_id": "4074872998", "code": 5204, "fclass": "crossing", "name": null }, "geometry": { "type": "Point", "coordinates": [ 79.8887847, 7.1074667 ] } },
{ "type": "Feature", "properties": { "osm_id": "4075435335", "code": 5204, "fclass": "crossing", "name": null }, "geometry": { "type": "Point", "coordinates": [ 79.9007229, 6.7949641 ] } },
{ "type": "Feature", "properties": { "osm_id": "4085812727", "code": 5204, "fclass": "crossing", "name": null }, "geometry": { "type": "Point", "coordinates": [ 80.0741224, 7.1851478 ] } },
{ "type": "Feature", "properties": { "osm_id": "4085812753", "code": 5204, "fclass": "crossing", "name": null }, "geometry": { "type": "Point", "coordinates": [ 80.0893623, 7.1977321 ] } },
{ "type": "Feature", "properties": { "osm_id": "4085812776", "code": 5204, "fclass": "crossing", "name": null }, "geometry": { "type": "Point", "coordinates": [ 80.1043038, 7.2121019 ] } },
{ "type": "Feature", "properties": { "osm_id": "4087027547", "code": 5204, "fclass": "crossing", "name": null }, "geometry": { "type": "Point", "coordinates": [ 79.8471272, 7.2252126 ] } },
{ "type": "Feature", "properties": { "osm_id": "4087027548", "code": 5204, "fclass": "crossing", "name": null }, "geometry": { "type": "Point", "coordinates": [ 79.8484527, 7.2296947 ] } },
{ "type": "Feature", "properties": { "osm_id": "4087081919", "code": 5204, "fclass": "crossing", "name": null }, "geometry": { "type": "Point", "coordinates": [ 79.8453009, 7.2194812 ] } },
{ "type": "Feature", "properties": { "osm_id": "4087081936", "code": 5204, "fclass": "crossing", "name": null }, "geometry": { "type": "Point", "coordinates": [ 79.8452787, 7.2193901 ] } },
{ "type": "Feature", "properties": { "osm_id": "4101254700", "code": 5204, "fclass": "crossing", "name": null }, "geometry": { "type": "Point", "coordinates": [ 80.052403, 7.1457439 ] } },
{ "type": "Feature", "properties": { "osm_id": "4101254701", "code": 5204, "fclass": "crossing", "name": null }, "geometry": { "type": "Point", "coordinates": [ 80.0523716, 7.1457793 ] } },
{ "type": "Feature", "properties": { "osm_id": "4106732500", "code": 5204, "fclass": "crossing", "name": null }, "geometry": { "type": "Point", "coordinates": [ 80.0550791, 6.8593208 ] } },
{ "type": "Feature", "properties": { "osm_id": "4152530745", "code": 5204, "fclass": "crossing", "name": null }, "geometry": { "type": "Point", "coordinates": [ 79.8882823, 6.9558047 ] } },
{ "type": "Feature", "properties": { "osm_id": "4152530746", "code": 5204, "fclass": "crossing", "name": null }, "geometry": { "type": "Point", "coordinates": [ 79.8882902, 6.9557565 ] } },
{ "type": "Feature", "properties": { "osm_id": "4152531663", "code": 5204, "fclass": "crossing", "name": null }, "geometry": { "type": "Point", "coordinates": [ 79.8948101, 6.9615987 ] } },
{ "type": "Feature", "properties": { "osm_id": "4152541869", "code": 5204, "fclass": "crossing", "name": null }, "geometry": { "type": "Point", "coordinates": [ 79.8973582, 6.9651625 ] } },
{ "type": "Feature", "properties": { "osm_id": "4187419839", "code": 5204, "fclass": "crossing", "name": null }, "geometry": { "type": "Point", "coordinates": [ 80.000329, 6.4335391 ] } },
{ "type": "Feature", "properties": { "osm_id": "4187419840", "code": 5204, "fclass": "crossing", "name": null }, "geometry": { "type": "Point", "coordinates": [ 80.0003596, 6.433541 ] } },
{ "type": "Feature", "properties": { "osm_id": "4187419857", "code": 5204, "fclass": "crossing", "name": null }, "geometry": { "type": "Point", "coordinates": [ 79.9917521, 6.4554478 ] } },
{ "type": "Feature", "properties": { "osm_id": "4187419863", "code": 5204, "fclass": "crossing", "name": null }, "geometry": { "type": "Point", "coordinates": [ 79.9837644, 6.4760438 ] } },
{ "type": "Feature", "properties": { "osm_id": "4196595433", "code": 5204, "fclass": "crossing", "name": null }, "geometry": { "type": "Point", "coordinates": [ 79.8948212, 6.9615044 ] } },
{ "type": "Feature", "properties": { "osm_id": "4197715669", "code": 5204, "fclass": "crossing", "name": null }, "geometry": { "type": "Point", "coordinates": [ 79.9791752, 6.5208297 ] } },
{ "type": "Feature", "properties": { "osm_id": "4197716148", "code": 5204, "fclass": "crossing", "name": null }, "geometry": { "type": "Point", "coordinates": [ 79.958803, 6.5931426 ] } },
{ "type": "Feature", "properties": { "osm_id": "4197716156", "code": 5204, "fclass": "crossing", "name": null }, "geometry": { "type": "Point", "coordinates": [ 79.9538888, 6.6019481 ] } },
{ "type": "Feature", "properties": { "osm_id": "4197716159", "code": 5204, "fclass": "crossing", "name": null }, "geometry": { "type": "Point", "coordinates": [ 79.9521897, 6.6047826 ] } },
{ "type": "Feature", "properties": { "osm_id": "4197716167", "code": 5204, "fclass": "crossing", "name": null }, "geometry": { "type": "Point", "coordinates": [ 79.9489232, 6.610975 ] } },
{ "type": "Feature", "properties": { "osm_id": "4197716180", "code": 5204, "fclass": "crossing", "name": null }, "geometry": { "type": "Point", "coordinates": [ 79.9455309, 6.618697 ] } },
{ "type": "Feature", "properties": { "osm_id": "4197716187", "code": 5204, "fclass": "crossing", "name": null }, "geometry": { "type": "Point", "coordinates": [ 79.943408, 6.6232227 ] } },
{ "type": "Feature", "properties": { "osm_id": "4197716192", "code": 5204, "fclass": "crossing", "name": null }, "geometry": { "type": "Point", "coordinates": [ 79.9413417, 6.6294791 ] } },
{ "type": "Feature", "properties": { "osm_id": "4197716210", "code": 5204, "fclass": "crossing", "name": null }, "geometry": { "type": "Point", "coordinates": [ 79.938129, 6.6390416 ] } },
{ "type": "Feature", "properties": { "osm_id": "4197716211", "code": 5204, "fclass": "crossing", "name": null }, "geometry": { "type": "Point", "coordinates": [ 79.9381758, 6.6390544 ] } },
{ "type": "Feature", "properties": { "osm_id": "4197716214", "code": 5204, "fclass": "crossing", "name": null }, "geometry": { "type": "Point", "coordinates": [ 79.9369912, 6.6419431 ] } },
{ "type": "Feature", "properties": { "osm_id": "4197716215", "code": 5204, "fclass": "crossing", "name": null }, "geometry": { "type": "Point", "coordinates": [ 79.9370335, 6.6419673 ] } },
{ "type": "Feature", "properties": { "osm_id": "4197716221", "code": 5204, "fclass": "crossing", "name": null }, "geometry": { "type": "Point", "coordinates": [ 79.9347692, 6.6489063 ] } },
{ "type": "Feature", "properties": { "osm_id": "4197716226", "code": 5204, "fclass": "crossing", "name": null }, "geometry": { "type": "Point", "coordinates": [ 79.9329409, 6.6532045 ] } },
{ "type": "Feature", "properties": { "osm_id": "4197716227", "code": 5204, "fclass": "crossing", "name": null }, "geometry": { "type": "Point", "coordinates": [ 79.9329855, 6.6532245 ] } },
{ "type": "Feature", "properties": { "osm_id": "4197716234", "code": 5204, "fclass": "crossing", "name": null }, "geometry": { "type": "Point", "coordinates": [ 79.9306144, 6.6584819 ] } },
{ "type": "Feature", "properties": { "osm_id": "4197716235", "code": 5204, "fclass": "crossing", "name": null }, "geometry": { "type": "Point", "coordinates": [ 79.9306541, 6.6585056 ] } },
{ "type": "Feature", "properties": { "osm_id": "4197716238", "code": 5204, "fclass": "crossing", "name": null }, "geometry": { "type": "Point", "coordinates": [ 79.9295223, 6.660952 ] } },
{ "type": "Feature", "properties": { "osm_id": "4197716248", "code": 5204, "fclass": "crossing", "name": null }, "geometry": { "type": "Point", "coordinates": [ 79.9280651, 6.6641591 ] } },
{ "type": "Feature", "properties": { "osm_id": "4197716249", "code": 5204, "fclass": "crossing", "name": null }, "geometry": { "type": "Point", "coordinates": [ 79.92816, 6.6642116 ] } },
{ "type": "Feature", "properties": { "osm_id": "4197716252", "code": 5204, "fclass": "crossing", "name": null }, "geometry": { "type": "Point", "coordinates": [ 79.9277347, 6.6652902 ] } },
{ "type": "Feature", "properties": { "osm_id": "4197716253", "code": 5204, "fclass": "crossing", "name": null }, "geometry": { "type": "Point", "coordinates": [ 79.9274617, 6.6658659 ] } },
{ "type": "Feature", "properties": { "osm_id": "4197716254", "code": 5204, "fclass": "crossing", "name": null }, "geometry": { "type": "Point", "coordinates": [ 79.9275034, 6.6658913 ] } },
{ "type": "Feature", "properties": { "osm_id": "4197716255", "code": 5204, "fclass": "crossing", "name": null }, "geometry": { "type": "Point", "coordinates": [ 79.9267812, 6.6672862 ] } },
{ "type": "Feature", "properties": { "osm_id": "4197716317", "code": 5204, "fclass": "crossing", "name": null }, "geometry": { "type": "Point", "coordinates": [ 79.9045945, 6.7106647 ] } },
{ "type": "Feature", "properties": { "osm_id": "4197716339", "code": 5204, "fclass": "crossing", "name": null }, "geometry": { "type": "Point", "coordinates": [ 79.9042374, 6.7140205 ] } },
{ "type": "Feature", "properties": { "osm_id": "4197716340", "code": 5204, "fclass": "crossing", "name": null }, "geometry": { "type": "Point", "coordinates": [ 79.9043089, 6.7140506 ] } },
{ "type": "Feature", "properties": { "osm_id": "4202599342", "code": 5204, "fclass": "crossing", "name": null }, "geometry": { "type": "Point", "coordinates": [ 80.0856397, 6.9094539 ] } },
{ "type": "Feature", "properties": { "osm_id": "4206494490", "code": 5204, "fclass": "crossing", "name": null }, "geometry": { "type": "Point", "coordinates": [ 79.8591672, 7.2686997 ] } },
{ "type": "Feature", "properties": { "osm_id": "4208767883", "code": 5204, "fclass": "crossing", "name": null }, "geometry": { "type": "Point", "coordinates": [ 79.9826195, 6.9321597 ] } },
{ "type": "Feature", "properties": { "osm_id": "4208768255", "code": 5204, "fclass": "crossing", "name": null }, "geometry": { "type": "Point", "coordinates": [ 79.96288, 6.9055166 ] } },
{ "type": "Feature", "properties": { "osm_id": "4228022428", "code": 5204, "fclass": "crossing", "name": null }, "geometry": { "type": "Point", "coordinates": [ 79.949861, 6.9050645 ] } },
{ "type": "Feature", "properties": { "osm_id": "4228041365", "code": 5204, "fclass": "crossing", "name": null }, "geometry": { "type": "Point", "coordinates": [ 79.931957, 6.9073849 ] } },
{ "type": "Feature", "properties": { "osm_id": "4230658619", "code": 5204, "fclass": "crossing", "name": null }, "geometry": { "type": "Point", "coordinates": [ 79.9802943, 6.9270572 ] } },
{ "type": "Feature", "properties": { "osm_id": "4230658624", "code": 5204, "fclass": "crossing", "name": null }, "geometry": { "type": "Point", "coordinates": [ 79.9828172, 6.9343423 ] } },
{ "type": "Feature", "properties": { "osm_id": "4231278236", "code": 5204, "fclass": "crossing", "name": null }, "geometry": { "type": "Point", "coordinates": [ 79.9931931, 7.0904309 ] } },
{ "type": "Feature", "properties": { "osm_id": "4237995391", "code": 5204, "fclass": "crossing", "name": null }, "geometry": { "type": "Point", "coordinates": [ 79.9181077, 7.0162229 ] } },
{ "type": "Feature", "properties": { "osm_id": "4241784449", "code": 5204, "fclass": "crossing", "name": null }, "geometry": { "type": "Point", "coordinates": [ 79.964717, 6.9064756 ] } },
{ "type": "Feature", "properties": { "osm_id": "4261959355", "code": 5204, "fclass": "crossing", "name": null }, "geometry": { "type": "Point", "coordinates": [ 79.8888317, 7.1074715 ] } },
{ "type": "Feature", "properties": { "osm_id": "4261970735", "code": 5204, "fclass": "crossing", "name": null }, "geometry": { "type": "Point", "coordinates": [ 79.8907607, 7.095472 ] } },
{ "type": "Feature", "properties": { "osm_id": "4270920415", "code": 5204, "fclass": "crossing", "name": null }, "geometry": { "type": "Point", "coordinates": [ 79.9711305, 6.9093209 ] } },
{ "type": "Feature", "properties": { "osm_id": "4400790558", "code": 5204, "fclass": "crossing", "name": null }, "geometry": { "type": "Point", "coordinates": [ 79.8585246, 6.9282231 ] } },
{ "type": "Feature", "properties": { "osm_id": "4400790559", "code": 5204, "fclass": "crossing", "name": null }, "geometry": { "type": "Point", "coordinates": [ 79.8584959, 6.9281619 ] } },
{ "type": "Feature", "properties": { "osm_id": "4403669339", "code": 5204, "fclass": "crossing", "name": null }, "geometry": { "type": "Point", "coordinates": [ 80.0160804, 7.0555387 ] } },
{ "type": "Feature", "properties": { "osm_id": "4403669340", "code": 5204, "fclass": "crossing", "name": null }, "geometry": { "type": "Point", "coordinates": [ 80.01354, 7.0647297 ] } },
{ "type": "Feature", "properties": { "osm_id": "4422645691", "code": 5204, "fclass": "crossing", "name": null }, "geometry": { "type": "Point", "coordinates": [ 79.8780307, 6.9436028 ] } },
{ "type": "Feature", "properties": { "osm_id": "4496110054", "code": 5204, "fclass": "crossing", "name": null }, "geometry": { "type": "Point", "coordinates": [ 80.1976093, 6.9426556 ] } },
{ "type": "Feature", "properties": { "osm_id": "4506239338", "code": 5204, "fclass": "crossing", "name": null }, "geometry": { "type": "Point", "coordinates": [ 79.8835289, 6.9152726 ] } },
{ "type": "Feature", "properties": { "osm_id": "4536453995", "code": 5204, "fclass": "crossing", "name": null }, "geometry": { "type": "Point", "coordinates": [ 79.9597131, 6.8962596 ] } },
{ "type": "Feature", "properties": { "osm_id": "4548545184", "code": 5204, "fclass": "crossing", "name": null }, "geometry": { "type": "Point", "coordinates": [ 79.9840759, 6.9359459 ] } },
{ "type": "Feature", "properties": { "osm_id": "4639226152", "code": 5204, "fclass": "crossing", "name": null }, "geometry": { "type": "Point", "coordinates": [ 79.9302755, 6.8886576 ] } },
{ "type": "Feature", "properties": { "osm_id": "4639285984", "code": 5204, "fclass": "crossing", "name": null }, "geometry": { "type": "Point", "coordinates": [ 79.9668594, 6.8405298 ] } },
{ "type": "Feature", "properties": { "osm_id": "4648043265", "code": 5204, "fclass": "crossing", "name": null }, "geometry": { "type": "Point", "coordinates": [ 80.0373475, 6.8471439 ] } },
{ "type": "Feature", "properties": { "osm_id": "4648241848", "code": 5204, "fclass": "crossing", "name": null }, "geometry": { "type": "Point", "coordinates": [ 80.0519729, 6.8428311 ] } },
{ "type": "Feature", "properties": { "osm_id": "4648248140", "code": 5204, "fclass": "crossing", "name": null }, "geometry": { "type": "Point", "coordinates": [ 80.0563663, 6.8431725 ] } },
{ "type": "Feature", "properties": { "osm_id": "4663255501", "code": 5204, "fclass": "crossing", "name": null }, "geometry": { "type": "Point", "coordinates": [ 79.9074697, 6.7104197 ] } },
{ "type": "Feature", "properties": { "osm_id": "4693166697", "code": 5204, "fclass": "crossing", "name": null }, "geometry": { "type": "Point", "coordinates": [ 79.9282128, 6.9843796 ] } },
{ "type": "Feature", "properties": { "osm_id": "4753573640", "code": 5204, "fclass": "crossing", "name": null }, "geometry": { "type": "Point", "coordinates": [ 79.8826283, 6.7727812 ] } },
{ "type": "Feature", "properties": { "osm_id": "4753573644", "code": 5204, "fclass": "crossing", "name": null }, "geometry": { "type": "Point", "coordinates": [ 79.8828024, 6.7708303 ] } },
{ "type": "Feature", "properties": { "osm_id": "4753573693", "code": 5204, "fclass": "crossing", "name": null }, "geometry": { "type": "Point", "coordinates": [ 79.9016197, 6.7183678 ] } },
{ "type": "Feature", "properties": { "osm_id": "4762470983", "code": 5204, "fclass": "crossing", "name": null }, "geometry": { "type": "Point", "coordinates": [ 79.8495436, 6.9237993 ] } },
{ "type": "Feature", "properties": { "osm_id": "4762470987", "code": 5204, "fclass": "crossing", "name": null }, "geometry": { "type": "Point", "coordinates": [ 79.8492199, 6.9251353 ] } },
{ "type": "Feature", "properties": { "osm_id": "4762471203", "code": 5204, "fclass": "crossing", "name": null }, "geometry": { "type": "Point", "coordinates": [ 79.849022, 6.9200766 ] } },
{ "type": "Feature", "properties": { "osm_id": "4787942147", "code": 5204, "fclass": "crossing", "name": null }, "geometry": { "type": "Point", "coordinates": [ 79.9918412, 7.0371945 ] } },
{ "type": "Feature", "properties": { "osm_id": "4787942332", "code": 5204, "fclass": "crossing", "name": null }, "geometry": { "type": "Point", "coordinates": [ 79.9945989, 7.0426142 ] } },
{ "type": "Feature", "properties": { "osm_id": "4789586976", "code": 5204, "fclass": "crossing", "name": null }, "geometry": { "type": "Point", "coordinates": [ 80.0008016, 7.0485523 ] } },
{ "type": "Feature", "properties": { "osm_id": "4789615766", "code": 5204, "fclass": "crossing", "name": null }, "geometry": { "type": "Point", "coordinates": [ 80.0087648, 7.0587022 ] } },
{ "type": "Feature", "properties": { "osm_id": "4793130654", "code": 5204, "fclass": "crossing", "name": null }, "geometry": { "type": "Point", "coordinates": [ 80.1082955, 6.8483764 ] } },
{ "type": "Feature", "properties": { "osm_id": "4793142211", "code": 5204, "fclass": "crossing", "name": null }, "geometry": { "type": "Point", "coordinates": [ 80.1092716, 6.8526841 ] } },
{ "type": "Feature", "properties": { "osm_id": "4838908986", "code": 5204, "fclass": "crossing", "name": null }, "geometry": { "type": "Point", "coordinates": [ 79.9353278, 6.8932174 ] } },
{ "type": "Feature", "properties": { "osm_id": "4842841599", "code": 5204, "fclass": "crossing", "name": null }, "geometry": { "type": "Point", "coordinates": [ 80.0035617, 6.8457222 ] } },
{ "type": "Feature", "properties": { "osm_id": "4860287697", "code": 5204, "fclass": "crossing", "name": null }, "geometry": { "type": "Point", "coordinates": [ 79.9003385, 6.876127 ] } },
{ "type": "Feature", "properties": { "osm_id": "4963408990", "code": 5204, "fclass": "crossing", "name": null }, "geometry": { "type": "Point", "coordinates": [ 80.0324604, 7.0866322 ] } },
{ "type": "Feature", "properties": { "osm_id": "4963501962", "code": 5204, "fclass": "crossing", "name": null }, "geometry": { "type": "Point", "coordinates": [ 80.0160726, 7.0733963 ] } },
{ "type": "Feature", "properties": { "osm_id": "4963501963", "code": 5204, "fclass": "crossing", "name": null }, "geometry": { "type": "Point", "coordinates": [ 80.0159923, 7.0733248 ] } },
{ "type": "Feature", "properties": { "osm_id": "4963501965", "code": 5204, "fclass": "crossing", "name": null }, "geometry": { "type": "Point", "coordinates": [ 80.0166346, 7.0734139 ] } },
{ "type": "Feature", "properties": { "osm_id": "4980186149", "code": 5204, "fclass": "crossing", "name": null }, "geometry": { "type": "Point", "coordinates": [ 79.8888253, 6.928057 ] } },
{ "type": "Feature", "properties": { "osm_id": "4984251519", "code": 5204, "fclass": "crossing", "name": null }, "geometry": { "type": "Point", "coordinates": [ 79.8654514, 7.1831583 ] } },
{ "type": "Feature", "properties": { "osm_id": "4996622509", "code": 5204, "fclass": "crossing", "name": null }, "geometry": { "type": "Point", "coordinates": [ 79.9951807, 6.7811953 ] } },
{ "type": "Feature", "properties": { "osm_id": "5038394017", "code": 5204, "fclass": "crossing", "name": null }, "geometry": { "type": "Point", "coordinates": [ 79.9964528, 6.8469986 ] } },
{ "type": "Feature", "properties": { "osm_id": "5042686221", "code": 5204, "fclass": "crossing", "name": null }, "geometry": { "type": "Point", "coordinates": [ 79.885249, 6.8743858 ] } },
{ "type": "Feature", "properties": { "osm_id": "5133502726", "code": 5204, "fclass": "crossing", "name": null }, "geometry": { "type": "Point", "coordinates": [ 79.8770369, 6.9089623 ] } },
{ "type": "Feature", "properties": { "osm_id": "5169585912", "code": 5204, "fclass": "crossing", "name": null }, "geometry": { "type": "Point", "coordinates": [ 79.9440434, 6.6318244 ] } },
{ "type": "Feature", "properties": { "osm_id": "5169862938", "code": 5204, "fclass": "crossing", "name": null }, "geometry": { "type": "Point", "coordinates": [ 79.9393492, 6.6354476 ] } },
{ "type": "Feature", "properties": { "osm_id": "5169862939", "code": 5204, "fclass": "crossing", "name": null }, "geometry": { "type": "Point", "coordinates": [ 79.9393231, 6.6354414 ] } },
{ "type": "Feature", "properties": { "osm_id": "5187558951", "code": 5204, "fclass": "crossing", "name": null }, "geometry": { "type": "Point", "coordinates": [ 80.0030932, 6.7139492 ] } },
{ "type": "Feature", "properties": { "osm_id": "5194583628", "code": 5204, "fclass": "crossing", "name": null }, "geometry": { "type": "Point", "coordinates": [ 79.938146, 6.8455254 ] } },
{ "type": "Feature", "properties": { "osm_id": "5194583633", "code": 5204, "fclass": "crossing", "name": null }, "geometry": { "type": "Point", "coordinates": [ 79.9414451, 6.8449641 ] } },
{ "type": "Feature", "properties": { "osm_id": "5197209939", "code": 5204, "fclass": "crossing", "name": null }, "geometry": { "type": "Point", "coordinates": [ 79.8972332, 6.964764 ] } },
{ "type": "Feature", "properties": { "osm_id": "5197209940", "code": 5204, "fclass": "crossing", "name": null }, "geometry": { "type": "Point", "coordinates": [ 79.8973089, 6.9651134 ] } },
{ "type": "Feature", "properties": { "osm_id": "5197209943", "code": 5204, "fclass": "crossing", "name": null }, "geometry": { "type": "Point", "coordinates": [ 79.898178, 6.969868 ] } },
{ "type": "Feature", "properties": { "osm_id": "5197209947", "code": 5204, "fclass": "crossing", "name": null }, "geometry": { "type": "Point", "coordinates": [ 79.8991577, 6.9751811 ] } },
{ "type": "Feature", "properties": { "osm_id": "5197209970", "code": 5204, "fclass": "crossing", "name": null }, "geometry": { "type": "Point", "coordinates": [ 79.8994328, 6.9846652 ] } },
{ "type": "Feature", "properties": { "osm_id": "5197210037", "code": 5204, "fclass": "crossing", "name": null }, "geometry": { "type": "Point", "coordinates": [ 79.9035847, 6.9915384 ] } },
{ "type": "Feature", "properties": { "osm_id": "5197210051", "code": 5204, "fclass": "crossing", "name": null }, "geometry": { "type": "Point", "coordinates": [ 79.9069133, 6.9996612 ] } },
{ "type": "Feature", "properties": { "osm_id": "5197210094", "code": 5204, "fclass": "crossing", "name": null }, "geometry": { "type": "Point", "coordinates": [ 79.9205615, 7.0216302 ] } },
{ "type": "Feature", "properties": { "osm_id": "5197210095", "code": 5204, "fclass": "crossing", "name": null }, "geometry": { "type": "Point", "coordinates": [ 79.9206073, 7.0216159 ] } },
{ "type": "Feature", "properties": { "osm_id": "5197210096", "code": 5204, "fclass": "crossing", "name": null }, "geometry": { "type": "Point", "coordinates": [ 79.9206457, 7.0216015 ] } },
{ "type": "Feature", "properties": { "osm_id": "5197210197", "code": 5204, "fclass": "crossing", "name": null }, "geometry": { "type": "Point", "coordinates": [ 79.9364885, 7.0542822 ] } },
{ "type": "Feature", "properties": { "osm_id": "5197210206", "code": 5204, "fclass": "crossing", "name": null }, "geometry": { "type": "Point", "coordinates": [ 79.9307459, 7.0465899 ] } },
{ "type": "Feature", "properties": { "osm_id": "5197210232", "code": 5204, "fclass": "crossing", "name": null }, "geometry": { "type": "Point", "coordinates": [ 79.9365029, 7.0542662 ] } },
{ "type": "Feature", "properties": { "osm_id": "5197210242", "code": 5204, "fclass": "crossing", "name": null }, "geometry": { "type": "Point", "coordinates": [ 79.942709, 7.0621771 ] } },
{ "type": "Feature", "properties": { "osm_id": "5197210254", "code": 5204, "fclass": "crossing", "name": null }, "geometry": { "type": "Point", "coordinates": [ 79.9462015, 7.0666425 ] } },
{ "type": "Feature", "properties": { "osm_id": "5197210274", "code": 5204, "fclass": "crossing", "name": null }, "geometry": { "type": "Point", "coordinates": [ 79.953689, 7.0669512 ] } },
{ "type": "Feature", "properties": { "osm_id": "5197210290", "code": 5204, "fclass": "crossing", "name": null }, "geometry": { "type": "Point", "coordinates": [ 79.9579906, 7.0687521 ] } },
{ "type": "Feature", "properties": { "osm_id": "5197210297", "code": 5204, "fclass": "crossing", "name": null }, "geometry": { "type": "Point", "coordinates": [ 79.9613669, 7.0683601 ] } },
{ "type": "Feature", "properties": { "osm_id": "5217004937", "code": 5204, "fclass": "crossing", "name": null }, "geometry": { "type": "Point", "coordinates": [ 79.9049392, 6.8998166 ] } },
{ "type": "Feature", "properties": { "osm_id": "5217005032", "code": 5204, "fclass": "crossing", "name": null }, "geometry": { "type": "Point", "coordinates": [ 79.9047485, 6.900006 ] } },
{ "type": "Feature", "properties": { "osm_id": "5217005128", "code": 5204, "fclass": "crossing", "name": null }, "geometry": { "type": "Point", "coordinates": [ 79.9062573, 6.9003026 ] } },
{ "type": "Feature", "properties": { "osm_id": "5217865784", "code": 5204, "fclass": "crossing", "name": null }, "geometry": { "type": "Point", "coordinates": [ 79.8771522, 6.8921807 ] } },
{ "type": "Feature", "properties": { "osm_id": "5232585483", "code": 5204, "fclass": "crossing", "name": null }, "geometry": { "type": "Point", "coordinates": [ 79.8705825, 6.8050439 ] } },
{ "type": "Feature", "properties": { "osm_id": "5232585484", "code": 5204, "fclass": "crossing", "name": null }, "geometry": { "type": "Point", "coordinates": [ 79.8705496, 6.8050282 ] } },
{ "type": "Feature", "properties": { "osm_id": "5263583644", "code": 5204, "fclass": "crossing", "name": null }, "geometry": { "type": "Point", "coordinates": [ 80.1782823, 6.9357587 ] } },
{ "type": "Feature", "properties": { "osm_id": "5265183688", "code": 5204, "fclass": "crossing", "name": null }, "geometry": { "type": "Point", "coordinates": [ 80.0893396, 7.197737 ] } },
{ "type": "Feature", "properties": { "osm_id": "5275836231", "code": 5204, "fclass": "crossing", "name": null }, "geometry": { "type": "Point", "coordinates": [ 79.9215513, 7.0281931 ] } },
{ "type": "Feature", "properties": { "osm_id": "5275836232", "code": 5204, "fclass": "crossing", "name": null }, "geometry": { "type": "Point", "coordinates": [ 79.9215396, 7.0283263 ] } },
{ "type": "Feature", "properties": { "osm_id": "5276896970", "code": 5204, "fclass": "crossing", "name": null }, "geometry": { "type": "Point", "coordinates": [ 79.9256322, 6.8936855 ] } },
{ "type": "Feature", "properties": { "osm_id": "5276905692", "code": 5204, "fclass": "crossing", "name": null }, "geometry": { "type": "Point", "coordinates": [ 79.9333939, 6.8830941 ] } },
{ "type": "Feature", "properties": { "osm_id": "5277505606", "code": 5204, "fclass": "crossing", "name": null }, "geometry": { "type": "Point", "coordinates": [ 79.9093708, 6.9905651 ] } },
{ "type": "Feature", "properties": { "osm_id": "5280503902", "code": 5204, "fclass": "crossing", "name": null }, "geometry": { "type": "Point", "coordinates": [ 80.1481158, 6.9416134 ] } },
{ "type": "Feature", "properties": { "osm_id": "5299818662", "code": 5204, "fclass": "crossing", "name": null }, "geometry": { "type": "Point", "coordinates": [ 80.0465744, 7.2555229 ] } },
{ "type": "Feature", "properties": { "osm_id": "5315984591", "code": 5204, "fclass": "crossing", "name": null }, "geometry": { "type": "Point", "coordinates": [ 79.9903817, 7.0931761 ] } },
{ "type": "Feature", "properties": { "osm_id": "5340854041", "code": 5204, "fclass": "crossing", "name": null }, "geometry": { "type": "Point", "coordinates": [ 79.8964572, 6.9095673 ] } },
{ "type": "Feature", "properties": { "osm_id": "5350227314", "code": 5204, "fclass": "crossing", "name": null }, "geometry": { "type": "Point", "coordinates": [ 80.0657652, 6.8432451 ] } },
{ "type": "Feature", "properties": { "osm_id": "5367518547", "code": 5204, "fclass": "crossing", "name": null }, "geometry": { "type": "Point", "coordinates": [ 80.0855025, 6.8389639 ] } },
{ "type": "Feature", "properties": { "osm_id": "5375236420", "code": 5204, "fclass": "crossing", "name": null }, "geometry": { "type": "Point", "coordinates": [ 79.8964698, 6.8762282 ] } },
{ "type": "Feature", "properties": { "osm_id": "5385266399", "code": 5204, "fclass": "crossing", "name": null }, "geometry": { "type": "Point", "coordinates": [ 79.8468154, 6.9320828 ] } },
{ "type": "Feature", "properties": { "osm_id": "5385266403", "code": 5204, "fclass": "crossing", "name": null }, "geometry": { "type": "Point", "coordinates": [ 79.8457303, 6.9327739 ] } },
{ "type": "Feature", "properties": { "osm_id": "5385270070", "code": 5204, "fclass": "crossing", "name": null }, "geometry": { "type": "Point", "coordinates": [ 79.8536151, 6.9349066 ] } },
{ "type": "Feature", "properties": { "osm_id": "5397260505", "code": 5204, "fclass": "crossing", "name": null }, "geometry": { "type": "Point", "coordinates": [ 79.9323022, 6.6545124 ] } },
{ "type": "Feature", "properties": { "osm_id": "5397260506", "code": 5204, "fclass": "crossing", "name": null }, "geometry": { "type": "Point", "coordinates": [ 79.9323452, 6.654526 ] } },
{ "type": "Feature", "properties": { "osm_id": "5397260508", "code": 5204, "fclass": "crossing", "name": null }, "geometry": { "type": "Point", "coordinates": [ 79.931233, 6.6568757 ] } },
{ "type": "Feature", "properties": { "osm_id": "5397260509", "code": 5204, "fclass": "crossing", "name": null }, "geometry": { "type": "Point", "coordinates": [ 79.9312773, 6.6568923 ] } },
{ "type": "Feature", "properties": { "osm_id": "5397260724", "code": 5204, "fclass": "crossing", "name": null }, "geometry": { "type": "Point", "coordinates": [ 79.9309884, 6.657504 ] } },
{ "type": "Feature", "properties": { "osm_id": "5397260725", "code": 5204, "fclass": "crossing", "name": null }, "geometry": { "type": "Point", "coordinates": [ 79.9310359, 6.6575222 ] } },
{ "type": "Feature", "properties": { "osm_id": "5397260793", "code": 5204, "fclass": "crossing", "name": null }, "geometry": { "type": "Point", "coordinates": [ 79.9354558, 6.6618929 ] } },
{ "type": "Feature", "properties": { "osm_id": "5456705292", "code": 5204, "fclass": "crossing", "name": null }, "geometry": { "type": "Point", "coordinates": [ 79.8777124, 6.8218502 ] } },
{ "type": "Feature", "properties": { "osm_id": "5473313824", "code": 5204, "fclass": "crossing", "name": null }, "geometry": { "type": "Point", "coordinates": [ 80.1193348, 7.3193353 ] } },
{ "type": "Feature", "properties": { "osm_id": "5540081826", "code": 5204, "fclass": "crossing", "name": null }, "geometry": { "type": "Point", "coordinates": [ 80.1519374, 7.1149213 ] } },
{ "type": "Feature", "properties": { "osm_id": "5541421801", "code": 5204, "fclass": "crossing", "name": null }, "geometry": { "type": "Point", "coordinates": [ 79.8489676, 7.2467655 ] } },
{ "type": "Feature", "properties": { "osm_id": "5559025450", "code": 5204, "fclass": "crossing", "name": null }, "geometry": { "type": "Point", "coordinates": [ 79.9552466, 7.0027477 ] } },
{ "type": "Feature", "properties": { "osm_id": "5560994413", "code": 5204, "fclass": "crossing", "name": null }, "geometry": { "type": "Point", "coordinates": [ 79.9362221, 7.1058572 ] } },
{ "type": "Feature", "properties": { "osm_id": "5563235161", "code": 5204, "fclass": "crossing", "name": null }, "geometry": { "type": "Point", "coordinates": [ 79.9213203, 6.8420818 ] } },
{ "type": "Feature", "properties": { "osm_id": "5570760533", "code": 5204, "fclass": "crossing", "name": null }, "geometry": { "type": "Point", "coordinates": [ 79.9477082, 6.8506449 ] } },
{ "type": "Feature", "properties": { "osm_id": "5570760534", "code": 5204, "fclass": "crossing", "name": null }, "geometry": { "type": "Point", "coordinates": [ 79.9454418, 6.8563212 ] } },
{ "type": "Feature", "properties": { "osm_id": "5570760535", "code": 5204, "fclass": "crossing", "name": null }, "geometry": { "type": "Point", "coordinates": [ 79.9465217, 6.8527145 ] } },
{ "type": "Feature", "properties": { "osm_id": "5572354781", "code": 5204, "fclass": "crossing", "name": null }, "geometry": { "type": "Point", "coordinates": [ 79.9577826, 6.8435633 ] } },
{ "type": "Feature", "properties": { "osm_id": "5573308691", "code": 5204, "fclass": "crossing", "name": null }, "geometry": { "type": "Point", "coordinates": [ 79.923839, 6.832204 ] } },
{ "type": "Feature", "properties": { "osm_id": "5599615287", "code": 5204, "fclass": "crossing", "name": null }, "geometry": { "type": "Point", "coordinates": [ 79.9583554, 7.0687832 ] } },
{ "type": "Feature", "properties": { "osm_id": "5599615288", "code": 5204, "fclass": "crossing", "name": null }, "geometry": { "type": "Point", "coordinates": [ 79.9583555, 7.0688196 ] } },
{ "type": "Feature", "properties": { "osm_id": "5602556766", "code": 5204, "fclass": "crossing", "name": null }, "geometry": { "type": "Point", "coordinates": [ 79.8642429, 6.8601514 ] } },
{ "type": "Feature", "properties": { "osm_id": "5602556767", "code": 5204, "fclass": "crossing", "name": null }, "geometry": { "type": "Point", "coordinates": [ 79.8643382, 6.8601688 ] } },
{ "type": "Feature", "properties": { "osm_id": "5624535647", "code": 5204, "fclass": "crossing", "name": null }, "geometry": { "type": "Point", "coordinates": [ 79.9006246, 6.8695316 ] } },
{ "type": "Feature", "properties": { "osm_id": "5627456718", "code": 5204, "fclass": "crossing", "name": null }, "geometry": { "type": "Point", "coordinates": [ 79.8584025, 7.266727 ] } },
{ "type": "Feature", "properties": { "osm_id": "5677640743", "code": 5204, "fclass": "crossing", "name": null }, "geometry": { "type": "Point", "coordinates": [ 79.9585813, 6.8978812 ] } },
{ "type": "Feature", "properties": { "osm_id": "5689971822", "code": 5204, "fclass": "crossing", "name": null }, "geometry": { "type": "Point", "coordinates": [ 79.9132238, 6.8257843 ] } },
{ "type": "Feature", "properties": { "osm_id": "5690876931", "code": 5204, "fclass": "crossing", "name": null }, "geometry": { "type": "Point", "coordinates": [ 79.899373, 6.8090455 ] } },
{ "type": "Feature", "properties": { "osm_id": "5759362462", "code": 5204, "fclass": "crossing", "name": null }, "geometry": { "type": "Point", "coordinates": [ 79.8704206, 6.8883981 ] } },
{ "type": "Feature", "properties": { "osm_id": "5904513284", "code": 5204, "fclass": "crossing", "name": null }, "geometry": { "type": "Point", "coordinates": [ 79.8619133, 6.9474591 ] } },
{ "type": "Feature", "properties": { "osm_id": "5904513393", "code": 5204, "fclass": "crossing", "name": null }, "geometry": { "type": "Point", "coordinates": [ 79.8640592, 6.943242 ] } },
{ "type": "Feature", "properties": { "osm_id": "5904513402", "code": 5204, "fclass": "crossing", "name": null }, "geometry": { "type": "Point", "coordinates": [ 79.8662857, 6.9363492 ] } },
{ "type": "Feature", "properties": { "osm_id": "5904513420", "code": 5204, "fclass": "crossing", "name": null }, "geometry": { "type": "Point", "coordinates": [ 79.8663959, 6.9363479 ] } },
{ "type": "Feature", "properties": { "osm_id": "5920207623", "code": 5204, "fclass": "crossing", "name": null }, "geometry": { "type": "Point", "coordinates": [ 80.1381263, 7.2617333 ] } },
{ "type": "Feature", "properties": { "osm_id": "5956121315", "code": 5204, "fclass": "crossing", "name": null }, "geometry": { "type": "Point", "coordinates": [ 79.8711732, 6.9055544 ] } },
{ "type": "Feature", "properties": { "osm_id": "5963680650", "code": 5204, "fclass": "crossing", "name": null }, "geometry": { "type": "Point", "coordinates": [ 79.9640327, 6.7870962 ] } },
{ "type": "Feature", "properties": { "osm_id": "5968098699", "code": 5204, "fclass": "crossing", "name": null }, "geometry": { "type": "Point", "coordinates": [ 79.993246, 6.9127829 ] } },
{ "type": "Feature", "properties": { "osm_id": "5968099133", "code": 5204, "fclass": "crossing", "name": null }, "geometry": { "type": "Point", "coordinates": [ 79.8729822, 6.9133042 ] } },
{ "type": "Feature", "properties": { "osm_id": "5968099271", "code": 5204, "fclass": "crossing", "name": null }, "geometry": { "type": "Point", "coordinates": [ 80.0093163, 7.2589626 ] } },
{ "type": "Feature", "properties": { "osm_id": "6129551607", "code": 5204, "fclass": "crossing", "name": null }, "geometry": { "type": "Point", "coordinates": [ 79.9472619, 7.0154499 ] } },
{ "type": "Feature", "properties": { "osm_id": "6200427381", "code": 5204, "fclass": "crossing", "name": null }, "geometry": { "type": "Point", "coordinates": [ 79.9755734, 6.5302941 ] } },
{ "type": "Feature", "properties": { "osm_id": "6230829254", "code": 5204, "fclass": "crossing", "name": null }, "geometry": { "type": "Point", "coordinates": [ 79.8951661, 6.9084817 ] } },
{ "type": "Feature", "properties": { "osm_id": "6233418804", "code": 5204, "fclass": "crossing", "name": null }, "geometry": { "type": "Point", "coordinates": [ 79.8775359, 6.9114372 ] } },
{ "type": "Feature", "properties": { "osm_id": "6234044291", "code": 5204, "fclass": "crossing", "name": null }, "geometry": { "type": "Point", "coordinates": [ 79.8644541, 6.9204005 ] } },
{ "type": "Feature", "properties": { "osm_id": "6234044307", "code": 5204, "fclass": "crossing", "name": null }, "geometry": { "type": "Point", "coordinates": [ 79.8651937, 6.9250059 ] } },
{ "type": "Feature", "properties": { "osm_id": "6234044308", "code": 5204, "fclass": "crossing", "name": null }, "geometry": { "type": "Point", "coordinates": [ 79.8652188, 6.9251426 ] } },
{ "type": "Feature", "properties": { "osm_id": "6234353214", "code": 5204, "fclass": "crossing", "name": null }, "geometry": { "type": "Point", "coordinates": [ 79.8618613, 6.9264793 ] } },
{ "type": "Feature", "properties": { "osm_id": "6234482979", "code": 5204, "fclass": "crossing", "name": null }, "geometry": { "type": "Point", "coordinates": [ 79.8469505, 6.9321245 ] } },
{ "type": "Feature", "properties": { "osm_id": "6234482980", "code": 5204, "fclass": "crossing", "name": null }, "geometry": { "type": "Point", "coordinates": [ 79.8467496, 6.9320613 ] } },
{ "type": "Feature", "properties": { "osm_id": "6234482982", "code": 5204, "fclass": "crossing", "name": null }, "geometry": { "type": "Point", "coordinates": [ 79.8464757, 6.9323247 ] } },
{ "type": "Feature", "properties": { "osm_id": "6234484700", "code": 5204, "fclass": "crossing", "name": null }, "geometry": { "type": "Point", "coordinates": [ 79.8464635, 6.9322905 ] } },
{ "type": "Feature", "properties": { "osm_id": "6236366586", "code": 5204, "fclass": "crossing", "name": null }, "geometry": { "type": "Point", "coordinates": [ 79.8450453, 6.9360094 ] } },
{ "type": "Feature", "properties": { "osm_id": "6258386249", "code": 5204, "fclass": "crossing", "name": null }, "geometry": { "type": "Point", "coordinates": [ 79.8526955, 6.9228516 ] } },
{ "type": "Feature", "properties": { "osm_id": "6258386254", "code": 5204, "fclass": "crossing", "name": null }, "geometry": { "type": "Point", "coordinates": [ 79.8521018, 6.9231615 ] } },
{ "type": "Feature", "properties": { "osm_id": "6258551227", "code": 5204, "fclass": "crossing", "name": null }, "geometry": { "type": "Point", "coordinates": [ 79.8600267, 6.879448 ] } },
{ "type": "Feature", "properties": { "osm_id": "6277581698", "code": 5204, "fclass": "crossing", "name": null }, "geometry": { "type": "Point", "coordinates": [ 79.8603614, 6.9321884 ] } },
{ "type": "Feature", "properties": { "osm_id": "6503499810", "code": 5204, "fclass": "crossing", "name": null }, "geometry": { "type": "Point", "coordinates": [ 79.8713057, 6.9320056 ] } },
{ "type": "Feature", "properties": { "osm_id": "6515381900", "code": 5204, "fclass": "crossing", "name": null }, "geometry": { "type": "Point", "coordinates": [ 80.1207642, 7.2344024 ] } },
{ "type": "Feature", "properties": { "osm_id": "6517530665", "code": 5204, "fclass": "crossing", "name": null }, "geometry": { "type": "Point", "coordinates": [ 79.8580705, 6.8925363 ] } },
{ "type": "Feature", "properties": { "osm_id": "6518084148", "code": 5204, "fclass": "crossing", "name": null }, "geometry": { "type": "Point", "coordinates": [ 79.9255982, 6.893627 ] } },
{ "type": "Feature", "properties": { "osm_id": "6518084163", "code": 5204, "fclass": "crossing", "name": null }, "geometry": { "type": "Point", "coordinates": [ 79.928588, 6.8924624 ] } },
{ "type": "Feature", "properties": { "osm_id": "6518088296", "code": 5204, "fclass": "crossing", "name": null }, "geometry": { "type": "Point", "coordinates": [ 79.9318943, 6.8852826 ] } },
{ "type": "Feature", "properties": { "osm_id": "6518088297", "code": 5204, "fclass": "crossing", "name": null }, "geometry": { "type": "Point", "coordinates": [ 79.9319564, 6.8853099 ] } },
{ "type": "Feature", "properties": { "osm_id": "6518088307", "code": 5204, "fclass": "crossing", "name": null }, "geometry": { "type": "Point", "coordinates": [ 79.9351138, 6.8780898 ] } },
{ "type": "Feature", "properties": { "osm_id": "6518088308", "code": 5204, "fclass": "crossing", "name": null }, "geometry": { "type": "Point", "coordinates": [ 79.9350479, 6.8780734 ] } },
{ "type": "Feature", "properties": { "osm_id": "6518088309", "code": 5204, "fclass": "crossing", "name": null }, "geometry": { "type": "Point", "coordinates": [ 79.9345183, 6.880226 ] } },
{ "type": "Feature", "properties": { "osm_id": "6518088310", "code": 5204, "fclass": "crossing", "name": null }, "geometry": { "type": "Point", "coordinates": [ 79.9344519, 6.8802119 ] } },
{ "type": "Feature", "properties": { "osm_id": "6518088327", "code": 5204, "fclass": "crossing", "name": null }, "geometry": { "type": "Point", "coordinates": [ 79.9292947, 6.8898536 ] } },
{ "type": "Feature", "properties": { "osm_id": "6518088333", "code": 5204, "fclass": "crossing", "name": null }, "geometry": { "type": "Point", "coordinates": [ 79.9302472, 6.8885963 ] } },
{ "type": "Feature", "properties": { "osm_id": "6518088341", "code": 5204, "fclass": "crossing", "name": null }, "geometry": { "type": "Point", "coordinates": [ 79.931956, 6.8879341 ] } },
{ "type": "Feature", "properties": { "osm_id": "6518088364", "code": 5204, "fclass": "crossing", "name": null }, "geometry": { "type": "Point", "coordinates": [ 79.9333323, 6.883066 ] } },
{ "type": "Feature", "properties": { "osm_id": "6522676330", "code": 5204, "fclass": "crossing", "name": null }, "geometry": { "type": "Point", "coordinates": [ 79.8772986, 6.9065999 ] } },
{ "type": "Feature", "properties": { "osm_id": "6524879728", "code": 5204, "fclass": "crossing", "name": null }, "geometry": { "type": "Point", "coordinates": [ 79.9139529, 6.9050448 ] } },
{ "type": "Feature", "properties": { "osm_id": "6524879749", "code": 5204, "fclass": "crossing", "name": null }, "geometry": { "type": "Point", "coordinates": [ 79.9139272, 6.9049775 ] } },
{ "type": "Feature", "properties": { "osm_id": "6548142824", "code": 5204, "fclass": "crossing", "name": null }, "geometry": { "type": "Point", "coordinates": [ 79.8619624, 6.9475384 ] } },
{ "type": "Feature", "properties": { "osm_id": "6548172086", "code": 5204, "fclass": "crossing", "name": null }, "geometry": { "type": "Point", "coordinates": [ 79.8622262, 6.947641 ] } },
{ "type": "Feature", "properties": { "osm_id": "6548172087", "code": 5204, "fclass": "crossing", "name": null }, "geometry": { "type": "Point", "coordinates": [ 79.8622681, 6.9476274 ] } },
{ "type": "Feature", "properties": { "osm_id": "6549195457", "code": 5204, "fclass": "crossing", "name": null }, "geometry": { "type": "Point", "coordinates": [ 79.8980362, 6.8697891 ] } },
{ "type": "Feature", "properties": { "osm_id": "6557159641", "code": 5204, "fclass": "crossing", "name": null }, "geometry": { "type": "Point", "coordinates": [ 79.8710557, 6.8898768 ] } },
{ "type": "Feature", "properties": { "osm_id": "6689144268", "code": 5204, "fclass": "crossing", "name": null }, "geometry": { "type": "Point", "coordinates": [ 79.8643284, 6.9436315 ] } },
{ "type": "Feature", "properties": { "osm_id": "6776549794", "code": 5204, "fclass": "crossing", "name": null }, "geometry": { "type": "Point", "coordinates": [ 79.9023043, 6.8841633 ] } },
{ "type": "Feature", "properties": { "osm_id": "6776549795", "code": 5204, "fclass": "crossing", "name": null }, "geometry": { "type": "Point", "coordinates": [ 79.9023049, 6.8842128 ] } },
{ "type": "Feature", "properties": { "osm_id": "6804519393", "code": 5204, "fclass": "crossing", "name": null }, "geometry": { "type": "Point", "coordinates": [ 79.9653855, 6.8412522 ] } },
{ "type": "Feature", "properties": { "osm_id": "6804519394", "code": 5204, "fclass": "crossing", "name": null }, "geometry": { "type": "Point", "coordinates": [ 79.9653503, 6.8411541 ] } },
{ "type": "Feature", "properties": { "osm_id": "6804519395", "code": 5204, "fclass": "crossing", "name": null }, "geometry": { "type": "Point", "coordinates": [ 79.9560541, 6.8449773 ] } },
{ "type": "Feature", "properties": { "osm_id": "6804519396", "code": 5204, "fclass": "crossing", "name": null }, "geometry": { "type": "Point", "coordinates": [ 79.958014, 6.8445176 ] } },
{ "type": "Feature", "properties": { "osm_id": "6899818647", "code": 5204, "fclass": "crossing", "name": null }, "geometry": { "type": "Point", "coordinates": [ 79.981793, 6.4938396 ] } },
{ "type": "Feature", "properties": { "osm_id": "6899818663", "code": 5204, "fclass": "crossing", "name": null }, "geometry": { "type": "Point", "coordinates": [ 79.9821086, 6.4925076 ] } },
{ "type": "Feature", "properties": { "osm_id": "6934024871", "code": 5204, "fclass": "crossing", "name": null }, "geometry": { "type": "Point", "coordinates": [ 79.9422272, 6.8646098 ] } },
{ "type": "Feature", "properties": { "osm_id": "6986490702", "code": 5204, "fclass": "crossing", "name": null }, "geometry": { "type": "Point", "coordinates": [ 80.15983, 7.2582342 ] } },
{ "type": "Feature", "properties": { "osm_id": "6987528468", "code": 5204, "fclass": "crossing", "name": null }, "geometry": { "type": "Point", "coordinates": [ 80.1402385, 7.2557673 ] } },
{ "type": "Feature", "properties": { "osm_id": "6987528755", "code": 5204, "fclass": "crossing", "name": null }, "geometry": { "type": "Point", "coordinates": [ 80.152309, 7.2572056 ] } },
{ "type": "Feature", "properties": { "osm_id": "7014931575", "code": 5204, "fclass": "crossing", "name": null }, "geometry": { "type": "Point", "coordinates": [ 80.1348671, 6.9179432 ] } },
{ "type": "Feature", "properties": { "osm_id": "7018578322", "code": 5204, "fclass": "crossing", "name": null }, "geometry": { "type": "Point", "coordinates": [ 79.8782586, 7.1476192 ] } },
{ "type": "Feature", "properties": { "osm_id": "7030628006", "code": 5204, "fclass": "crossing", "name": null }, "geometry": { "type": "Point", "coordinates": [ 79.947833, 6.8463201 ] } },
{ "type": "Feature", "properties": { "osm_id": "7030628015", "code": 5204, "fclass": "crossing", "name": null }, "geometry": { "type": "Point", "coordinates": [ 79.9414507, 6.8448887 ] } },
{ "type": "Feature", "properties": { "osm_id": "7030628025", "code": 5204, "fclass": "crossing", "name": null }, "geometry": { "type": "Point", "coordinates": [ 79.9381383, 6.84545 ] } },
{ "type": "Feature", "properties": { "osm_id": "7030628057", "code": 5204, "fclass": "crossing", "name": null }, "geometry": { "type": "Point", "coordinates": [ 79.9620473, 6.8423413 ] } },
{ "type": "Feature", "properties": { "osm_id": "7030628066", "code": 5204, "fclass": "crossing", "name": null }, "geometry": { "type": "Point", "coordinates": [ 79.9577801, 6.8435184 ] } },
{ "type": "Feature", "properties": { "osm_id": "7030921466", "code": 5204, "fclass": "crossing", "name": null }, "geometry": { "type": "Point", "coordinates": [ 79.9668416, 6.8404934 ] } },
{ "type": "Feature", "properties": { "osm_id": "7062180096", "code": 5204, "fclass": "crossing", "name": null }, "geometry": { "type": "Point", "coordinates": [ 79.9391162, 6.8710277 ] } },
{ "type": "Feature", "properties": { "osm_id": "7062180119", "code": 5204, "fclass": "crossing", "name": null }, "geometry": { "type": "Point", "coordinates": [ 79.9421642, 6.8646028 ] } },
{ "type": "Feature", "properties": { "osm_id": "7062180163", "code": 5204, "fclass": "crossing", "name": null }, "geometry": { "type": "Point", "coordinates": [ 79.9453774, 6.8563025 ] } },
{ "type": "Feature", "properties": { "osm_id": "7062180174", "code": 5204, "fclass": "crossing", "name": null }, "geometry": { "type": "Point", "coordinates": [ 79.9464689, 6.8527017 ] } },
{ "type": "Feature", "properties": { "osm_id": "7062180179", "code": 5204, "fclass": "crossing", "name": null }, "geometry": { "type": "Point", "coordinates": [ 79.9476637, 6.850614 ] } },
{ "type": "Feature", "properties": { "osm_id": "7062180186", "code": 5204, "fclass": "crossing", "name": null }, "geometry": { "type": "Point", "coordinates": [ 79.948347, 6.8492328 ] } },
{ "type": "Feature", "properties": { "osm_id": "7062379358", "code": 5204, "fclass": "crossing", "name": null }, "geometry": { "type": "Point", "coordinates": [ 79.9640238, 6.7870187 ] } },
{ "type": "Feature", "properties": { "osm_id": "7062379378", "code": 5204, "fclass": "crossing", "name": null }, "geometry": { "type": "Point", "coordinates": [ 79.9849226, 6.7833127 ] } },
{ "type": "Feature", "properties": { "osm_id": "7062428145", "code": 5204, "fclass": "crossing", "name": null }, "geometry": { "type": "Point", "coordinates": [ 79.9971346, 6.7807203 ] } },
{ "type": "Feature", "properties": { "osm_id": "7062428153", "code": 5204, "fclass": "crossing", "name": null }, "geometry": { "type": "Point", "coordinates": [ 79.9951389, 6.7811418 ] } },
{ "type": "Feature", "properties": { "osm_id": "7062428178", "code": 5204, "fclass": "crossing", "name": null }, "geometry": { "type": "Point", "coordinates": [ 79.9901663, 6.7838285 ] } },
{ "type": "Feature", "properties": { "osm_id": "7085495076", "code": 5204, "fclass": "crossing", "name": null }, "geometry": { "type": "Point", "coordinates": [ 79.8738304, 6.8192833 ] } },
{ "type": "Feature", "properties": { "osm_id": "7085506287", "code": 5204, "fclass": "crossing", "name": null }, "geometry": { "type": "Point", "coordinates": [ 79.8755049, 6.8171834 ] } },
{ "type": "Feature", "properties": { "osm_id": "7085506320", "code": 5204, "fclass": "crossing", "name": null }, "geometry": { "type": "Point", "coordinates": [ 79.8864835, 6.8049109 ] } },
{ "type": "Feature", "properties": { "osm_id": "7293348114", "code": 5204, "fclass": "crossing", "name": null }, "geometry": { "type": "Point", "coordinates": [ 79.8460449, 6.9284782 ] } },
{ "type": "Feature", "properties": { "osm_id": "7311769031", "code": 5204, "fclass": "crossing", "name": null }, "geometry": { "type": "Point", "coordinates": [ 80.0285552, 6.8588789 ] } },
{ "type": "Feature", "properties": { "osm_id": "7621971273", "code": 5204, "fclass": "crossing", "name": null }, "geometry": { "type": "Point", "coordinates": [ 80.0571509, 7.1168221 ] } },
{ "type": "Feature", "properties": { "osm_id": "7629883105", "code": 5204, "fclass": "crossing", "name": null }, "geometry": { "type": "Point", "coordinates": [ 80.1128165, 6.6764379 ] } },
{ "type": "Feature", "properties": { "osm_id": "7786917065", "code": 5204, "fclass": "crossing", "name": null }, "geometry": { "type": "Point", "coordinates": [ 80.0933442, 7.1385447 ] } },
{ "type": "Feature", "properties": { "osm_id": "7786917076", "code": 5204, "fclass": "crossing", "name": null }, "geometry": { "type": "Point", "coordinates": [ 80.0898, 7.1358557 ] } },
{ "type": "Feature", "properties": { "osm_id": "7786917083", "code": 5204, "fclass": "crossing", "name": null }, "geometry": { "type": "Point", "coordinates": [ 80.0592219, 7.1180973 ] } },
{ "type": "Feature", "properties": { "osm_id": "7786917084", "code": 5204, "fclass": "crossing", "name": null }, "geometry": { "type": "Point", "coordinates": [ 80.0591753, 7.1181723 ] } },
{ "type": "Feature", "properties": { "osm_id": "7786924191", "code": 5204, "fclass": "crossing", "name": null }, "geometry": { "type": "Point", "coordinates": [ 80.0826502, 7.1338782 ] } },
{ "type": "Feature", "properties": { "osm_id": "7786924199", "code": 5204, "fclass": "crossing", "name": null }, "geometry": { "type": "Point", "coordinates": [ 80.0801201, 7.1334727 ] } },
{ "type": "Feature", "properties": { "osm_id": "7786924206", "code": 5204, "fclass": "crossing", "name": null }, "geometry": { "type": "Point", "coordinates": [ 80.0776624, 7.1321512 ] } },
{ "type": "Feature", "properties": { "osm_id": "7786924213", "code": 5204, "fclass": "crossing", "name": null }, "geometry": { "type": "Point", "coordinates": [ 80.0755647, 7.1304758 ] } },
{ "type": "Feature", "properties": { "osm_id": "7786924217", "code": 5204, "fclass": "crossing", "name": null }, "geometry": { "type": "Point", "coordinates": [ 80.0744743, 7.1295551 ] } },
{ "type": "Feature", "properties": { "osm_id": "7786924220", "code": 5204, "fclass": "crossing", "name": null }, "geometry": { "type": "Point", "coordinates": [ 80.0733299, 7.1284703 ] } },
{ "type": "Feature", "properties": { "osm_id": "7786924229", "code": 5204, "fclass": "crossing", "name": null }, "geometry": { "type": "Point", "coordinates": [ 80.0699735, 7.1253664 ] } },
{ "type": "Feature", "properties": { "osm_id": "7786924236", "code": 5204, "fclass": "crossing", "name": null }, "geometry": { "type": "Point", "coordinates": [ 80.067286, 7.1232595 ] } },
{ "type": "Feature", "properties": { "osm_id": "7786924239", "code": 5204, "fclass": "crossing", "name": null }, "geometry": { "type": "Point", "coordinates": [ 80.0652414, 7.1218978 ] } },
{ "type": "Feature", "properties": { "osm_id": "7786924243", "code": 5204, "fclass": "crossing", "name": null }, "geometry": { "type": "Point", "coordinates": [ 80.0635448, 7.1207558 ] } },
{ "type": "Feature", "properties": { "osm_id": "7786924253", "code": 5204, "fclass": "crossing", "name": null }, "geometry": { "type": "Point", "coordinates": [ 80.0897622, 7.1359269 ] } },
{ "type": "Feature", "properties": { "osm_id": "7786924254", "code": 5204, "fclass": "crossing", "name": null }, "geometry": { "type": "Point", "coordinates": [ 80.0932685, 7.1385775 ] } },
{ "type": "Feature", "properties": { "osm_id": "7794038129", "code": 5204, "fclass": "crossing", "name": null }, "geometry": { "type": "Point", "coordinates": [ 79.9669172, 7.0123584 ] } },
{ "type": "Feature", "properties": { "osm_id": "7794038130", "code": 5204, "fclass": "crossing", "name": null }, "geometry": { "type": "Point", "coordinates": [ 79.9669963, 7.0123247 ] } },
{ "type": "Feature", "properties": { "osm_id": "7805969039", "code": 5204, "fclass": "crossing", "name": null }, "geometry": { "type": "Point", "coordinates": [ 80.0866684, 6.8394011 ] } },
{ "type": "Feature", "properties": { "osm_id": "7808778632", "code": 5204, "fclass": "crossing", "name": null }, "geometry": { "type": "Point", "coordinates": [ 80.0698864, 6.8554059 ] } },
{ "type": "Feature", "properties": { "osm_id": "7810616334", "code": 5204, "fclass": "crossing", "name": null }, "geometry": { "type": "Point", "coordinates": [ 79.9320185, 6.8879647 ] } },
{ "type": "Feature", "properties": { "osm_id": "7810616367", "code": 5204, "fclass": "crossing", "name": null }, "geometry": { "type": "Point", "coordinates": [ 79.9319606, 6.8853115 ] } },
{ "type": "Feature", "properties": { "osm_id": "7814701479", "code": 5204, "fclass": "crossing", "name": null }, "geometry": { "type": "Point", "coordinates": [ 79.9263245, 6.8910345 ] } },
{ "type": "Feature", "properties": { "osm_id": "7814701554", "code": 5204, "fclass": "crossing", "name": null }, "geometry": { "type": "Point", "coordinates": [ 79.9319483, 6.8879291 ] } },
{ "type": "Feature", "properties": { "osm_id": "7814701568", "code": 5204, "fclass": "crossing", "name": null }, "geometry": { "type": "Point", "coordinates": [ 79.9318859, 6.8852793 ] } },
{ "type": "Feature", "properties": { "osm_id": "7826028322", "code": 5204, "fclass": "crossing", "name": null }, "geometry": { "type": "Point", "coordinates": [ 79.9255891, 6.8936114 ] } },
{ "type": "Feature", "properties": { "osm_id": "7832550477", "code": 5204, "fclass": "crossing", "name": null }, "geometry": { "type": "Point", "coordinates": [ 79.8599756, 6.909563 ] } },
{ "type": "Feature", "properties": { "osm_id": "7833128712", "code": 5204, "fclass": "crossing", "name": null }, "geometry": { "type": "Point", "coordinates": [ 79.845477, 6.9277659 ] } },
{ "type": "Feature", "properties": { "osm_id": "7900068126", "code": 5204, "fclass": "crossing", "name": null }, "geometry": { "type": "Point", "coordinates": [ 80.1231918, 7.324326 ] } },
{ "type": "Feature", "properties": { "osm_id": "7902190605", "code": 5204, "fclass": "crossing", "name": null }, "geometry": { "type": "Point", "coordinates": [ 79.9640866, 7.0083548 ] } },
{ "type": "Feature", "properties": { "osm_id": "7902190606", "code": 5204, "fclass": "crossing", "name": null }, "geometry": { "type": "Point", "coordinates": [ 79.9641102, 7.0082815 ] } },
{ "type": "Feature", "properties": { "osm_id": "7902699121", "code": 5204, "fclass": "crossing", "name": null }, "geometry": { "type": "Point", "coordinates": [ 79.9186091, 6.9500088 ] } },
{ "type": "Feature", "properties": { "osm_id": "7902699122", "code": 5204, "fclass": "crossing", "name": null }, "geometry": { "type": "Point", "coordinates": [ 79.9186104, 6.9500982 ] } },
{ "type": "Feature", "properties": { "osm_id": "7915441230", "code": 5204, "fclass": "crossing", "name": null }, "geometry": { "type": "Point", "coordinates": [ 79.8894201, 6.905777 ] } },
{ "type": "Feature", "properties": { "osm_id": "8012561477", "code": 5204, "fclass": "crossing", "name": null }, "geometry": { "type": "Point", "coordinates": [ 80.042998, 6.8221164 ] } },
{ "type": "Feature", "properties": { "osm_id": "8012609391", "code": 5204, "fclass": "crossing", "name": null }, "geometry": { "type": "Point", "coordinates": [ 80.0433505, 6.8212738 ] } },
{ "type": "Feature", "properties": { "osm_id": "8012609400", "code": 5204, "fclass": "crossing", "name": null }, "geometry": { "type": "Point", "coordinates": [ 80.0424943, 6.8210704 ] } },
{ "type": "Feature", "properties": { "osm_id": "8091530780", "code": 5204, "fclass": "crossing", "name": null }, "geometry": { "type": "Point", "coordinates": [ 79.9925514, 6.7829728 ] } },
{ "type": "Feature", "properties": { "osm_id": "8091530781", "code": 5204, "fclass": "crossing", "name": null }, "geometry": { "type": "Point", "coordinates": [ 79.9925134, 6.7829171 ] } },
{ "type": "Feature", "properties": { "osm_id": "8091533955", "code": 5204, "fclass": "crossing", "name": null }, "geometry": { "type": "Point", "coordinates": [ 79.9863586, 6.7832972 ] } },
{ "type": "Feature", "properties": { "osm_id": "8091533956", "code": 5204, "fclass": "crossing", "name": null }, "geometry": { "type": "Point", "coordinates": [ 79.9863722, 6.7833724 ] } },
{ "type": "Feature", "properties": { "osm_id": "8091533957", "code": 5204, "fclass": "crossing", "name": null }, "geometry": { "type": "Point", "coordinates": [ 79.9832502, 6.7834894 ] } },
{ "type": "Feature", "properties": { "osm_id": "8091533958", "code": 5204, "fclass": "crossing", "name": null }, "geometry": { "type": "Point", "coordinates": [ 79.98329, 6.7835473 ] } },
{ "type": "Feature", "properties": { "osm_id": "8095799931", "code": 5204, "fclass": "crossing", "name": null }, "geometry": { "type": "Point", "coordinates": [ 79.9863811, 6.7834118 ] } },
{ "type": "Feature", "properties": { "osm_id": "8149583553", "code": 5204, "fclass": "crossing", "name": null }, "geometry": { "type": "Point", "coordinates": [ 80.1128599, 6.8392682 ] } },
{ "type": "Feature", "properties": { "osm_id": "8163293787", "code": 5204, "fclass": "crossing", "name": null }, "geometry": { "type": "Point", "coordinates": [ 80.205858, 6.9590377 ] } },
{ "type": "Feature", "properties": { "osm_id": "8286692970", "code": 5204, "fclass": "crossing", "name": null }, "geometry": { "type": "Point", "coordinates": [ 79.9262983, 6.8990703 ] } },
{ "type": "Feature", "properties": { "osm_id": "8288894218", "code": 5204, "fclass": "crossing", "name": null }, "geometry": { "type": "Point", "coordinates": [ 79.9525791, 6.9190074 ] } },
{ "type": "Feature", "properties": { "osm_id": "8319662494", "code": 5204, "fclass": "crossing", "name": null }, "geometry": { "type": "Point", "coordinates": [ 79.9331963, 6.9024159 ] } },
{ "type": "Feature", "properties": { "osm_id": "8418691538", "code": 5204, "fclass": "crossing", "name": null }, "geometry": { "type": "Point", "coordinates": [ 80.2045136, 6.9545296 ] } },
{ "type": "Feature", "properties": { "osm_id": "8441037169", "code": 5204, "fclass": "crossing", "name": null }, "geometry": { "type": "Point", "coordinates": [ 80.172123, 6.9365712 ] } },
{ "type": "Feature", "properties": { "osm_id": "8441037424", "code": 5204, "fclass": "crossing", "name": null }, "geometry": { "type": "Point", "coordinates": [ 80.1677133, 6.9376724 ] } },
{ "type": "Feature", "properties": { "osm_id": "8502436773", "code": 5204, "fclass": "crossing", "name": null }, "geometry": { "type": "Point", "coordinates": [ 79.881869, 6.9105311 ] } },
{ "type": "Feature", "properties": { "osm_id": "8561172664", "code": 5204, "fclass": "crossing", "name": null }, "geometry": { "type": "Point", "coordinates": [ 79.8874767, 6.7943515 ] } },
{ "type": "Feature", "properties": { "osm_id": "8561172665", "code": 5204, "fclass": "crossing", "name": null }, "geometry": { "type": "Point", "coordinates": [ 79.8876226, 6.7943879 ] } },
{ "type": "Feature", "properties": { "osm_id": "8562473932", "code": 5204, "fclass": "crossing", "name": null }, "geometry": { "type": "Point", "coordinates": [ 79.8885323, 6.7993504 ] } },
{ "type": "Feature", "properties": { "osm_id": "8562473933", "code": 5204, "fclass": "crossing", "name": null }, "geometry": { "type": "Point", "coordinates": [ 79.888435, 6.7992619 ] } },
{ "type": "Feature", "properties": { "osm_id": "8603111413", "code": 5204, "fclass": "crossing", "name": null }, "geometry": { "type": "Point", "coordinates": [ 79.8580341, 7.2336551 ] } },
{ "type": "Feature", "properties": { "osm_id": "8605283574", "code": 5204, "fclass": "crossing", "name": null }, "geometry": { "type": "Point", "coordinates": [ 79.8772262, 7.2375979 ] } },
{ "type": "Feature", "properties": { "osm_id": "8609542905", "code": 5204, "fclass": "crossing", "name": null }, "geometry": { "type": "Point", "coordinates": [ 79.9123031, 7.0544943 ] } },
{ "type": "Feature", "properties": { "osm_id": "8612542988", "code": 5204, "fclass": "crossing", "name": null }, "geometry": { "type": "Point", "coordinates": [ 79.8436458, 7.2098264 ] } },
{ "type": "Feature", "properties": { "osm_id": "8616824039", "code": 5204, "fclass": "crossing", "name": null }, "geometry": { "type": "Point", "coordinates": [ 79.8798168, 6.9377375 ] } },
{ "type": "Feature", "properties": { "osm_id": "8616824059", "code": 5204, "fclass": "crossing", "name": null }, "geometry": { "type": "Point", "coordinates": [ 79.8783259, 6.9368142 ] } },
{ "type": "Feature", "properties": { "osm_id": "8616824060", "code": 5204, "fclass": "crossing", "name": null }, "geometry": { "type": "Point", "coordinates": [ 79.87833, 6.936969 ] } },
{ "type": "Feature", "properties": { "osm_id": "8616824061", "code": 5204, "fclass": "crossing", "name": null }, "geometry": { "type": "Point", "coordinates": [ 79.8781043, 6.9367645 ] } },
{ "type": "Feature", "properties": { "osm_id": "8616824062", "code": 5204, "fclass": "crossing", "name": null }, "geometry": { "type": "Point", "coordinates": [ 79.8781013, 6.936623 ] } },
{ "type": "Feature", "properties": { "osm_id": "8616824065", "code": 5204, "fclass": "crossing", "name": null }, "geometry": { "type": "Point", "coordinates": [ 79.8781005, 6.936566 ] } },
{ "type": "Feature", "properties": { "osm_id": "8616824066", "code": 5204, "fclass": "crossing", "name": null }, "geometry": { "type": "Point", "coordinates": [ 79.8783242, 6.9367631 ] } },
{ "type": "Feature", "properties": { "osm_id": "8616824069", "code": 5204, "fclass": "crossing", "name": null }, "geometry": { "type": "Point", "coordinates": [ 79.8800683, 6.9379932 ] } },
{ "type": "Feature", "properties": { "osm_id": "8620204506", "code": 5204, "fclass": "crossing", "name": null }, "geometry": { "type": "Point", "coordinates": [ 80.1147123, 7.0660547 ] } },
{ "type": "Feature", "properties": { "osm_id": "8620205554", "code": 5204, "fclass": "crossing", "name": null }, "geometry": { "type": "Point", "coordinates": [ 80.1157004, 7.0574779 ] } },
{ "type": "Feature", "properties": { "osm_id": "8621126062", "code": 5204, "fclass": "crossing", "name": null }, "geometry": { "type": "Point", "coordinates": [ 79.884928, 6.9481423 ] } },
{ "type": "Feature", "properties": { "osm_id": "8622080996", "code": 5204, "fclass": "crossing", "name": null }, "geometry": { "type": "Point", "coordinates": [ 79.8982678, 7.0577858 ] } },
{ "type": "Feature", "properties": { "osm_id": "8622080997", "code": 5204, "fclass": "crossing", "name": null }, "geometry": { "type": "Point", "coordinates": [ 79.898207, 7.057857 ] } },
{ "type": "Feature", "properties": { "osm_id": "8625617826", "code": 5204, "fclass": "crossing", "name": null }, "geometry": { "type": "Point", "coordinates": [ 79.9728702, 6.8450955 ] } },
{ "type": "Feature", "properties": { "osm_id": "8672631423", "code": 5204, "fclass": "crossing", "name": null }, "geometry": { "type": "Point", "coordinates": [ 79.9800004, 6.5020245 ] } },
{ "type": "Feature", "properties": { "osm_id": "8672631428", "code": 5204, "fclass": "crossing", "name": null }, "geometry": { "type": "Point", "coordinates": [ 79.9805732, 6.50139 ] } },
{ "type": "Feature", "properties": { "osm_id": "8701260444", "code": 5204, "fclass": "crossing", "name": null }, "geometry": { "type": "Point", "coordinates": [ 79.882198, 6.9098702 ] } },
{ "type": "Feature", "properties": { "osm_id": "8708030327", "code": 5204, "fclass": "crossing", "name": null }, "geometry": { "type": "Point", "coordinates": [ 79.8684386, 6.891275 ] } },
{ "type": "Feature", "properties": { "osm_id": "8708030328", "code": 5204, "fclass": "crossing", "name": null }, "geometry": { "type": "Point", "coordinates": [ 79.8687882, 6.8915256 ] } },
{ "type": "Feature", "properties": { "osm_id": "8708030329", "code": 5204, "fclass": "crossing", "name": null }, "geometry": { "type": "Point", "coordinates": [ 79.8695282, 6.8923009 ] } },
{ "type": "Feature", "properties": { "osm_id": "8708030330", "code": 5204, "fclass": "crossing", "name": null }, "geometry": { "type": "Point", "coordinates": [ 79.8699009, 6.8926641 ] } },
{ "type": "Feature", "properties": { "osm_id": "8708030331", "code": 5204, "fclass": "crossing", "name": null }, "geometry": { "type": "Point", "coordinates": [ 79.8700549, 6.8930968 ] } },
{ "type": "Feature", "properties": { "osm_id": "8708030332", "code": 5204, "fclass": "crossing", "name": null }, "geometry": { "type": "Point", "coordinates": [ 79.8712076, 6.8944265 ] } },
{ "type": "Feature", "properties": { "osm_id": "8708030333", "code": 5204, "fclass": "crossing", "name": null }, "geometry": { "type": "Point", "coordinates": [ 79.8718035, 6.8949714 ] } },
{ "type": "Feature", "properties": { "osm_id": "8708030334", "code": 5204, "fclass": "crossing", "name": null }, "geometry": { "type": "Point", "coordinates": [ 79.8667542, 6.891275 ] } },
{ "type": "Feature", "properties": { "osm_id": "8708030335", "code": 5204, "fclass": "crossing", "name": null }, "geometry": { "type": "Point", "coordinates": [ 79.866263, 6.8910353 ] } },
{ "type": "Feature", "properties": { "osm_id": "8708030336", "code": 5204, "fclass": "crossing", "name": null }, "geometry": { "type": "Point", "coordinates": [ 79.8673825, 6.8914073 ] } },
{ "type": "Feature", "properties": { "osm_id": "8708030391", "code": 5204, "fclass": "crossing", "name": null }, "geometry": { "type": "Point", "coordinates": [ 79.8613665, 6.8949415 ] } },
{ "type": "Feature", "properties": { "osm_id": "8777321784", "code": 5204, "fclass": "crossing", "name": null }, "geometry": { "type": "Point", "coordinates": [ 79.9006094, 6.8765881 ] } },
{ "type": "Feature", "properties": { "osm_id": "8778512104", "code": 5204, "fclass": "crossing", "name": null }, "geometry": { "type": "Point", "coordinates": [ 79.9109378, 6.9046121 ] } },
{ "type": "Feature", "properties": { "osm_id": "8791800423", "code": 5204, "fclass": "crossing", "name": null }, "geometry": { "type": "Point", "coordinates": [ 79.8864197, 6.9280784 ] } },
{ "type": "Feature", "properties": { "osm_id": "8791800941", "code": 5204, "fclass": "crossing", "name": null }, "geometry": { "type": "Point", "coordinates": [ 79.8880021, 6.9280321 ] } },
{ "type": "Feature", "properties": { "osm_id": "8791800979", "code": 5204, "fclass": "crossing", "name": null }, "geometry": { "type": "Point", "coordinates": [ 79.8870068, 6.9283754 ] } },
{ "type": "Feature", "properties": { "osm_id": "8791800980", "code": 5204, "fclass": "crossing", "name": null }, "geometry": { "type": "Point", "coordinates": [ 79.8870092, 6.9283896 ] } },
{ "type": "Feature", "properties": { "osm_id": "8791800981", "code": 5204, "fclass": "crossing", "name": null }, "geometry": { "type": "Point", "coordinates": [ 79.886118, 6.9289231 ] } },
{ "type": "Feature", "properties": { "osm_id": "8817742876", "code": 5204, "fclass": "crossing", "name": null }, "geometry": { "type": "Point", "coordinates": [ 79.9440363, 6.6258716 ] } },
{ "type": "Feature", "properties": { "osm_id": "8817742877", "code": 5204, "fclass": "crossing", "name": null }, "geometry": { "type": "Point", "coordinates": [ 79.9430009, 6.6293884 ] } },
{ "type": "Feature", "properties": { "osm_id": "8817742878", "code": 5204, "fclass": "crossing", "name": null }, "geometry": { "type": "Point", "coordinates": [ 79.9400956, 6.6370083 ] } },
{ "type": "Feature", "properties": { "osm_id": "8817742879", "code": 5204, "fclass": "crossing", "name": null }, "geometry": { "type": "Point", "coordinates": [ 79.9412619, 6.6340203 ] } },
{ "type": "Feature", "properties": { "osm_id": "8930848774", "code": 5204, "fclass": "crossing", "name": null }, "geometry": { "type": "Point", "coordinates": [ 80.1470394, 7.2557657 ] } },
{ "type": "Feature", "properties": { "osm_id": "8930848775", "code": 5204, "fclass": "crossing", "name": null }, "geometry": { "type": "Point", "coordinates": [ 79.8854885, 7.1206628 ] } },
{ "type": "Feature", "properties": { "osm_id": "8930848776", "code": 5204, "fclass": "crossing", "name": null }, "geometry": { "type": "Point", "coordinates": [ 79.8854526, 7.1206303 ] } },
{ "type": "Feature", "properties": { "osm_id": "8930848777", "code": 5204, "fclass": "crossing", "name": null }, "geometry": { "type": "Point", "coordinates": [ 79.8782865, 7.1471896 ] } },
{ "type": "Feature", "properties": { "osm_id": "8930848778", "code": 5204, "fclass": "crossing", "name": null }, "geometry": { "type": "Point", "coordinates": [ 79.8427325, 7.2120135 ] } },
{ "type": "Feature", "properties": { "osm_id": "8930848781", "code": 5204, "fclass": "crossing", "name": null }, "geometry": { "type": "Point", "coordinates": [ 79.8618477, 7.1917475 ] } },
{ "type": "Feature", "properties": { "osm_id": "8952547239", "code": 5204, "fclass": "crossing", "name": null }, "geometry": { "type": "Point", "coordinates": [ 79.9180267, 7.0162486 ] } },
{ "type": "Feature", "properties": { "osm_id": "8961090637", "code": 5204, "fclass": "crossing", "name": null }, "geometry": { "type": "Point", "coordinates": [ 80.1976939, 6.9445744 ] } },
{ "type": "Feature", "properties": { "osm_id": "8962420014", "code": 5204, "fclass": "crossing", "name": null }, "geometry": { "type": "Point", "coordinates": [ 80.1768779, 6.7438615 ] } },
{ "type": "Feature", "properties": { "osm_id": "8984754209", "code": 5204, "fclass": "crossing", "name": null }, "geometry": { "type": "Point", "coordinates": [ 80.1641922, 7.0869741 ] } },
{ "type": "Feature", "properties": { "osm_id": "8986845861", "code": 5204, "fclass": "crossing", "name": null }, "geometry": { "type": "Point", "coordinates": [ 79.9624596, 6.8446933 ] } },
{ "type": "Feature", "properties": { "osm_id": "8986845862", "code": 5204, "fclass": "crossing", "name": null }, "geometry": { "type": "Point", "coordinates": [ 79.8834422, 6.9326043 ] } },
{ "type": "Feature", "properties": { "osm_id": "8997200416", "code": 5204, "fclass": "crossing", "name": null }, "geometry": { "type": "Point", "coordinates": [ 80.1887537, 6.9335706 ] } },
{ "type": "Feature", "properties": { "osm_id": "9075697865", "code": 5204, "fclass": "crossing", "name": null }, "geometry": { "type": "Point", "coordinates": [ 79.8713435, 6.9319094 ] } },
{ "type": "Feature", "properties": { "osm_id": "9145959603", "code": 5204, "fclass": "crossing", "name": null }, "geometry": { "type": "Point", "coordinates": [ 79.917683, 6.6828278 ] } },
{ "type": "Feature", "properties": { "osm_id": "9145959607", "code": 5204, "fclass": "crossing", "name": null }, "geometry": { "type": "Point", "coordinates": [ 79.9181344, 6.6828886 ] } },
{ "type": "Feature", "properties": { "osm_id": "9218221367", "code": 5204, "fclass": "crossing", "name": null }, "geometry": { "type": "Point", "coordinates": [ 79.8746788, 6.8929623 ] } },
{ "type": "Feature", "properties": { "osm_id": "9243218789", "code": 5204, "fclass": "crossing", "name": null }, "geometry": { "type": "Point", "coordinates": [ 79.8558319, 6.8987569 ] } },
{ "type": "Feature", "properties": { "osm_id": "9280560314", "code": 5204, "fclass": "crossing", "name": null }, "geometry": { "type": "Point", "coordinates": [ 79.8861123, 6.955625 ] } },
{ "type": "Feature", "properties": { "osm_id": "9280560315", "code": 5204, "fclass": "crossing", "name": null }, "geometry": { "type": "Point", "coordinates": [ 79.8849203, 6.955588 ] } },
{ "type": "Feature", "properties": { "osm_id": "9280605420", "code": 5204, "fclass": "crossing", "name": null }, "geometry": { "type": "Point", "coordinates": [ 79.9364619, 7.1035359 ] } },
{ "type": "Feature", "properties": { "osm_id": "9280605421", "code": 5204, "fclass": "crossing", "name": null }, "geometry": { "type": "Point", "coordinates": [ 79.9349654, 7.1043426 ] } },
{ "type": "Feature", "properties": { "osm_id": "9280605422", "code": 5204, "fclass": "crossing", "name": null }, "geometry": { "type": "Point", "coordinates": [ 79.9328917, 7.1038476 ] } },
{ "type": "Feature", "properties": { "osm_id": "9280605423", "code": 5204, "fclass": "crossing", "name": null }, "geometry": { "type": "Point", "coordinates": [ 79.9310056, 7.1038101 ] } },
{ "type": "Feature", "properties": { "osm_id": "9282220742", "code": 5204, "fclass": "crossing", "name": null }, "geometry": { "type": "Point", "coordinates": [ 79.9285991, 6.8731247 ] } },
{ "type": "Feature", "properties": { "osm_id": "9437289601", "code": 5204, "fclass": "crossing", "name": null }, "geometry": { "type": "Point", "coordinates": [ 79.8796722, 6.9101945 ] } },
{ "type": "Feature", "properties": { "osm_id": "9464208007", "code": 5204, "fclass": "crossing", "name": null }, "geometry": { "type": "Point", "coordinates": [ 79.8513194, 6.9129726 ] } },
{ "type": "Feature", "properties": { "osm_id": "9464216940", "code": 5204, "fclass": "crossing", "name": null }, "geometry": { "type": "Point", "coordinates": [ 79.8526076, 6.9088001 ] } },
{ "type": "Feature", "properties": { "osm_id": "9464216941", "code": 5204, "fclass": "crossing", "name": null }, "geometry": { "type": "Point", "coordinates": [ 79.8537482, 6.9052745 ] } },
{ "type": "Feature", "properties": { "osm_id": "9464216942", "code": 5204, "fclass": "crossing", "name": null }, "geometry": { "type": "Point", "coordinates": [ 79.8544554, 6.9031874 ] } },
{ "type": "Feature", "properties": { "osm_id": "9464216943", "code": 5204, "fclass": "crossing", "name": null }, "geometry": { "type": "Point", "coordinates": [ 79.8567681, 6.8961953 ] } },
{ "type": "Feature", "properties": { "osm_id": "9464216944", "code": 5204, "fclass": "crossing", "name": null }, "geometry": { "type": "Point", "coordinates": [ 79.8568688, 6.8958733 ] } },
{ "type": "Feature", "properties": { "osm_id": "9464216945", "code": 5204, "fclass": "crossing", "name": null }, "geometry": { "type": "Point", "coordinates": [ 79.8599379, 6.8791771 ] } },
{ "type": "Feature", "properties": { "osm_id": "9464216946", "code": 5204, "fclass": "crossing", "name": null }, "geometry": { "type": "Point", "coordinates": [ 79.8598629, 6.8791565 ] } },
{ "type": "Feature", "properties": { "osm_id": "9464216947", "code": 5204, "fclass": "crossing", "name": null }, "geometry": { "type": "Point", "coordinates": [ 79.8598152, 6.8790185 ] } },
{ "type": "Feature", "properties": { "osm_id": "9464216948", "code": 5204, "fclass": "crossing", "name": null }, "geometry": { "type": "Point", "coordinates": [ 79.8615657, 6.8736462 ] } },
{ "type": "Feature", "properties": { "osm_id": "9464216949", "code": 5204, "fclass": "crossing", "name": null }, "geometry": { "type": "Point", "coordinates": [ 79.8614857, 6.8736303 ] } },
{ "type": "Feature", "properties": { "osm_id": "9465149146", "code": 5204, "fclass": "crossing", "name": null }, "geometry": { "type": "Point", "coordinates": [ 79.877483, 6.9094711 ] } },
{ "type": "Feature", "properties": { "osm_id": "9465149147", "code": 5204, "fclass": "crossing", "name": null }, "geometry": { "type": "Point", "coordinates": [ 79.8773761, 6.9094696 ] } },
{ "type": "Feature", "properties": { "osm_id": "9465149148", "code": 5204, "fclass": "crossing", "name": null }, "geometry": { "type": "Point", "coordinates": [ 79.877531, 6.9111286 ] } },
{ "type": "Feature", "properties": { "osm_id": "9465149149", "code": 5204, "fclass": "crossing", "name": null }, "geometry": { "type": "Point", "coordinates": [ 79.8774275, 6.9111286 ] } },
{ "type": "Feature", "properties": { "osm_id": "9465149150", "code": 5204, "fclass": "crossing", "name": null }, "geometry": { "type": "Point", "coordinates": [ 79.8776437, 6.9112114 ] } },
{ "type": "Feature", "properties": { "osm_id": "9465149151", "code": 5204, "fclass": "crossing", "name": null }, "geometry": { "type": "Point", "coordinates": [ 79.8776483, 6.9113267 ] } },
{ "type": "Feature", "properties": { "osm_id": "9465149182", "code": 5204, "fclass": "crossing", "name": null }, "geometry": { "type": "Point", "coordinates": [ 79.8609865, 6.8756522 ] } },
{ "type": "Feature", "properties": { "osm_id": "9465149183", "code": 5204, "fclass": "crossing", "name": null }, "geometry": { "type": "Point", "coordinates": [ 79.8608945, 6.8756198 ] } },
{ "type": "Feature", "properties": { "osm_id": "9465149184", "code": 5204, "fclass": "crossing", "name": null }, "geometry": { "type": "Point", "coordinates": [ 79.8611104, 6.8755328 ] } },
{ "type": "Feature", "properties": { "osm_id": "9465149185", "code": 5204, "fclass": "crossing", "name": null }, "geometry": { "type": "Point", "coordinates": [ 79.8610958, 6.875603 ] } },
{ "type": "Feature", "properties": { "osm_id": "9465149186", "code": 5204, "fclass": "crossing", "name": null }, "geometry": { "type": "Point", "coordinates": [ 79.8609701, 6.8753825 ] } },
{ "type": "Feature", "properties": { "osm_id": "9465149187", "code": 5204, "fclass": "crossing", "name": null }, "geometry": { "type": "Point", "coordinates": [ 79.8610632, 6.8754089 ] } },
{ "type": "Feature", "properties": { "osm_id": "9470561899", "code": 5204, "fclass": "crossing", "name": null }, "geometry": { "type": "Point", "coordinates": [ 79.8906772, 6.872711 ] } },
{ "type": "Feature", "properties": { "osm_id": "9472244849", "code": 5204, "fclass": "crossing", "name": null }, "geometry": { "type": "Point", "coordinates": [ 79.8554605, 6.8834487 ] } },
{ "type": "Feature", "properties": { "osm_id": "9492127226", "code": 5204, "fclass": "crossing", "name": null }, "geometry": { "type": "Point", "coordinates": [ 79.8735141, 7.1635269 ] } },
{ "type": "Feature", "properties": { "osm_id": "9492127227", "code": 5204, "fclass": "crossing", "name": null }, "geometry": { "type": "Point", "coordinates": [ 79.8739527, 7.1621858 ] } },
{ "type": "Feature", "properties": { "osm_id": "9496753351", "code": 5204, "fclass": "crossing", "name": null }, "geometry": { "type": "Point", "coordinates": [ 79.8608763, 6.8754659 ] } },
{ "type": "Feature", "properties": { "osm_id": "9496753352", "code": 5204, "fclass": "crossing", "name": null }, "geometry": { "type": "Point", "coordinates": [ 79.8618305, 6.8722715 ] } },
{ "type": "Feature", "properties": { "osm_id": "9496753353", "code": 5204, "fclass": "crossing", "name": null }, "geometry": { "type": "Point", "coordinates": [ 79.8617482, 6.872256 ] } },
{ "type": "Feature", "properties": { "osm_id": "9496753354", "code": 5204, "fclass": "crossing", "name": null }, "geometry": { "type": "Point", "coordinates": [ 79.8620216, 6.8712108 ] } },
{ "type": "Feature", "properties": { "osm_id": "9496753355", "code": 5204, "fclass": "crossing", "name": null }, "geometry": { "type": "Point", "coordinates": [ 79.8619452, 6.8711979 ] } },
{ "type": "Feature", "properties": { "osm_id": "9496753356", "code": 5204, "fclass": "crossing", "name": null }, "geometry": { "type": "Point", "coordinates": [ 79.8622784, 6.8696941 ] } },
{ "type": "Feature", "properties": { "osm_id": "9496753357", "code": 5204, "fclass": "crossing", "name": null }, "geometry": { "type": "Point", "coordinates": [ 79.8622116, 6.8696832 ] } },
{ "type": "Feature", "properties": { "osm_id": "9496753358", "code": 5204, "fclass": "crossing", "name": null }, "geometry": { "type": "Point", "coordinates": [ 79.8625735, 6.868206 ] } },
{ "type": "Feature", "properties": { "osm_id": "9496753359", "code": 5204, "fclass": "crossing", "name": null }, "geometry": { "type": "Point", "coordinates": [ 79.8624994, 6.8681938 ] } },
{ "type": "Feature", "properties": { "osm_id": "9496753364", "code": 5204, "fclass": "crossing", "name": null }, "geometry": { "type": "Point", "coordinates": [ 79.8629507, 6.8661498 ] } },
{ "type": "Feature", "properties": { "osm_id": "9496753365", "code": 5204, "fclass": "crossing", "name": null }, "geometry": { "type": "Point", "coordinates": [ 79.863037, 6.8661643 ] } },
{ "type": "Feature", "properties": { "osm_id": "9496753374", "code": 5204, "fclass": "crossing", "name": null }, "geometry": { "type": "Point", "coordinates": [ 79.8633197, 6.8644857 ] } },
{ "type": "Feature", "properties": { "osm_id": "9496753375", "code": 5204, "fclass": "crossing", "name": null }, "geometry": { "type": "Point", "coordinates": [ 79.8633987, 6.8645041 ] } },
{ "type": "Feature", "properties": { "osm_id": "9496753376", "code": 5204, "fclass": "crossing", "name": null }, "geometry": { "type": "Point", "coordinates": [ 79.8637933, 6.8622356 ] } },
{ "type": "Feature", "properties": { "osm_id": "9496753377", "code": 5204, "fclass": "crossing", "name": null }, "geometry": { "type": "Point", "coordinates": [ 79.8638837, 6.8622565 ] } },
{ "type": "Feature", "properties": { "osm_id": "9502361632", "code": 5204, "fclass": "crossing", "name": null }, "geometry": { "type": "Point", "coordinates": [ 79.8645467, 6.9137507 ] } },
{ "type": "Feature", "properties": { "osm_id": "9520308313", "code": 5204, "fclass": "crossing", "name": null }, "geometry": { "type": "Point", "coordinates": [ 79.9616285, 6.9047496 ] } },
{ "type": "Feature", "properties": { "osm_id": "9520308314", "code": 5204, "fclass": "crossing", "name": null }, "geometry": { "type": "Point", "coordinates": [ 79.9576274, 6.8998665 ] } },
{ "type": "Feature", "properties": { "osm_id": "9521919791", "code": 5204, "fclass": "crossing", "name": null }, "geometry": { "type": "Point", "coordinates": [ 79.927593, 6.9150071 ] } },
{ "type": "Feature", "properties": { "osm_id": "9577055314", "code": 5204, "fclass": "crossing", "name": null }, "geometry": { "type": "Point", "coordinates": [ 79.9266673, 6.8476544 ] } },
{ "type": "Feature", "properties": { "osm_id": "9695346255", "code": 5204, "fclass": "crossing", "name": null }, "geometry": { "type": "Point", "coordinates": [ 79.8769915, 6.9085568 ] } },
{ "type": "Feature", "properties": { "osm_id": "9695346258", "code": 5204, "fclass": "crossing", "name": null }, "geometry": { "type": "Point", "coordinates": [ 79.8770696, 6.9082936 ] } },
{ "type": "Feature", "properties": { "osm_id": "9695346259", "code": 5204, "fclass": "crossing", "name": null }, "geometry": { "type": "Point", "coordinates": [ 79.8770648, 6.908368 ] } },
{ "type": "Feature", "properties": { "osm_id": "9733709553", "code": 5204, "fclass": "crossing", "name": null }, "geometry": { "type": "Point", "coordinates": [ 79.8593718, 6.8659222 ] } },
{ "type": "Feature", "properties": { "osm_id": "9733709557", "code": 5204, "fclass": "crossing", "name": null }, "geometry": { "type": "Point", "coordinates": [ 79.8564672, 6.8796839 ] } },
{ "type": "Feature", "properties": { "osm_id": "9733709563", "code": 5204, "fclass": "crossing", "name": null }, "geometry": { "type": "Point", "coordinates": [ 79.8541796, 6.8891114 ] } },
{ "type": "Feature", "properties": { "osm_id": "9733709564", "code": 5204, "fclass": "crossing", "name": null }, "geometry": { "type": "Point", "coordinates": [ 79.8535425, 6.8922039 ] } },
{ "type": "Feature", "properties": { "osm_id": "9733709565", "code": 5204, "fclass": "crossing", "name": null }, "geometry": { "type": "Point", "coordinates": [ 79.8528563, 6.894628 ] } },
{ "type": "Feature", "properties": { "osm_id": "9733709567", "code": 5204, "fclass": "crossing", "name": null }, "geometry": { "type": "Point", "coordinates": [ 79.8525949, 6.8953686 ] } },
{ "type": "Feature", "properties": { "osm_id": "9733709568", "code": 5204, "fclass": "crossing", "name": null }, "geometry": { "type": "Point", "coordinates": [ 79.8522349, 6.8967013 ] } },
{ "type": "Feature", "properties": { "osm_id": "9733709569", "code": 5204, "fclass": "crossing", "name": null }, "geometry": { "type": "Point", "coordinates": [ 79.8511746, 6.9005339 ] } },
{ "type": "Feature", "properties": { "osm_id": "9733709919", "code": 5204, "fclass": "crossing", "name": null }, "geometry": { "type": "Point", "coordinates": [ 79.8646293, 6.9138237 ] } },
{ "type": "Feature", "properties": { "osm_id": "9733709920", "code": 5204, "fclass": "crossing", "name": null }, "geometry": { "type": "Point", "coordinates": [ 79.8647229, 6.9138182 ] } },
{ "type": "Feature", "properties": { "osm_id": "9733709921", "code": 5204, "fclass": "crossing", "name": null }, "geometry": { "type": "Point", "coordinates": [ 79.8648278, 6.9138234 ] } },
{ "type": "Feature", "properties": { "osm_id": "9734329668", "code": 5204, "fclass": "crossing", "name": null }, "geometry": { "type": "Point", "coordinates": [ 79.863895, 6.9170237 ] } },
{ "type": "Feature", "properties": { "osm_id": "9734329669", "code": 5204, "fclass": "crossing", "name": null }, "geometry": { "type": "Point", "coordinates": [ 79.863864, 6.9170548 ] } },
{ "type": "Feature", "properties": { "osm_id": "9734329670", "code": 5204, "fclass": "crossing", "name": null }, "geometry": { "type": "Point", "coordinates": [ 79.863774, 6.9171153 ] } },
{ "type": "Feature", "properties": { "osm_id": "9740481349", "code": 5204, "fclass": "crossing", "name": null }, "geometry": { "type": "Point", "coordinates": [ 79.8890139, 6.9853776 ] } },
{ "type": "Feature", "properties": { "osm_id": "9740481350", "code": 5204, "fclass": "crossing", "name": null }, "geometry": { "type": "Point", "coordinates": [ 79.8889514, 6.9854077 ] } },
{ "type": "Feature", "properties": { "osm_id": "9740481361", "code": 5204, "fclass": "crossing", "name": null }, "geometry": { "type": "Point", "coordinates": [ 79.8752426, 6.9549605 ] } },
{ "type": "Feature", "properties": { "osm_id": "9740481362", "code": 5204, "fclass": "crossing", "name": null }, "geometry": { "type": "Point", "coordinates": [ 79.8751531, 6.9549841 ] } },
{ "type": "Feature", "properties": { "osm_id": "9740487158", "code": 5204, "fclass": "crossing", "name": null }, "geometry": { "type": "Point", "coordinates": [ 79.8620874, 6.8710839 ] } },
{ "type": "Feature", "properties": { "osm_id": "9740487161", "code": 5204, "fclass": "crossing", "name": null }, "geometry": { "type": "Point", "coordinates": [ 79.8622366, 6.8701983 ] } },
{ "type": "Feature", "properties": { "osm_id": "9740487162", "code": 5204, "fclass": "crossing", "name": null }, "geometry": { "type": "Point", "coordinates": [ 79.8623393, 6.8696213 ] } },
{ "type": "Feature", "properties": { "osm_id": "9740487163", "code": 5204, "fclass": "crossing", "name": null }, "geometry": { "type": "Point", "coordinates": [ 79.8625399, 6.8685189 ] } },
{ "type": "Feature", "properties": { "osm_id": "9740487164", "code": 5204, "fclass": "crossing", "name": null }, "geometry": { "type": "Point", "coordinates": [ 79.8622983, 6.8688421 ] } },
{ "type": "Feature", "properties": { "osm_id": "9740487165", "code": 5204, "fclass": "crossing", "name": null }, "geometry": { "type": "Point", "coordinates": [ 79.8622232, 6.869286 ] } },
{ "type": "Feature", "properties": { "osm_id": "9740487196", "code": 5204, "fclass": "crossing", "name": null }, "geometry": { "type": "Point", "coordinates": [ 79.8765495, 6.8853581 ] } },
{ "type": "Feature", "properties": { "osm_id": "9740487197", "code": 5204, "fclass": "crossing", "name": null }, "geometry": { "type": "Point", "coordinates": [ 79.876639, 6.8852966 ] } },
{ "type": "Feature", "properties": { "osm_id": "9740487198", "code": 5204, "fclass": "crossing", "name": null }, "geometry": { "type": "Point", "coordinates": [ 79.8767709, 6.8857068 ] } },
{ "type": "Feature", "properties": { "osm_id": "9740487199", "code": 5204, "fclass": "crossing", "name": null }, "geometry": { "type": "Point", "coordinates": [ 79.8768746, 6.8856636 ] } },
{ "type": "Feature", "properties": { "osm_id": "9740487201", "code": 5204, "fclass": "crossing", "name": null }, "geometry": { "type": "Point", "coordinates": [ 79.8770151, 6.8874733 ] } },
{ "type": "Feature", "properties": { "osm_id": "9740487202", "code": 5204, "fclass": "crossing", "name": null }, "geometry": { "type": "Point", "coordinates": [ 79.8771369, 6.8874918 ] } },
{ "type": "Feature", "properties": { "osm_id": "9740487203", "code": 5204, "fclass": "crossing", "name": null }, "geometry": { "type": "Point", "coordinates": [ 79.8769856, 6.8889004 ] } },
{ "type": "Feature", "properties": { "osm_id": "9740487204", "code": 5204, "fclass": "crossing", "name": null }, "geometry": { "type": "Point", "coordinates": [ 79.8768462, 6.8889005 ] } },
{ "type": "Feature", "properties": { "osm_id": "9740487205", "code": 5204, "fclass": "crossing", "name": null }, "geometry": { "type": "Point", "coordinates": [ 79.8768563, 6.8893746 ] } },
{ "type": "Feature", "properties": { "osm_id": "9740487206", "code": 5204, "fclass": "crossing", "name": null }, "geometry": { "type": "Point", "coordinates": [ 79.876997, 6.8893636 ] } },
{ "type": "Feature", "properties": { "osm_id": "9740487207", "code": 5204, "fclass": "crossing", "name": null }, "geometry": { "type": "Point", "coordinates": [ 79.8768868, 6.8904893 ] } },
{ "type": "Feature", "properties": { "osm_id": "9740487208", "code": 5204, "fclass": "crossing", "name": null }, "geometry": { "type": "Point", "coordinates": [ 79.8769892, 6.8904875 ] } },
{ "type": "Feature", "properties": { "osm_id": "9740487209", "code": 5204, "fclass": "crossing", "name": null }, "geometry": { "type": "Point", "coordinates": [ 79.8768155, 6.8922178 ] } },
{ "type": "Feature", "properties": { "osm_id": "9740487210", "code": 5204, "fclass": "crossing", "name": null }, "geometry": { "type": "Point", "coordinates": [ 79.8769367, 6.8922312 ] } },
{ "type": "Feature", "properties": { "osm_id": "9740487211", "code": 5204, "fclass": "crossing", "name": null }, "geometry": { "type": "Point", "coordinates": [ 79.877053, 6.8922231 ] } },
{ "type": "Feature", "properties": { "osm_id": "9740487212", "code": 5204, "fclass": "crossing", "name": null }, "geometry": { "type": "Point", "coordinates": [ 79.8771596, 6.8923348 ] } },
{ "type": "Feature", "properties": { "osm_id": "9740487213", "code": 5204, "fclass": "crossing", "name": null }, "geometry": { "type": "Point", "coordinates": [ 79.8767962, 6.8923401 ] } },
{ "type": "Feature", "properties": { "osm_id": "9740487214", "code": 5204, "fclass": "crossing", "name": null }, "geometry": { "type": "Point", "coordinates": [ 79.8767225, 6.8924658 ] } },
{ "type": "Feature", "properties": { "osm_id": "9740487215", "code": 5204, "fclass": "crossing", "name": null }, "geometry": { "type": "Point", "coordinates": [ 79.8769464, 6.8925627 ] } },
{ "type": "Feature", "properties": { "osm_id": "9740487216", "code": 5204, "fclass": "crossing", "name": null }, "geometry": { "type": "Point", "coordinates": [ 79.8770656, 6.8925602 ] } },
{ "type": "Feature", "properties": { "osm_id": "9740502117", "code": 5204, "fclass": "crossing", "name": null }, "geometry": { "type": "Point", "coordinates": [ 79.8771695, 6.8926361 ] } },
{ "type": "Feature", "properties": { "osm_id": "9740502118", "code": 5204, "fclass": "crossing", "name": null }, "geometry": { "type": "Point", "coordinates": [ 79.8768199, 6.8925803 ] } },
{ "type": "Feature", "properties": { "osm_id": "9740502119", "code": 5204, "fclass": "crossing", "name": null }, "geometry": { "type": "Point", "coordinates": [ 79.877098, 6.8940468 ] } },
{ "type": "Feature", "properties": { "osm_id": "9740502120", "code": 5204, "fclass": "crossing", "name": null }, "geometry": { "type": "Point", "coordinates": [ 79.8769766, 6.894054 ] } },
{ "type": "Feature", "properties": { "osm_id": "9740502121", "code": 5204, "fclass": "crossing", "name": null }, "geometry": { "type": "Point", "coordinates": [ 79.8771698, 6.8942019 ] } },
{ "type": "Feature", "properties": { "osm_id": "9740502122", "code": 5204, "fclass": "crossing", "name": null }, "geometry": { "type": "Point", "coordinates": [ 79.8769897, 6.8952255 ] } },
{ "type": "Feature", "properties": { "osm_id": "9740502123", "code": 5204, "fclass": "crossing", "name": null }, "geometry": { "type": "Point", "coordinates": [ 79.8771087, 6.8952274 ] } },
{ "type": "Feature", "properties": { "osm_id": "9740502124", "code": 5204, "fclass": "crossing", "name": null }, "geometry": { "type": "Point", "coordinates": [ 79.8770073, 6.8966759 ] } },
{ "type": "Feature", "properties": { "osm_id": "9740502125", "code": 5204, "fclass": "crossing", "name": null }, "geometry": { "type": "Point", "coordinates": [ 79.8771334, 6.8966741 ] } },
{ "type": "Feature", "properties": { "osm_id": "9740502126", "code": 5204, "fclass": "crossing", "name": null }, "geometry": { "type": "Point", "coordinates": [ 79.8768742, 6.8968673 ] } },
{ "type": "Feature", "properties": { "osm_id": "9740502127", "code": 5204, "fclass": "crossing", "name": null }, "geometry": { "type": "Point", "coordinates": [ 79.877263, 6.8969974 ] } },
{ "type": "Feature", "properties": { "osm_id": "9740502128", "code": 5204, "fclass": "crossing", "name": null }, "geometry": { "type": "Point", "coordinates": [ 79.8771494, 6.8971862 ] } },
{ "type": "Feature", "properties": { "osm_id": "9740502129", "code": 5204, "fclass": "crossing", "name": null }, "geometry": { "type": "Point", "coordinates": [ 79.8770248, 6.8971899 ] } },
{ "type": "Feature", "properties": { "osm_id": "9740502130", "code": 5204, "fclass": "crossing", "name": null }, "geometry": { "type": "Point", "coordinates": [ 79.8771308, 6.8998895 ] } },
{ "type": "Feature", "properties": { "osm_id": "9740502131", "code": 5204, "fclass": "crossing", "name": null }, "geometry": { "type": "Point", "coordinates": [ 79.8772645, 6.8998828 ] } },
{ "type": "Feature", "properties": { "osm_id": "9740502132", "code": 5204, "fclass": "crossing", "name": null }, "geometry": { "type": "Point", "coordinates": [ 79.877153, 6.9008321 ] } },
{ "type": "Feature", "properties": { "osm_id": "9740502133", "code": 5204, "fclass": "crossing", "name": null }, "geometry": { "type": "Point", "coordinates": [ 79.8772836, 6.9008304 ] } },
{ "type": "Feature", "properties": { "osm_id": "9740502134", "code": 5204, "fclass": "crossing", "name": null }, "geometry": { "type": "Point", "coordinates": [ 79.8772181, 6.9035027 ] } },
{ "type": "Feature", "properties": { "osm_id": "9740502135", "code": 5204, "fclass": "crossing", "name": null }, "geometry": { "type": "Point", "coordinates": [ 79.877331, 6.9035013 ] } },
{ "type": "Feature", "properties": { "osm_id": "9740502136", "code": 5204, "fclass": "crossing", "name": null }, "geometry": { "type": "Point", "coordinates": [ 79.8772595, 6.9050915 ] } },
{ "type": "Feature", "properties": { "osm_id": "9740502137", "code": 5204, "fclass": "crossing", "name": null }, "geometry": { "type": "Point", "coordinates": [ 79.8773694, 6.9050945 ] } },
{ "type": "Feature", "properties": { "osm_id": "9740502138", "code": 5204, "fclass": "crossing", "name": null }, "geometry": { "type": "Point", "coordinates": [ 79.8774153, 6.9066013 ] } },
{ "type": "Feature", "properties": { "osm_id": "9740502139", "code": 5204, "fclass": "crossing", "name": null }, "geometry": { "type": "Point", "coordinates": [ 79.8769539, 6.9088998 ] } },
{ "type": "Feature", "properties": { "osm_id": "9740502141", "code": 5204, "fclass": "crossing", "name": null }, "geometry": { "type": "Point", "coordinates": [ 79.8772986, 6.9112241 ] } },
{ "type": "Feature", "properties": { "osm_id": "9740502142", "code": 5204, "fclass": "crossing", "name": null }, "geometry": { "type": "Point", "coordinates": [ 79.8773028, 6.9113371 ] } },
{ "type": "Feature", "properties": { "osm_id": "9740502143", "code": 5204, "fclass": "crossing", "name": null }, "geometry": { "type": "Point", "coordinates": [ 79.8774377, 6.911437 ] } },
{ "type": "Feature", "properties": { "osm_id": "9740502144", "code": 5204, "fclass": "crossing", "name": null }, "geometry": { "type": "Point", "coordinates": [ 79.8775477, 6.9093514 ] } },
{ "type": "Feature", "properties": { "osm_id": "9740502146", "code": 5204, "fclass": "crossing", "name": null }, "geometry": { "type": "Point", "coordinates": [ 79.8820915, 6.9109843 ] } },
{ "type": "Feature", "properties": { "osm_id": "9740502147", "code": 5204, "fclass": "crossing", "name": null }, "geometry": { "type": "Point", "coordinates": [ 79.8821007, 6.911107 ] } },
{ "type": "Feature", "properties": { "osm_id": "9743673143", "code": 5204, "fclass": "crossing", "name": null }, "geometry": { "type": "Point", "coordinates": [ 79.8506729, 6.9240287 ] } },
{ "type": "Feature", "properties": { "osm_id": "9743673144", "code": 5204, "fclass": "crossing", "name": null }, "geometry": { "type": "Point", "coordinates": [ 79.850893, 6.9237651 ] } },
{ "type": "Feature", "properties": { "osm_id": "9748084423", "code": 5204, "fclass": "crossing", "name": null }, "geometry": { "type": "Point", "coordinates": [ 79.8604431, 6.8846608 ] } },
{ "type": "Feature", "properties": { "osm_id": "9748084424", "code": 5204, "fclass": "crossing", "name": null }, "geometry": { "type": "Point", "coordinates": [ 79.8605943, 6.8846892 ] } },
{ "type": "Feature", "properties": { "osm_id": "9748084425", "code": 5204, "fclass": "crossing", "name": null }, "geometry": { "type": "Point", "coordinates": [ 79.8612375, 6.8832258 ] } },
{ "type": "Feature", "properties": { "osm_id": "9748084426", "code": 5204, "fclass": "crossing", "name": null }, "geometry": { "type": "Point", "coordinates": [ 79.8610442, 6.8831733 ] } },
{ "type": "Feature", "properties": { "osm_id": "9748084427", "code": 5204, "fclass": "crossing", "name": null }, "geometry": { "type": "Point", "coordinates": [ 79.8613555, 6.8826888 ] } },
{ "type": "Feature", "properties": { "osm_id": "9748084428", "code": 5204, "fclass": "crossing", "name": null }, "geometry": { "type": "Point", "coordinates": [ 79.8611778, 6.8826476 ] } },
{ "type": "Feature", "properties": { "osm_id": "9748084462", "code": 5204, "fclass": "crossing", "name": null }, "geometry": { "type": "Point", "coordinates": [ 79.8585618, 6.8835836 ] } },
{ "type": "Feature", "properties": { "osm_id": "9748084463", "code": 5204, "fclass": "crossing", "name": null }, "geometry": { "type": "Point", "coordinates": [ 79.8582352, 6.8847093 ] } },
{ "type": "Feature", "properties": { "osm_id": "9748084469", "code": 5204, "fclass": "crossing", "name": null }, "geometry": { "type": "Point", "coordinates": [ 79.8578188, 6.8861708 ] } },
{ "type": "Feature", "properties": { "osm_id": "9748084473", "code": 5204, "fclass": "crossing", "name": null }, "geometry": { "type": "Point", "coordinates": [ 79.8565162, 6.8904976 ] } },
{ "type": "Feature", "properties": { "osm_id": "9748084474", "code": 5204, "fclass": "crossing", "name": null }, "geometry": { "type": "Point", "coordinates": [ 79.8550308, 6.8955092 ] } },
{ "type": "Feature", "properties": { "osm_id": "9748084475", "code": 5204, "fclass": "crossing", "name": null }, "geometry": { "type": "Point", "coordinates": [ 79.8700063, 6.8815202 ] } },
{ "type": "Feature", "properties": { "osm_id": "9748084476", "code": 5204, "fclass": "crossing", "name": null }, "geometry": { "type": "Point", "coordinates": [ 79.8699526, 6.8814993 ] } },
{ "type": "Feature", "properties": { "osm_id": "9748084477", "code": 5204, "fclass": "crossing", "name": null }, "geometry": { "type": "Point", "coordinates": [ 79.8696194, 6.881459 ] } },
{ "type": "Feature", "properties": { "osm_id": "9748170192", "code": 5204, "fclass": "crossing", "name": null }, "geometry": { "type": "Point", "coordinates": [ 79.8812177, 6.8122351 ] } },
{ "type": "Feature", "properties": { "osm_id": "9748170193", "code": 5204, "fclass": "crossing", "name": null }, "geometry": { "type": "Point", "coordinates": [ 79.8812599, 6.8123834 ] } },
{ "type": "Feature", "properties": { "osm_id": "9748170199", "code": 5204, "fclass": "crossing", "name": null }, "geometry": { "type": "Point", "coordinates": [ 79.877058, 6.8159087 ] } },
{ "type": "Feature", "properties": { "osm_id": "9748170200", "code": 5204, "fclass": "crossing", "name": null }, "geometry": { "type": "Point", "coordinates": [ 79.8770422, 6.8160275 ] } },
{ "type": "Feature", "properties": { "osm_id": "9759191900", "code": 5204, "fclass": "crossing", "name": null }, "geometry": { "type": "Point", "coordinates": [ 79.9229662, 6.8912051 ] } },
{ "type": "Feature", "properties": { "osm_id": "9837853788", "code": 5204, "fclass": "crossing", "name": null }, "geometry": { "type": "Point", "coordinates": [ 79.8559877, 6.9330051 ] } },
{ "type": "Feature", "properties": { "osm_id": "9876529501", "code": 5204, "fclass": "crossing", "name": null }, "geometry": { "type": "Point", "coordinates": [ 79.8466874, 6.9210686 ] } },
{ "type": "Feature", "properties": { "osm_id": "9876529502", "code": 5204, "fclass": "crossing", "name": null }, "geometry": { "type": "Point", "coordinates": [ 79.846431, 6.9213614 ] } },
{ "type": "Feature", "properties": { "osm_id": "9876529503", "code": 5204, "fclass": "crossing", "name": null }, "geometry": { "type": "Point", "coordinates": [ 79.8463222, 6.9213298 ] } },
{ "type": "Feature", "properties": { "osm_id": "9876529504", "code": 5204, "fclass": "crossing", "name": null }, "geometry": { "type": "Point", "coordinates": [ 79.84655, 6.9207048 ] } },
{ "type": "Feature", "properties": { "osm_id": "9876529505", "code": 5204, "fclass": "crossing", "name": null }, "geometry": { "type": "Point", "coordinates": [ 79.8466377, 6.9207285 ] } },
{ "type": "Feature", "properties": { "osm_id": "9934478404", "code": 5204, "fclass": "crossing", "name": null }, "geometry": { "type": "Point", "coordinates": [ 79.8595617, 6.8802656 ] } },
{ "type": "Feature", "properties": { "osm_id": "9936301534", "code": 5204, "fclass": "crossing", "name": null }, "geometry": { "type": "Point", "coordinates": [ 79.865909, 6.8511212 ] } },
{ "type": "Feature", "properties": { "osm_id": "9936301537", "code": 5204, "fclass": "crossing", "name": null }, "geometry": { "type": "Point", "coordinates": [ 79.8658984, 6.8515156 ] } },
{ "type": "Feature", "properties": { "osm_id": "9936301538", "code": 5204, "fclass": "crossing", "name": null }, "geometry": { "type": "Point", "coordinates": [ 79.8660553, 6.8515298 ] } },
{ "type": "Feature", "properties": { "osm_id": "9936301539", "code": 5204, "fclass": "crossing", "name": null }, "geometry": { "type": "Point", "coordinates": [ 79.8660563, 6.8484982 ] } },
{ "type": "Feature", "properties": { "osm_id": "9936374577", "code": 5204, "fclass": "crossing", "name": null }, "geometry": { "type": "Point", "coordinates": [ 79.8427222, 6.9344544 ] } },
{ "type": "Feature", "properties": { "osm_id": "9936374578", "code": 5204, "fclass": "crossing", "name": null }, "geometry": { "type": "Point", "coordinates": [ 79.8428112, 6.9344399 ] } },
{ "type": "Feature", "properties": { "osm_id": "9936374579", "code": 5204, "fclass": "crossing", "name": null }, "geometry": { "type": "Point", "coordinates": [ 79.8424105, 6.9328619 ] } },
{ "type": "Feature", "properties": { "osm_id": "9936374580", "code": 5204, "fclass": "crossing", "name": null }, "geometry": { "type": "Point", "coordinates": [ 79.8425145, 6.932845 ] } },
{ "type": "Feature", "properties": { "osm_id": "9936374585", "code": 5204, "fclass": "crossing", "name": null }, "geometry": { "type": "Point", "coordinates": [ 79.8422978, 6.9317514 ] } },
{ "type": "Feature", "properties": { "osm_id": "9936374586", "code": 5204, "fclass": "crossing", "name": null }, "geometry": { "type": "Point", "coordinates": [ 79.842159, 6.9317786 ] } },
{ "type": "Feature", "properties": { "osm_id": "9936374587", "code": 5204, "fclass": "crossing", "name": null }, "geometry": { "type": "Point", "coordinates": [ 79.8426016, 6.9314626 ] } },
{ "type": "Feature", "properties": { "osm_id": "9936374588", "code": 5204, "fclass": "crossing", "name": null }, "geometry": { "type": "Point", "coordinates": [ 79.8425953, 6.9313928 ] } },
{ "type": "Feature", "properties": { "osm_id": "9936374590", "code": 5204, "fclass": "crossing", "name": null }, "geometry": { "type": "Point", "coordinates": [ 79.84284, 6.9295166 ] } },
{ "type": "Feature", "properties": { "osm_id": "9936374605", "code": 5204, "fclass": "crossing", "name": null }, "geometry": { "type": "Point", "coordinates": [ 79.8498295, 6.9116135 ] } },
{ "type": "Feature", "properties": { "osm_id": "9936374606", "code": 5204, "fclass": "crossing", "name": null }, "geometry": { "type": "Point", "coordinates": [ 79.8498043, 6.9116803 ] } },
{ "type": "Feature", "properties": { "osm_id": "9936374607", "code": 5204, "fclass": "crossing", "name": null }, "geometry": { "type": "Point", "coordinates": [ 79.8497952, 6.9117045 ] } },
{ "type": "Feature", "properties": { "osm_id": "9936374608", "code": 5204, "fclass": "crossing", "name": null }, "geometry": { "type": "Point", "coordinates": [ 79.8505743, 6.9373697 ] } },
{ "type": "Feature", "properties": { "osm_id": "9943585981", "code": 5204, "fclass": "crossing", "name": null }, "geometry": { "type": "Point", "coordinates": [ 79.9137502, 6.8548627 ] } },
{ "type": "Feature", "properties": { "osm_id": "9943585985", "code": 5204, "fclass": "crossing", "name": null }, "geometry": { "type": "Point", "coordinates": [ 79.9260011, 6.8476223 ] } },
{ "type": "Feature", "properties": { "osm_id": "9943585986", "code": 5204, "fclass": "crossing", "name": null }, "geometry": { "type": "Point", "coordinates": [ 79.9268651, 6.8469973 ] } },
{ "type": "Feature", "properties": { "osm_id": "9943585988", "code": 5204, "fclass": "crossing", "name": null }, "geometry": { "type": "Point", "coordinates": [ 79.9296039, 6.8453346 ] } },
{ "type": "Feature", "properties": { "osm_id": "9943585989", "code": 5204, "fclass": "crossing", "name": null }, "geometry": { "type": "Point", "coordinates": [ 79.9297437, 6.8454887 ] } },
{ "type": "Feature", "properties": { "osm_id": "9943585995", "code": 5204, "fclass": "crossing", "name": null }, "geometry": { "type": "Point", "coordinates": [ 79.9088852, 6.857355 ] } },
{ "type": "Feature", "properties": { "osm_id": "9963269016", "code": 5204, "fclass": "crossing", "name": null }, "geometry": { "type": "Point", "coordinates": [ 79.8709361, 6.8796484 ] } },
{ "type": "Feature", "properties": { "osm_id": "9971831085", "code": 5204, "fclass": "crossing", "name": null }, "geometry": { "type": "Point", "coordinates": [ 79.8662229, 6.8736017 ] } },
{ "type": "Feature", "properties": { "osm_id": "9971831086", "code": 5204, "fclass": "crossing", "name": null }, "geometry": { "type": "Point", "coordinates": [ 79.8663913, 6.8727844 ] } },
{ "type": "Feature", "properties": { "osm_id": "9971831087", "code": 5204, "fclass": "crossing", "name": null }, "geometry": { "type": "Point", "coordinates": [ 79.8660828, 6.8741196 ] } },
{ "type": "Feature", "properties": { "osm_id": "9971831088", "code": 5204, "fclass": "crossing", "name": null }, "geometry": { "type": "Point", "coordinates": [ 79.8657411, 6.8754019 ] } },
{ "type": "Feature", "properties": { "osm_id": "9971831089", "code": 5204, "fclass": "crossing", "name": null }, "geometry": { "type": "Point", "coordinates": [ 79.8655107, 6.8760843 ] } },
{ "type": "Feature", "properties": { "osm_id": "9971831090", "code": 5204, "fclass": "crossing", "name": null }, "geometry": { "type": "Point", "coordinates": [ 79.8656563, 6.8766463 ] } },
{ "type": "Feature", "properties": { "osm_id": "9971831091", "code": 5204, "fclass": "crossing", "name": null }, "geometry": { "type": "Point", "coordinates": [ 79.865657, 6.8765826 ] } },
{ "type": "Feature", "properties": { "osm_id": "9971831092", "code": 5204, "fclass": "crossing", "name": null }, "geometry": { "type": "Point", "coordinates": [ 79.8680035, 6.8769898 ] } },
{ "type": "Feature", "properties": { "osm_id": "9971831093", "code": 5204, "fclass": "crossing", "name": null }, "geometry": { "type": "Point", "coordinates": [ 79.868016, 6.8769308 ] } },
{ "type": "Feature", "properties": { "osm_id": "9971831094", "code": 5204, "fclass": "crossing", "name": null }, "geometry": { "type": "Point", "coordinates": [ 79.867315, 6.8847726 ] } },
{ "type": "Feature", "properties": { "osm_id": "9973749451", "code": 5204, "fclass": "crossing", "name": null }, "geometry": { "type": "Point", "coordinates": [ 79.8642803, 6.8762923 ] } },
{ "type": "Feature", "properties": { "osm_id": "9973749452", "code": 5204, "fclass": "crossing", "name": null }, "geometry": { "type": "Point", "coordinates": [ 79.864268, 6.8763511 ] } },
{ "type": "Feature", "properties": { "osm_id": "9974188171", "code": 5204, "fclass": "crossing", "name": null }, "geometry": { "type": "Point", "coordinates": [ 79.8604552, 6.8848521 ] } },
{ "type": "Feature", "properties": { "osm_id": "9974188172", "code": 5204, "fclass": "crossing", "name": null }, "geometry": { "type": "Point", "coordinates": [ 79.8589166, 6.8898066 ] } },
{ "type": "Feature", "properties": { "osm_id": "9981050817", "code": 5204, "fclass": "crossing", "name": null }, "geometry": { "type": "Point", "coordinates": [ 79.8649309, 6.9082635 ] } },
{ "type": "Feature", "properties": { "osm_id": "9981050819", "code": 5204, "fclass": "crossing", "name": null }, "geometry": { "type": "Point", "coordinates": [ 79.8648975, 6.917031 ] } },
{ "type": "Feature", "properties": { "osm_id": "9981050820", "code": 5204, "fclass": "crossing", "name": null }, "geometry": { "type": "Point", "coordinates": [ 79.864497, 6.922148 ] } },
{ "type": "Feature", "properties": { "osm_id": "9981050821", "code": 5204, "fclass": "crossing", "name": null }, "geometry": { "type": "Point", "coordinates": [ 79.8645586, 6.922124 ] } },
{ "type": "Feature", "properties": { "osm_id": "9981050834", "code": 5204, "fclass": "crossing", "name": null }, "geometry": { "type": "Point", "coordinates": [ 79.8583632, 6.9072428 ] } },
{ "type": "Feature", "properties": { "osm_id": "9981050835", "code": 5204, "fclass": "crossing", "name": null }, "geometry": { "type": "Point", "coordinates": [ 79.8591885, 6.9061654 ] } },
{ "type": "Feature", "properties": { "osm_id": "9981050837", "code": 5204, "fclass": "crossing", "name": null }, "geometry": { "type": "Point", "coordinates": [ 79.8584386, 6.9046393 ] } },
{ "type": "Feature", "properties": { "osm_id": "9981050838", "code": 5204, "fclass": "crossing", "name": null }, "geometry": { "type": "Point", "coordinates": [ 79.859983, 6.8993107 ] } },
{ "type": "Feature", "properties": { "osm_id": "10027910001", "code": 5204, "fclass": "crossing", "name": null }, "geometry": { "type": "Point", "coordinates": [ 79.9189845, 6.8147372 ] } },
{ "type": "Feature", "properties": { "osm_id": "10027910002", "code": 5204, "fclass": "crossing", "name": null }, "geometry": { "type": "Point", "coordinates": [ 79.9189273, 6.8147121 ] } },
{ "type": "Feature", "properties": { "osm_id": "10028771223", "code": 5204, "fclass": "crossing", "name": null }, "geometry": { "type": "Point", "coordinates": [ 79.9414977, 6.8686844 ] } },
{ "type": "Feature", "properties": { "osm_id": "10028771224", "code": 5204, "fclass": "crossing", "name": null }, "geometry": { "type": "Point", "coordinates": [ 79.9415446, 6.8687162 ] } },
{ "type": "Feature", "properties": { "osm_id": "10046834603", "code": 5204, "fclass": "crossing", "name": null }, "geometry": { "type": "Point", "coordinates": [ 79.8601352, 6.8619542 ] } },
{ "type": "Feature", "properties": { "osm_id": "10046834604", "code": 5204, "fclass": "crossing", "name": null }, "geometry": { "type": "Point", "coordinates": [ 79.8603133, 6.8601072 ] } },
{ "type": "Feature", "properties": { "osm_id": "10046834605", "code": 5204, "fclass": "crossing", "name": null }, "geometry": { "type": "Point", "coordinates": [ 79.8608632, 6.85657 ] } },
{ "type": "Feature", "properties": { "osm_id": "10046834606", "code": 5204, "fclass": "crossing", "name": null }, "geometry": { "type": "Point", "coordinates": [ 79.861756, 6.8530842 ] } },
{ "type": "Feature", "properties": { "osm_id": "10046834607", "code": 5204, "fclass": "crossing", "name": null }, "geometry": { "type": "Point", "coordinates": [ 79.8640291, 6.8510027 ] } },
{ "type": "Feature", "properties": { "osm_id": "10047011661", "code": 5204, "fclass": "crossing", "name": null }, "geometry": { "type": "Point", "coordinates": [ 79.8602045, 6.9151491 ] } },
{ "type": "Feature", "properties": { "osm_id": "10047011663", "code": 5204, "fclass": "crossing", "name": null }, "geometry": { "type": "Point", "coordinates": [ 79.860127, 6.9150854 ] } },
{ "type": "Feature", "properties": { "osm_id": "10050733715", "code": 5204, "fclass": "crossing", "name": null }, "geometry": { "type": "Point", "coordinates": [ 80.0796124, 6.8387052 ] } },
{ "type": "Feature", "properties": { "osm_id": "10050733716", "code": 5204, "fclass": "crossing", "name": null }, "geometry": { "type": "Point", "coordinates": [ 80.0739059, 6.8434814 ] } },
{ "type": "Feature", "properties": { "osm_id": "10050777322", "code": 5204, "fclass": "crossing", "name": null }, "geometry": { "type": "Point", "coordinates": [ 80.0273713, 6.8481836 ] } },
{ "type": "Feature", "properties": { "osm_id": "10050777323", "code": 5204, "fclass": "crossing", "name": null }, "geometry": { "type": "Point", "coordinates": [ 80.0268854, 6.8474367 ] } },
{ "type": "Feature", "properties": { "osm_id": "10050777325", "code": 5204, "fclass": "crossing", "name": null }, "geometry": { "type": "Point", "coordinates": [ 80.0191704, 6.8468156 ] } },
{ "type": "Feature", "properties": { "osm_id": "10050777327", "code": 5204, "fclass": "crossing", "name": null }, "geometry": { "type": "Point", "coordinates": [ 80.0082393, 6.8463033 ] } },
{ "type": "Feature", "properties": { "osm_id": "10050777329", "code": 5204, "fclass": "crossing", "name": null }, "geometry": { "type": "Point", "coordinates": [ 80.0035572, 6.845661 ] } },
{ "type": "Feature", "properties": { "osm_id": "10050777352", "code": 5204, "fclass": "crossing", "name": null }, "geometry": { "type": "Point", "coordinates": [ 79.9393235, 6.8460502 ] } },
{ "type": "Feature", "properties": { "osm_id": "10050777354", "code": 5204, "fclass": "crossing", "name": null }, "geometry": { "type": "Point", "coordinates": [ 79.9282755, 6.8469978 ] } },
{ "type": "Feature", "properties": { "osm_id": "10050777355", "code": 5204, "fclass": "crossing", "name": null }, "geometry": { "type": "Point", "coordinates": [ 79.9273607, 6.8478799 ] } },
{ "type": "Feature", "properties": { "osm_id": "10080488916", "code": 5204, "fclass": "crossing", "name": null }, "geometry": { "type": "Point", "coordinates": [ 79.8602221, 6.9150718 ] } },
{ "type": "Feature", "properties": { "osm_id": "10080497117", "code": 5204, "fclass": "crossing", "name": null }, "geometry": { "type": "Point", "coordinates": [ 79.86011, 6.9148651 ] } },
{ "type": "Feature", "properties": { "osm_id": "10089844685", "code": 5204, "fclass": "crossing", "name": null }, "geometry": { "type": "Point", "coordinates": [ 79.8734451, 6.9057459 ] } },
{ "type": "Feature", "properties": { "osm_id": "10089844688", "code": 5204, "fclass": "crossing", "name": null }, "geometry": { "type": "Point", "coordinates": [ 79.8702522, 6.9028657 ] } },
{ "type": "Feature", "properties": { "osm_id": "10089844692", "code": 5204, "fclass": "crossing", "name": null }, "geometry": { "type": "Point", "coordinates": [ 79.8567035, 6.8959971 ] } },
{ "type": "Feature", "properties": { "osm_id": "10090375996", "code": 5204, "fclass": "crossing", "name": null }, "geometry": { "type": "Point", "coordinates": [ 79.8581483, 6.8964603 ] } },
{ "type": "Feature", "properties": { "osm_id": "10090375997", "code": 5204, "fclass": "crossing", "name": null }, "geometry": { "type": "Point", "coordinates": [ 79.8654926, 6.8786958 ] } },
{ "type": "Feature", "properties": { "osm_id": "10096768658", "code": 5204, "fclass": "crossing", "name": null }, "geometry": { "type": "Point", "coordinates": [ 79.8713355, 6.878904 ] } },
{ "type": "Feature", "properties": { "osm_id": "10096768659", "code": 5204, "fclass": "crossing", "name": null }, "geometry": { "type": "Point", "coordinates": [ 79.8728647, 6.8786139 ] } },
{ "type": "Feature", "properties": { "osm_id": "10096768660", "code": 5204, "fclass": "crossing", "name": null }, "geometry": { "type": "Point", "coordinates": [ 79.8728764, 6.8785148 ] } },
{ "type": "Feature", "properties": { "osm_id": "10096768661", "code": 5204, "fclass": "crossing", "name": null }, "geometry": { "type": "Point", "coordinates": [ 79.8743132, 6.8787005 ] } },
{ "type": "Feature", "properties": { "osm_id": "10096768662", "code": 5204, "fclass": "crossing", "name": null }, "geometry": { "type": "Point", "coordinates": [ 79.8742991, 6.8786065 ] } },
{ "type": "Feature", "properties": { "osm_id": "10096768663", "code": 5204, "fclass": "crossing", "name": null }, "geometry": { "type": "Point", "coordinates": [ 79.8761821, 6.8783371 ] } },
{ "type": "Feature", "properties": { "osm_id": "10096768664", "code": 5204, "fclass": "crossing", "name": null }, "geometry": { "type": "Point", "coordinates": [ 79.8761689, 6.8782689 ] } },
{ "type": "Feature", "properties": { "osm_id": "10107620996", "code": 5204, "fclass": "crossing", "name": null }, "geometry": { "type": "Point", "coordinates": [ 79.8635087, 6.911909 ] } },
{ "type": "Feature", "properties": { "osm_id": "10110506011", "code": 5204, "fclass": "crossing", "name": null }, "geometry": { "type": "Point", "coordinates": [ 79.8625559, 6.8675713 ] } },
{ "type": "Feature", "properties": { "osm_id": "10112825422", "code": 5204, "fclass": "crossing", "name": null }, "geometry": { "type": "Point", "coordinates": [ 79.863963, 6.8624464 ] } },
{ "type": "Feature", "properties": { "osm_id": "10112825423", "code": 5204, "fclass": "crossing", "name": null }, "geometry": { "type": "Point", "coordinates": [ 79.8639612, 6.8614321 ] } },
{ "type": "Feature", "properties": { "osm_id": "10112825424", "code": 5204, "fclass": "crossing", "name": null }, "geometry": { "type": "Point", "coordinates": [ 79.8640617, 6.8614511 ] } },
{ "type": "Feature", "properties": { "osm_id": "10112825425", "code": 5204, "fclass": "crossing", "name": null }, "geometry": { "type": "Point", "coordinates": [ 79.8649019, 6.8573289 ] } },
{ "type": "Feature", "properties": { "osm_id": "10112825426", "code": 5204, "fclass": "crossing", "name": null }, "geometry": { "type": "Point", "coordinates": [ 79.8649811, 6.8573509 ] } },
{ "type": "Feature", "properties": { "osm_id": "10112825427", "code": 5204, "fclass": "crossing", "name": null }, "geometry": { "type": "Point", "coordinates": [ 79.8654466, 6.85486 ] } },
{ "type": "Feature", "properties": { "osm_id": "10112825428", "code": 5204, "fclass": "crossing", "name": null }, "geometry": { "type": "Point", "coordinates": [ 79.8655277, 6.8548727 ] } },
{ "type": "Feature", "properties": { "osm_id": "10112825429", "code": 5204, "fclass": "crossing", "name": null }, "geometry": { "type": "Point", "coordinates": [ 79.8656079, 6.8539237 ] } },
{ "type": "Feature", "properties": { "osm_id": "10112825430", "code": 5204, "fclass": "crossing", "name": null }, "geometry": { "type": "Point", "coordinates": [ 79.8656908, 6.8539345 ] } },
{ "type": "Feature", "properties": { "osm_id": "10112825431", "code": 5204, "fclass": "crossing", "name": null }, "geometry": { "type": "Point", "coordinates": [ 79.8660731, 6.846552 ] } },
{ "type": "Feature", "properties": { "osm_id": "10112825432", "code": 5204, "fclass": "crossing", "name": null }, "geometry": { "type": "Point", "coordinates": [ 79.8661441, 6.8465573 ] } },
{ "type": "Feature", "properties": { "osm_id": "10112825433", "code": 5204, "fclass": "crossing", "name": null }, "geometry": { "type": "Point", "coordinates": [ 79.8663108, 6.8443201 ] } },
{ "type": "Feature", "properties": { "osm_id": "10112825434", "code": 5204, "fclass": "crossing", "name": null }, "geometry": { "type": "Point", "coordinates": [ 79.8663795, 6.8443264 ] } },
{ "type": "Feature", "properties": { "osm_id": "10112825435", "code": 5204, "fclass": "crossing", "name": null }, "geometry": { "type": "Point", "coordinates": [ 79.8668096, 6.8421019 ] } },
{ "type": "Feature", "properties": { "osm_id": "10112825436", "code": 5204, "fclass": "crossing", "name": null }, "geometry": { "type": "Point", "coordinates": [ 79.8668796, 6.8421261 ] } },
{ "type": "Feature", "properties": { "osm_id": "10112825437", "code": 5204, "fclass": "crossing", "name": null }, "geometry": { "type": "Point", "coordinates": [ 79.862739, 6.8676844 ] } },
{ "type": "Feature", "properties": { "osm_id": "10112825438", "code": 5204, "fclass": "crossing", "name": null }, "geometry": { "type": "Point", "coordinates": [ 79.8624909, 6.8679551 ] } },
{ "type": "Feature", "properties": { "osm_id": "10112825439", "code": 5204, "fclass": "crossing", "name": null }, "geometry": { "type": "Point", "coordinates": [ 79.8618688, 6.8712759 ] } },
{ "type": "Feature", "properties": { "osm_id": "10112832218", "code": 5204, "fclass": "crossing", "name": null }, "geometry": { "type": "Point", "coordinates": [ 79.8621116, 6.8698121 ] } },
{ "type": "Feature", "properties": { "osm_id": "10112832219", "code": 5204, "fclass": "crossing", "name": null }, "geometry": { "type": "Point", "coordinates": [ 79.862018, 6.8703401 ] } },
{ "type": "Feature", "properties": { "osm_id": "10112832220", "code": 5204, "fclass": "crossing", "name": null }, "geometry": { "type": "Point", "coordinates": [ 79.8619946, 6.8705443 ] } },
{ "type": "Feature", "properties": { "osm_id": "10112832221", "code": 5204, "fclass": "crossing", "name": null }, "geometry": { "type": "Point", "coordinates": [ 79.8617147, 6.8719989 ] } },
{ "type": "Feature", "properties": { "osm_id": "10119060161", "code": 5204, "fclass": "crossing", "name": null }, "geometry": { "type": "Point", "coordinates": [ 79.8476532, 6.9235747 ] } },
{ "type": "Feature", "properties": { "osm_id": "10119060164", "code": 5204, "fclass": "crossing", "name": null }, "geometry": { "type": "Point", "coordinates": [ 79.8476173, 6.9234713 ] } },
{ "type": "Feature", "properties": { "osm_id": "10123120952", "code": 5204, "fclass": "crossing", "name": null }, "geometry": { "type": "Point", "coordinates": [ 79.8549148, 6.8950464 ] } },
{ "type": "Feature", "properties": { "osm_id": "10123396036", "code": 5204, "fclass": "crossing", "name": null }, "geometry": { "type": "Point", "coordinates": [ 79.8558012, 6.8926533 ] } },
{ "type": "Feature", "properties": { "osm_id": "10125040151", "code": 5204, "fclass": "crossing", "name": null }, "geometry": { "type": "Point", "coordinates": [ 79.8767948, 6.8853932 ] } },
{ "type": "Feature", "properties": { "osm_id": "10125040152", "code": 5204, "fclass": "crossing", "name": null }, "geometry": { "type": "Point", "coordinates": [ 79.8768588, 6.8854871 ] } },
{ "type": "Feature", "properties": { "osm_id": "10125040153", "code": 5204, "fclass": "crossing", "name": null }, "geometry": { "type": "Point", "coordinates": [ 79.8769066, 6.8855033 ] } },
{ "type": "Feature", "properties": { "osm_id": "10125040155", "code": 5204, "fclass": "crossing", "name": null }, "geometry": { "type": "Point", "coordinates": [ 79.8765659, 6.909864 ] } },
{ "type": "Feature", "properties": { "osm_id": "10125040156", "code": 5204, "fclass": "crossing", "name": null }, "geometry": { "type": "Point", "coordinates": [ 79.8752643, 6.9130693 ] } },
{ "type": "Feature", "properties": { "osm_id": "10125040157", "code": 5204, "fclass": "crossing", "name": null }, "geometry": { "type": "Point", "coordinates": [ 79.8732653, 6.9155296 ] } },
{ "type": "Feature", "properties": { "osm_id": "10129746900", "code": 5204, "fclass": "crossing", "name": null }, "geometry": { "type": "Point", "coordinates": [ 79.8474612, 6.9341219 ] } },
{ "type": "Feature", "properties": { "osm_id": "10129746901", "code": 5204, "fclass": "crossing", "name": null }, "geometry": { "type": "Point", "coordinates": [ 79.8474827, 6.9340262 ] } },
{ "type": "Feature", "properties": { "osm_id": "10129746902", "code": 5204, "fclass": "crossing", "name": null }, "geometry": { "type": "Point", "coordinates": [ 79.8574489, 6.9326326 ] } },
{ "type": "Feature", "properties": { "osm_id": "10129746903", "code": 5204, "fclass": "crossing", "name": null }, "geometry": { "type": "Point", "coordinates": [ 79.8591602, 6.9319505 ] } },
{ "type": "Feature", "properties": { "osm_id": "10129746904", "code": 5204, "fclass": "crossing", "name": null }, "geometry": { "type": "Point", "coordinates": [ 79.8591462, 6.9318829 ] } },
{ "type": "Feature", "properties": { "osm_id": "10134882981", "code": 5204, "fclass": "crossing", "name": null }, "geometry": { "type": "Point", "coordinates": [ 79.8514432, 6.9124843 ] } },
{ "type": "Feature", "properties": { "osm_id": "10137794086", "code": 5204, "fclass": "crossing", "name": null }, "geometry": { "type": "Point", "coordinates": [ 79.854624, 6.9176941 ] } },
{ "type": "Feature", "properties": { "osm_id": "10137867364", "code": 5204, "fclass": "crossing", "name": null }, "geometry": { "type": "Point", "coordinates": [ 79.8500055, 6.9184096 ] } },
{ "type": "Feature", "properties": { "osm_id": "10137897162", "code": 5204, "fclass": "crossing", "name": null }, "geometry": { "type": "Point", "coordinates": [ 79.8526541, 6.9165164 ] } },
{ "type": "Feature", "properties": { "osm_id": "10138713276", "code": 5204, "fclass": "crossing", "name": null }, "geometry": { "type": "Point", "coordinates": [ 79.8535804, 6.9119381 ] } },
{ "type": "Feature", "properties": { "osm_id": "10138713277", "code": 5204, "fclass": "crossing", "name": null }, "geometry": { "type": "Point", "coordinates": [ 79.8520833, 6.9120009 ] } },
{ "type": "Feature", "properties": { "osm_id": "10138713278", "code": 5204, "fclass": "crossing", "name": null }, "geometry": { "type": "Point", "coordinates": [ 79.8520259, 6.9124581 ] } },
{ "type": "Feature", "properties": { "osm_id": "10138713279", "code": 5204, "fclass": "crossing", "name": null }, "geometry": { "type": "Point", "coordinates": [ 79.852038, 6.9104224 ] } },
{ "type": "Feature", "properties": { "osm_id": "10138713280", "code": 5204, "fclass": "crossing", "name": null }, "geometry": { "type": "Point", "coordinates": [ 79.8530712, 6.9073151 ] } },
{ "type": "Feature", "properties": { "osm_id": "10157282025", "code": 5204, "fclass": "crossing", "name": null }, "geometry": { "type": "Point", "coordinates": [ 79.8555891, 6.9129055 ] } },
{ "type": "Feature", "properties": { "osm_id": "10157282026", "code": 5204, "fclass": "crossing", "name": null }, "geometry": { "type": "Point", "coordinates": [ 79.8556269, 6.9127199 ] } },
{ "type": "Feature", "properties": { "osm_id": "10157282027", "code": 5204, "fclass": "crossing", "name": null }, "geometry": { "type": "Point", "coordinates": [ 79.8557698, 6.9128118 ] } },
{ "type": "Feature", "properties": { "osm_id": "10157282029", "code": 5204, "fclass": "crossing", "name": null }, "geometry": { "type": "Point", "coordinates": [ 79.8557129, 6.9131021 ] } },
{ "type": "Feature", "properties": { "osm_id": "10160885042", "code": 5204, "fclass": "crossing", "name": null }, "geometry": { "type": "Point", "coordinates": [ 79.8632147, 6.9125439 ] } },
{ "type": "Feature", "properties": { "osm_id": "10160885043", "code": 5204, "fclass": "crossing", "name": null }, "geometry": { "type": "Point", "coordinates": [ 79.8618001, 6.9119019 ] } },
{ "type": "Feature", "properties": { "osm_id": "10160885044", "code": 5204, "fclass": "crossing", "name": null }, "geometry": { "type": "Point", "coordinates": [ 79.8618021, 6.9120177 ] } },
{ "type": "Feature", "properties": { "osm_id": "10160885056", "code": 5204, "fclass": "crossing", "name": null }, "geometry": { "type": "Point", "coordinates": [ 79.8607141, 6.9119358 ] } },
{ "type": "Feature", "properties": { "osm_id": "10160885057", "code": 5204, "fclass": "crossing", "name": null }, "geometry": { "type": "Point", "coordinates": [ 79.8607166, 6.9119634 ] } },
{ "type": "Feature", "properties": { "osm_id": "10175735572", "code": 5204, "fclass": "crossing", "name": null }, "geometry": { "type": "Point", "coordinates": [ 79.8610551, 6.8833655 ] } },
{ "type": "Feature", "properties": { "osm_id": "10175735573", "code": 5204, "fclass": "crossing", "name": null }, "geometry": { "type": "Point", "coordinates": [ 79.8616559, 6.8812194 ] } },
{ "type": "Feature", "properties": { "osm_id": "10175735574", "code": 5204, "fclass": "crossing", "name": null }, "geometry": { "type": "Point", "coordinates": [ 79.8613837, 6.8745733 ] } },
{ "type": "Feature", "properties": { "osm_id": "10175735575", "code": 5204, "fclass": "crossing", "name": null }, "geometry": { "type": "Point", "coordinates": [ 79.8617626, 6.8729426 ] } },
{ "type": "Feature", "properties": { "osm_id": "10185041602", "code": 5204, "fclass": "crossing", "name": null }, "geometry": { "type": "Point", "coordinates": [ 79.8561345, 6.9117278 ] } },
{ "type": "Feature", "properties": { "osm_id": "10185041604", "code": 5204, "fclass": "crossing", "name": null }, "geometry": { "type": "Point", "coordinates": [ 79.8563472, 6.9117403 ] } },
{ "type": "Feature", "properties": { "osm_id": "10208452717", "code": 5204, "fclass": "crossing", "name": null }, "geometry": { "type": "Point", "coordinates": [ 79.8620379, 6.8930332 ] } },
{ "type": "Feature", "properties": { "osm_id": "10208452718", "code": 5204, "fclass": "crossing", "name": null }, "geometry": { "type": "Point", "coordinates": [ 79.8609853, 6.8950483 ] } },
{ "type": "Feature", "properties": { "osm_id": "10208452719", "code": 5204, "fclass": "crossing", "name": null }, "geometry": { "type": "Point", "coordinates": [ 79.8642166, 6.8882184 ] } },
{ "type": "Feature", "properties": { "osm_id": "10208452720", "code": 5204, "fclass": "crossing", "name": null }, "geometry": { "type": "Point", "coordinates": [ 79.8642999, 6.888239 ] } },
{ "type": "Feature", "properties": { "osm_id": "10208452721", "code": 5204, "fclass": "crossing", "name": null }, "geometry": { "type": "Point", "coordinates": [ 79.8641447, 6.8880595 ] } },
{ "type": "Feature", "properties": { "osm_id": "10208452722", "code": 5204, "fclass": "crossing", "name": null }, "geometry": { "type": "Point", "coordinates": [ 79.8642845, 6.8879894 ] } },
{ "type": "Feature", "properties": { "osm_id": "10208452723", "code": 5204, "fclass": "crossing", "name": null }, "geometry": { "type": "Point", "coordinates": [ 79.8643576, 6.8880138 ] } },
{ "type": "Feature", "properties": { "osm_id": "10208452724", "code": 5204, "fclass": "crossing", "name": null }, "geometry": { "type": "Point", "coordinates": [ 79.8645258, 6.8879676 ] } },
{ "type": "Feature", "properties": { "osm_id": "10208452725", "code": 5204, "fclass": "crossing", "name": null }, "geometry": { "type": "Point", "coordinates": [ 79.864413, 6.8881182 ] } },
{ "type": "Feature", "properties": { "osm_id": "10208452726", "code": 5204, "fclass": "crossing", "name": null }, "geometry": { "type": "Point", "coordinates": [ 79.8660761, 6.888213 ] } },
{ "type": "Feature", "properties": { "osm_id": "10208452727", "code": 5204, "fclass": "crossing", "name": null }, "geometry": { "type": "Point", "coordinates": [ 79.8639539, 6.8904676 ] } },
{ "type": "Feature", "properties": { "osm_id": "10208452728", "code": 5204, "fclass": "crossing", "name": null }, "geometry": { "type": "Point", "coordinates": [ 79.8639651, 6.890374 ] } },
{ "type": "Feature", "properties": { "osm_id": "10208452729", "code": 5204, "fclass": "crossing", "name": null }, "geometry": { "type": "Point", "coordinates": [ 79.8636661, 6.8905183 ] } },
{ "type": "Feature", "properties": { "osm_id": "10208452730", "code": 5204, "fclass": "crossing", "name": null }, "geometry": { "type": "Point", "coordinates": [ 79.8637401, 6.8905402 ] } },
{ "type": "Feature", "properties": { "osm_id": "10208452731", "code": 5204, "fclass": "crossing", "name": null }, "geometry": { "type": "Point", "coordinates": [ 79.8625457, 6.891865 ] } },
{ "type": "Feature", "properties": { "osm_id": "10208452732", "code": 5204, "fclass": "crossing", "name": null }, "geometry": { "type": "Point", "coordinates": [ 79.8626144, 6.8919125 ] } },
{ "type": "Feature", "properties": { "osm_id": "10208452733", "code": 5204, "fclass": "crossing", "name": null }, "geometry": { "type": "Point", "coordinates": [ 79.8623937, 6.8919364 ] } },
{ "type": "Feature", "properties": { "osm_id": "10209710944", "code": 5204, "fclass": "crossing", "name": null }, "geometry": { "type": "Point", "coordinates": [ 79.8680066, 6.9194061 ] } },
{ "type": "Feature", "properties": { "osm_id": "10216150401", "code": 5204, "fclass": "crossing", "name": null }, "geometry": { "type": "Point", "coordinates": [ 79.8702453, 6.8756642 ] } },
{ "type": "Feature", "properties": { "osm_id": "10216150402", "code": 5204, "fclass": "crossing", "name": null }, "geometry": { "type": "Point", "coordinates": [ 79.8703054, 6.8756787 ] } },
{ "type": "Feature", "properties": { "osm_id": "10216150403", "code": 5204, "fclass": "crossing", "name": null }, "geometry": { "type": "Point", "coordinates": [ 79.8740461, 6.8727925 ] } },
{ "type": "Feature", "properties": { "osm_id": "10216150404", "code": 5204, "fclass": "crossing", "name": null }, "geometry": { "type": "Point", "coordinates": [ 79.8750452, 6.8721051 ] } },
{ "type": "Feature", "properties": { "osm_id": "10216150405", "code": 5204, "fclass": "crossing", "name": null }, "geometry": { "type": "Point", "coordinates": [ 79.877818, 6.8703555 ] } },
{ "type": "Feature", "properties": { "osm_id": "10216150406", "code": 5204, "fclass": "crossing", "name": null }, "geometry": { "type": "Point", "coordinates": [ 79.8836302, 6.8682028 ] } },
{ "type": "Feature", "properties": { "osm_id": "10216150407", "code": 5204, "fclass": "crossing", "name": null }, "geometry": { "type": "Point", "coordinates": [ 79.8845638, 6.8671664 ] } },
{ "type": "Feature", "properties": { "osm_id": "10216150408", "code": 5204, "fclass": "crossing", "name": null }, "geometry": { "type": "Point", "coordinates": [ 79.8847752, 6.8671648 ] } },
{ "type": "Feature", "properties": { "osm_id": "10216150409", "code": 5204, "fclass": "crossing", "name": null }, "geometry": { "type": "Point", "coordinates": [ 79.8847386, 6.8668906 ] } },
{ "type": "Feature", "properties": { "osm_id": "10216150410", "code": 5204, "fclass": "crossing", "name": null }, "geometry": { "type": "Point", "coordinates": [ 79.8859647, 6.8680822 ] } },
{ "type": "Feature", "properties": { "osm_id": "10216150411", "code": 5204, "fclass": "crossing", "name": null }, "geometry": { "type": "Point", "coordinates": [ 79.888397, 6.8697112 ] } },
{ "type": "Feature", "properties": { "osm_id": "10216150412", "code": 5204, "fclass": "crossing", "name": null }, "geometry": { "type": "Point", "coordinates": [ 79.8884479, 6.8698753 ] } },
{ "type": "Feature", "properties": { "osm_id": "10216150413", "code": 5204, "fclass": "crossing", "name": null }, "geometry": { "type": "Point", "coordinates": [ 79.8883888, 6.8700116 ] } },
{ "type": "Feature", "properties": { "osm_id": "10216150414", "code": 5204, "fclass": "crossing", "name": null }, "geometry": { "type": "Point", "coordinates": [ 79.8891679, 6.8709909 ] } },
{ "type": "Feature", "properties": { "osm_id": "10216150415", "code": 5204, "fclass": "crossing", "name": null }, "geometry": { "type": "Point", "coordinates": [ 79.8896878, 6.8716563 ] } },
{ "type": "Feature", "properties": { "osm_id": "10216150416", "code": 5204, "fclass": "crossing", "name": null }, "geometry": { "type": "Point", "coordinates": [ 79.8912581, 6.8733335 ] } },
{ "type": "Feature", "properties": { "osm_id": "10216158817", "code": 5204, "fclass": "crossing", "name": null }, "geometry": { "type": "Point", "coordinates": [ 79.8912596, 6.873656 ] } },
{ "type": "Feature", "properties": { "osm_id": "10216158818", "code": 5204, "fclass": "crossing", "name": null }, "geometry": { "type": "Point", "coordinates": [ 79.8914764, 6.8736575 ] } },
{ "type": "Feature", "properties": { "osm_id": "10216158819", "code": 5204, "fclass": "crossing", "name": null }, "geometry": { "type": "Point", "coordinates": [ 79.8915058, 6.8733209 ] } },
{ "type": "Feature", "properties": { "osm_id": "10216158821", "code": 5204, "fclass": "crossing", "name": null }, "geometry": { "type": "Point", "coordinates": [ 79.8906023, 6.8775363 ] } },
{ "type": "Feature", "properties": { "osm_id": "10216158822", "code": 5204, "fclass": "crossing", "name": null }, "geometry": { "type": "Point", "coordinates": [ 79.8908299, 6.8787282 ] } },
{ "type": "Feature", "properties": { "osm_id": "10216158823", "code": 5204, "fclass": "crossing", "name": null }, "geometry": { "type": "Point", "coordinates": [ 79.890659, 6.8810178 ] } },
{ "type": "Feature", "properties": { "osm_id": "10216158824", "code": 5204, "fclass": "crossing", "name": null }, "geometry": { "type": "Point", "coordinates": [ 79.8879959, 6.8824246 ] } },
{ "type": "Feature", "properties": { "osm_id": "10216158825", "code": 5204, "fclass": "crossing", "name": null }, "geometry": { "type": "Point", "coordinates": [ 79.8868123, 6.8833348 ] } },
{ "type": "Feature", "properties": { "osm_id": "10216158826", "code": 5204, "fclass": "crossing", "name": null }, "geometry": { "type": "Point", "coordinates": [ 79.8870304, 6.8870387 ] } },
{ "type": "Feature", "properties": { "osm_id": "10216158827", "code": 5204, "fclass": "crossing", "name": null }, "geometry": { "type": "Point", "coordinates": [ 79.8871919, 6.8871511 ] } },
{ "type": "Feature", "properties": { "osm_id": "10216158828", "code": 5204, "fclass": "crossing", "name": null }, "geometry": { "type": "Point", "coordinates": [ 79.8846038, 6.8874496 ] } },
{ "type": "Feature", "properties": { "osm_id": "10216158830", "code": 5204, "fclass": "crossing", "name": null }, "geometry": { "type": "Point", "coordinates": [ 79.8834648, 6.8873781 ] } },
{ "type": "Feature", "properties": { "osm_id": "10216158831", "code": 5204, "fclass": "crossing", "name": null }, "geometry": { "type": "Point", "coordinates": [ 79.8803746, 6.8897326 ] } },
{ "type": "Feature", "properties": { "osm_id": "10216158832", "code": 5204, "fclass": "crossing", "name": null }, "geometry": { "type": "Point", "coordinates": [ 79.879794, 6.8905422 ] } },
{ "type": "Feature", "properties": { "osm_id": "10216158833", "code": 5204, "fclass": "crossing", "name": null }, "geometry": { "type": "Point", "coordinates": [ 79.8789333, 6.8911969 ] } },
{ "type": "Feature", "properties": { "osm_id": "10216158834", "code": 5204, "fclass": "crossing", "name": null }, "geometry": { "type": "Point", "coordinates": [ 79.8782501, 6.8916499 ] } },
{ "type": "Feature", "properties": { "osm_id": "10216158835", "code": 5204, "fclass": "crossing", "name": null }, "geometry": { "type": "Point", "coordinates": [ 79.8755133, 6.8924952 ] } },
{ "type": "Feature", "properties": { "osm_id": "10216158836", "code": 5204, "fclass": "crossing", "name": null }, "geometry": { "type": "Point", "coordinates": [ 79.8719443, 6.8925267 ] } },
{ "type": "Feature", "properties": { "osm_id": "10216158837", "code": 5204, "fclass": "crossing", "name": null }, "geometry": { "type": "Point", "coordinates": [ 79.8919034, 6.8728979 ] } },
{ "type": "Feature", "properties": { "osm_id": "10216158838", "code": 5204, "fclass": "crossing", "name": null }, "geometry": { "type": "Point", "coordinates": [ 79.8881168, 6.8732899 ] } },
{ "type": "Feature", "properties": { "osm_id": "10219028103", "code": 5204, "fclass": "crossing", "name": null }, "geometry": { "type": "Point", "coordinates": [ 79.8552773, 6.9168082 ] } },
{ "type": "Feature", "properties": { "osm_id": "10219028104", "code": 5204, "fclass": "crossing", "name": null }, "geometry": { "type": "Point", "coordinates": [ 79.8553266, 6.9171088 ] } },
{ "type": "Feature", "properties": { "osm_id": "10219028105", "code": 5204, "fclass": "crossing", "name": null }, "geometry": { "type": "Point", "coordinates": [ 79.8528701, 6.9215723 ] } },
{ "type": "Feature", "properties": { "osm_id": "10219028106", "code": 5204, "fclass": "crossing", "name": null }, "geometry": { "type": "Point", "coordinates": [ 79.8524816, 6.9226883 ] } },
{ "type": "Feature", "properties": { "osm_id": "10219028107", "code": 5204, "fclass": "crossing", "name": null }, "geometry": { "type": "Point", "coordinates": [ 79.8525264, 6.9226988 ] } },
{ "type": "Feature", "properties": { "osm_id": "10219028108", "code": 5204, "fclass": "crossing", "name": null }, "geometry": { "type": "Point", "coordinates": [ 79.8559483, 6.9155856 ] } },
{ "type": "Feature", "properties": { "osm_id": "10219037656", "code": 5204, "fclass": "crossing", "name": null }, "geometry": { "type": "Point", "coordinates": [ 79.8564124, 6.9168369 ] } },
{ "type": "Feature", "properties": { "osm_id": "10219037657", "code": 5204, "fclass": "crossing", "name": null }, "geometry": { "type": "Point", "coordinates": [ 79.8564226, 6.9167835 ] } },
{ "type": "Feature", "properties": { "osm_id": "10219043266", "code": 5204, "fclass": "crossing", "name": null }, "geometry": { "type": "Point", "coordinates": [ 79.8901433, 6.9109407 ] } },
{ "type": "Feature", "properties": { "osm_id": "10219043267", "code": 5204, "fclass": "crossing", "name": null }, "geometry": { "type": "Point", "coordinates": [ 79.8901559, 6.9108641 ] } },
{ "type": "Feature", "properties": { "osm_id": "10219043268", "code": 5204, "fclass": "crossing", "name": null }, "geometry": { "type": "Point", "coordinates": [ 79.8914806, 6.9106861 ] } },
{ "type": "Feature", "properties": { "osm_id": "10219043269", "code": 5204, "fclass": "crossing", "name": null }, "geometry": { "type": "Point", "coordinates": [ 79.8914609, 6.9106087 ] } },
{ "type": "Feature", "properties": { "osm_id": "10219043270", "code": 5204, "fclass": "crossing", "name": null }, "geometry": { "type": "Point", "coordinates": [ 79.89506, 6.9099793 ] } },
{ "type": "Feature", "properties": { "osm_id": "10219043271", "code": 5204, "fclass": "crossing", "name": null }, "geometry": { "type": "Point", "coordinates": [ 79.895035, 6.909905 ] } },
{ "type": "Feature", "properties": { "osm_id": "10219043272", "code": 5204, "fclass": "crossing", "name": null }, "geometry": { "type": "Point", "coordinates": [ 79.8959794, 6.9085441 ] } },
{ "type": "Feature", "properties": { "osm_id": "10219043274", "code": 5204, "fclass": "crossing", "name": null }, "geometry": { "type": "Point", "coordinates": [ 79.8953591, 6.9084799 ] } },
{ "type": "Feature", "properties": { "osm_id": "10219043275", "code": 5204, "fclass": "crossing", "name": null }, "geometry": { "type": "Point", "coordinates": [ 79.8954634, 6.9085448 ] } },
{ "type": "Feature", "properties": { "osm_id": "10219043276", "code": 5204, "fclass": "crossing", "name": null }, "geometry": { "type": "Point", "coordinates": [ 79.8950697, 6.9087053 ] } },
{ "type": "Feature", "properties": { "osm_id": "10219043277", "code": 5204, "fclass": "crossing", "name": null }, "geometry": { "type": "Point", "coordinates": [ 79.8954456, 6.9086474 ] } },
{ "type": "Feature", "properties": { "osm_id": "10219043278", "code": 5204, "fclass": "crossing", "name": null }, "geometry": { "type": "Point", "coordinates": [ 79.8953224, 6.9088415 ] } },
{ "type": "Feature", "properties": { "osm_id": "10219043279", "code": 5204, "fclass": "crossing", "name": null }, "geometry": { "type": "Point", "coordinates": [ 79.8960011, 6.9090009 ] } },
{ "type": "Feature", "properties": { "osm_id": "10219043280", "code": 5204, "fclass": "crossing", "name": null }, "geometry": { "type": "Point", "coordinates": [ 79.8958753, 6.9092089 ] } },
{ "type": "Feature", "properties": { "osm_id": "10219043281", "code": 5204, "fclass": "crossing", "name": null }, "geometry": { "type": "Point", "coordinates": [ 79.8963094, 6.9091678 ] } },
{ "type": "Feature", "properties": { "osm_id": "10219043282", "code": 5204, "fclass": "crossing", "name": null }, "geometry": { "type": "Point", "coordinates": [ 79.8962251, 6.9094028 ] } },
{ "type": "Feature", "properties": { "osm_id": "10219043283", "code": 5204, "fclass": "crossing", "name": null }, "geometry": { "type": "Point", "coordinates": [ 79.8960252, 6.9093676 ] } },
{ "type": "Feature", "properties": { "osm_id": "10219043284", "code": 5204, "fclass": "crossing", "name": null }, "geometry": { "type": "Point", "coordinates": [ 79.8961071, 6.9094127 ] } },
{ "type": "Feature", "properties": { "osm_id": "10219043286", "code": 5204, "fclass": "crossing", "name": null }, "geometry": { "type": "Point", "coordinates": [ 79.8964566, 6.909549 ] } },
{ "type": "Feature", "properties": { "osm_id": "10219054417", "code": 5204, "fclass": "crossing", "name": null }, "geometry": { "type": "Point", "coordinates": [ 79.8886958, 6.9095821 ] } },
{ "type": "Feature", "properties": { "osm_id": "10219054418", "code": 5204, "fclass": "crossing", "name": null }, "geometry": { "type": "Point", "coordinates": [ 79.8886183, 6.9094954 ] } },
{ "type": "Feature", "properties": { "osm_id": "10219054419", "code": 5204, "fclass": "crossing", "name": null }, "geometry": { "type": "Point", "coordinates": [ 79.8926557, 6.908543 ] } },
{ "type": "Feature", "properties": { "osm_id": "10219054420", "code": 5204, "fclass": "crossing", "name": null }, "geometry": { "type": "Point", "coordinates": [ 79.8926335, 6.9084351 ] } },
{ "type": "Feature", "properties": { "osm_id": "10222565171", "code": 5204, "fclass": "crossing", "name": null }, "geometry": { "type": "Point", "coordinates": [ 79.847241, 6.9304913 ] } },
{ "type": "Feature", "properties": { "osm_id": "10222565172", "code": 5204, "fclass": "crossing", "name": null }, "geometry": { "type": "Point", "coordinates": [ 79.8473249, 6.9305325 ] } },
{ "type": "Feature", "properties": { "osm_id": "10222565173", "code": 5204, "fclass": "crossing", "name": null }, "geometry": { "type": "Point", "coordinates": [ 79.8484274, 6.9288316 ] } },
{ "type": "Feature", "properties": { "osm_id": "10222565174", "code": 5204, "fclass": "crossing", "name": null }, "geometry": { "type": "Point", "coordinates": [ 79.8485304, 6.928912 ] } },
{ "type": "Feature", "properties": { "osm_id": "10222565175", "code": 5204, "fclass": "crossing", "name": null }, "geometry": { "type": "Point", "coordinates": [ 79.8501788, 6.9275089 ] } },
{ "type": "Feature", "properties": { "osm_id": "10222565176", "code": 5204, "fclass": "crossing", "name": null }, "geometry": { "type": "Point", "coordinates": [ 79.8501619, 6.927433 ] } },
{ "type": "Feature", "properties": { "osm_id": "10222565178", "code": 5204, "fclass": "crossing", "name": null }, "geometry": { "type": "Point", "coordinates": [ 79.8514186, 6.9264592 ] } },
{ "type": "Feature", "properties": { "osm_id": "10243703010", "code": 5204, "fclass": "crossing", "name": null }, "geometry": { "type": "Point", "coordinates": [ 79.8653007, 6.9271 ] } },
{ "type": "Feature", "properties": { "osm_id": "10243703011", "code": 5204, "fclass": "crossing", "name": null }, "geometry": { "type": "Point", "coordinates": [ 79.8653726, 6.9270615 ] } },
{ "type": "Feature", "properties": { "osm_id": "10243703012", "code": 5204, "fclass": "crossing", "name": null }, "geometry": { "type": "Point", "coordinates": [ 79.8656038, 6.9270262 ] } },
{ "type": "Feature", "properties": { "osm_id": "10243703013", "code": 5204, "fclass": "crossing", "name": null }, "geometry": { "type": "Point", "coordinates": [ 79.865669, 6.9270829 ] } },
{ "type": "Feature", "properties": { "osm_id": "10243703015", "code": 5204, "fclass": "crossing", "name": null }, "geometry": { "type": "Point", "coordinates": [ 79.8651042, 6.9258865 ] } },
{ "type": "Feature", "properties": { "osm_id": "10243703016", "code": 5204, "fclass": "crossing", "name": null }, "geometry": { "type": "Point", "coordinates": [ 79.8651807, 6.9259005 ] } },
{ "type": "Feature", "properties": { "osm_id": "10243703017", "code": 5204, "fclass": "crossing", "name": null }, "geometry": { "type": "Point", "coordinates": [ 79.8652813, 6.9251409 ] } },
{ "type": "Feature", "properties": { "osm_id": "10243703019", "code": 5204, "fclass": "crossing", "name": null }, "geometry": { "type": "Point", "coordinates": [ 79.864697, 6.9234024 ] } },
{ "type": "Feature", "properties": { "osm_id": "10243703020", "code": 5204, "fclass": "crossing", "name": null }, "geometry": { "type": "Point", "coordinates": [ 79.864778, 6.923397 ] } },
{ "type": "Feature", "properties": { "osm_id": "10243703021", "code": 5204, "fclass": "crossing", "name": null }, "geometry": { "type": "Point", "coordinates": [ 79.8645757, 6.922904 ] } },
{ "type": "Feature", "properties": { "osm_id": "10243703023", "code": 5204, "fclass": "crossing", "name": null }, "geometry": { "type": "Point", "coordinates": [ 79.8647539, 6.9229179 ] } },
{ "type": "Feature", "properties": { "osm_id": "10243703024", "code": 5204, "fclass": "crossing", "name": null }, "geometry": { "type": "Point", "coordinates": [ 79.8646675, 6.9229216 ] } },
{ "type": "Feature", "properties": { "osm_id": "10243703025", "code": 5204, "fclass": "crossing", "name": null }, "geometry": { "type": "Point", "coordinates": [ 79.8647279, 6.9186858 ] } },
{ "type": "Feature", "properties": { "osm_id": "10243703026", "code": 5204, "fclass": "crossing", "name": null }, "geometry": { "type": "Point", "coordinates": [ 79.8648237, 6.918701 ] } },
{ "type": "Feature", "properties": { "osm_id": "10254700256", "code": 5204, "fclass": "crossing", "name": null }, "geometry": { "type": "Point", "coordinates": [ 79.8772219, 6.8925696 ] } },
{ "type": "Feature", "properties": { "osm_id": "10259447960", "code": 5204, "fclass": "crossing", "name": null }, "geometry": { "type": "Point", "coordinates": [ 79.8597095, 6.9167206 ] } },
{ "type": "Feature", "properties": { "osm_id": "10260948417", "code": 5204, "fclass": "crossing", "name": null }, "geometry": { "type": "Point", "coordinates": [ 79.8614215, 6.9188609 ] } },
{ "type": "Feature", "properties": { "osm_id": "10260948419", "code": 5204, "fclass": "crossing", "name": null }, "geometry": { "type": "Point", "coordinates": [ 79.8615522, 6.9187702 ] } },
{ "type": "Feature", "properties": { "osm_id": "10260948420", "code": 5204, "fclass": "crossing", "name": null }, "geometry": { "type": "Point", "coordinates": [ 79.861483, 6.918802 ] } },
{ "type": "Feature", "properties": { "osm_id": "10260948437", "code": 5204, "fclass": "crossing", "name": null }, "geometry": { "type": "Point", "coordinates": [ 79.8609158, 6.9190835 ] } },
{ "type": "Feature", "properties": { "osm_id": "10260948453", "code": 5204, "fclass": "crossing", "name": null }, "geometry": { "type": "Point", "coordinates": [ 79.8491103, 6.9196606 ] } },
{ "type": "Feature", "properties": { "osm_id": "10260948456", "code": 5204, "fclass": "crossing", "name": null }, "geometry": { "type": "Point", "coordinates": [ 79.8663021, 6.9372223 ] } },
{ "type": "Feature", "properties": { "osm_id": "10260948457", "code": 5204, "fclass": "crossing", "name": null }, "geometry": { "type": "Point", "coordinates": [ 79.8664099, 6.937221 ] } },
{ "type": "Feature", "properties": { "osm_id": "10260948458", "code": 5204, "fclass": "crossing", "name": null }, "geometry": { "type": "Point", "coordinates": [ 79.8662897, 6.9385634 ] } },
{ "type": "Feature", "properties": { "osm_id": "10260948459", "code": 5204, "fclass": "crossing", "name": null }, "geometry": { "type": "Point", "coordinates": [ 79.8663915, 6.9385814 ] } },
{ "type": "Feature", "properties": { "osm_id": "10260948460", "code": 5204, "fclass": "crossing", "name": null }, "geometry": { "type": "Point", "coordinates": [ 79.8657888, 6.9398571 ] } },
{ "type": "Feature", "properties": { "osm_id": "10260948461", "code": 5204, "fclass": "crossing", "name": null }, "geometry": { "type": "Point", "coordinates": [ 79.8658864, 6.9399042 ] } },
{ "type": "Feature", "properties": { "osm_id": "10260948462", "code": 5204, "fclass": "crossing", "name": null }, "geometry": { "type": "Point", "coordinates": [ 79.8649116, 6.9417159 ] } },
{ "type": "Feature", "properties": { "osm_id": "10260948463", "code": 5204, "fclass": "crossing", "name": null }, "geometry": { "type": "Point", "coordinates": [ 79.8650165, 6.941765 ] } },
{ "type": "Feature", "properties": { "osm_id": "10260948464", "code": 5204, "fclass": "crossing", "name": null }, "geometry": { "type": "Point", "coordinates": [ 79.8647997, 6.9419504 ] } },
{ "type": "Feature", "properties": { "osm_id": "10260948465", "code": 5204, "fclass": "crossing", "name": null }, "geometry": { "type": "Point", "coordinates": [ 79.864906, 6.9419977 ] } },
{ "type": "Feature", "properties": { "osm_id": "10260948466", "code": 5204, "fclass": "crossing", "name": null }, "geometry": { "type": "Point", "coordinates": [ 79.8642342, 6.9431642 ] } },
{ "type": "Feature", "properties": { "osm_id": "10260948467", "code": 5204, "fclass": "crossing", "name": null }, "geometry": { "type": "Point", "coordinates": [ 79.8643327, 6.9432047 ] } },
{ "type": "Feature", "properties": { "osm_id": "10260948468", "code": 5204, "fclass": "crossing", "name": null }, "geometry": { "type": "Point", "coordinates": [ 79.8643228, 6.943457 ] } },
{ "type": "Feature", "properties": { "osm_id": "10260948469", "code": 5204, "fclass": "crossing", "name": null }, "geometry": { "type": "Point", "coordinates": [ 79.8643615, 6.9433894 ] } },
{ "type": "Feature", "properties": { "osm_id": "10260948470", "code": 5204, "fclass": "crossing", "name": null }, "geometry": { "type": "Point", "coordinates": [ 79.8641418, 6.9434902 ] } },
{ "type": "Feature", "properties": { "osm_id": "10260948471", "code": 5204, "fclass": "crossing", "name": null }, "geometry": { "type": "Point", "coordinates": [ 79.864242, 6.9435141 ] } },
{ "type": "Feature", "properties": { "osm_id": "10260948474", "code": 5204, "fclass": "crossing", "name": null }, "geometry": { "type": "Point", "coordinates": [ 79.8644198, 6.9432859 ] } },
{ "type": "Feature", "properties": { "osm_id": "10260948475", "code": 5204, "fclass": "crossing", "name": null }, "geometry": { "type": "Point", "coordinates": [ 79.8640333, 6.9433191 ] } },
{ "type": "Feature", "properties": { "osm_id": "10260948476", "code": 5204, "fclass": "crossing", "name": null }, "geometry": { "type": "Point", "coordinates": [ 79.8636205, 6.945579 ] } },
{ "type": "Feature", "properties": { "osm_id": "10260948477", "code": 5204, "fclass": "crossing", "name": null }, "geometry": { "type": "Point", "coordinates": [ 79.8637163, 6.945626 ] } },
{ "type": "Feature", "properties": { "osm_id": "10260948478", "code": 5204, "fclass": "crossing", "name": null }, "geometry": { "type": "Point", "coordinates": [ 79.8623312, 6.9471087 ] } },
{ "type": "Feature", "properties": { "osm_id": "10260948479", "code": 5204, "fclass": "crossing", "name": null }, "geometry": { "type": "Point", "coordinates": [ 79.8624329, 6.9471895 ] } },
{ "type": "Feature", "properties": { "osm_id": "10260948480", "code": 5204, "fclass": "crossing", "name": null }, "geometry": { "type": "Point", "coordinates": [ 79.8624053, 6.9475085 ] } },
{ "type": "Feature", "properties": { "osm_id": "10260948481", "code": 5204, "fclass": "crossing", "name": null }, "geometry": { "type": "Point", "coordinates": [ 79.8587186, 6.9492132 ] } },
{ "type": "Feature", "properties": { "osm_id": "10260948482", "code": 5204, "fclass": "crossing", "name": null }, "geometry": { "type": "Point", "coordinates": [ 79.8573349, 6.9500946 ] } },
{ "type": "Feature", "properties": { "osm_id": "10260948483", "code": 5204, "fclass": "crossing", "name": null }, "geometry": { "type": "Point", "coordinates": [ 79.8572894, 6.9499875 ] } },
{ "type": "Feature", "properties": { "osm_id": "10261639632", "code": 5204, "fclass": "crossing", "name": null }, "geometry": { "type": "Point", "coordinates": [ 79.8659753, 6.8767331 ] } },
{ "type": "Feature", "properties": { "osm_id": "10261639633", "code": 5204, "fclass": "crossing", "name": null }, "geometry": { "type": "Point", "coordinates": [ 79.8628941, 6.8659689 ] } },
{ "type": "Feature", "properties": { "osm_id": "10261639634", "code": 5204, "fclass": "crossing", "name": null }, "geometry": { "type": "Point", "coordinates": [ 79.8636222, 6.8637685 ] } },
{ "type": "Feature", "properties": { "osm_id": "10261690658", "code": 5204, "fclass": "crossing", "name": null }, "geometry": { "type": "Point", "coordinates": [ 79.8776055, 6.9168116 ] } },
{ "type": "Feature", "properties": { "osm_id": "10261690659", "code": 5204, "fclass": "crossing", "name": null }, "geometry": { "type": "Point", "coordinates": [ 79.8777308, 6.9168129 ] } },
{ "type": "Feature", "properties": { "osm_id": "10261690660", "code": 5204, "fclass": "crossing", "name": null }, "geometry": { "type": "Point", "coordinates": [ 79.877633, 6.9188961 ] } },
{ "type": "Feature", "properties": { "osm_id": "10261690661", "code": 5204, "fclass": "crossing", "name": null }, "geometry": { "type": "Point", "coordinates": [ 79.8777516, 6.9188903 ] } },
{ "type": "Feature", "properties": { "osm_id": "10261690663", "code": 5204, "fclass": "crossing", "name": null }, "geometry": { "type": "Point", "coordinates": [ 79.8777312, 6.9215075 ] } },
{ "type": "Feature", "properties": { "osm_id": "10261690664", "code": 5204, "fclass": "crossing", "name": null }, "geometry": { "type": "Point", "coordinates": [ 79.8778516, 6.9215099 ] } },
{ "type": "Feature", "properties": { "osm_id": "10261690665", "code": 5204, "fclass": "crossing", "name": null }, "geometry": { "type": "Point", "coordinates": [ 79.8777658, 6.9222696 ] } },
{ "type": "Feature", "properties": { "osm_id": "10261690666", "code": 5204, "fclass": "crossing", "name": null }, "geometry": { "type": "Point", "coordinates": [ 79.8778829, 6.9222647 ] } },
{ "type": "Feature", "properties": { "osm_id": "10261690667", "code": 5204, "fclass": "crossing", "name": null }, "geometry": { "type": "Point", "coordinates": [ 79.8778612, 6.9258012 ] } },
{ "type": "Feature", "properties": { "osm_id": "10261690668", "code": 5204, "fclass": "crossing", "name": null }, "geometry": { "type": "Point", "coordinates": [ 79.8779791, 6.9257942 ] } },
{ "type": "Feature", "properties": { "osm_id": "10261690669", "code": 5204, "fclass": "crossing", "name": null }, "geometry": { "type": "Point", "coordinates": [ 79.8779446, 6.9285028 ] } },
{ "type": "Feature", "properties": { "osm_id": "10261690670", "code": 5204, "fclass": "crossing", "name": null }, "geometry": { "type": "Point", "coordinates": [ 79.8780545, 6.9285005 ] } },
{ "type": "Feature", "properties": { "osm_id": "10261690671", "code": 5204, "fclass": "crossing", "name": null }, "geometry": { "type": "Point", "coordinates": [ 79.8778945, 6.9305508 ] } },
{ "type": "Feature", "properties": { "osm_id": "10261690673", "code": 5204, "fclass": "crossing", "name": null }, "geometry": { "type": "Point", "coordinates": [ 79.8779337, 6.9304073 ] } },
{ "type": "Feature", "properties": { "osm_id": "10261690674", "code": 5204, "fclass": "crossing", "name": null }, "geometry": { "type": "Point", "coordinates": [ 79.8781121, 6.9304945 ] } },
{ "type": "Feature", "properties": { "osm_id": "10261690675", "code": 5204, "fclass": "crossing", "name": null }, "geometry": { "type": "Point", "coordinates": [ 79.8779964, 6.930502 ] } },
{ "type": "Feature", "properties": { "osm_id": "10261690677", "code": 5204, "fclass": "crossing", "name": null }, "geometry": { "type": "Point", "coordinates": [ 79.8782143, 6.9303173 ] } },
{ "type": "Feature", "properties": { "osm_id": "10261690679", "code": 5204, "fclass": "crossing", "name": null }, "geometry": { "type": "Point", "coordinates": [ 79.8782137, 6.9302434 ] } },
{ "type": "Feature", "properties": { "osm_id": "10261690680", "code": 5204, "fclass": "crossing", "name": null }, "geometry": { "type": "Point", "coordinates": [ 79.8779856, 6.9302435 ] } },
{ "type": "Feature", "properties": { "osm_id": "10261690682", "code": 5204, "fclass": "crossing", "name": null }, "geometry": { "type": "Point", "coordinates": [ 79.8780995, 6.9302436 ] } },
{ "type": "Feature", "properties": { "osm_id": "10261690683", "code": 5204, "fclass": "crossing", "name": null }, "geometry": { "type": "Point", "coordinates": [ 79.878029, 6.9313561 ] } },
{ "type": "Feature", "properties": { "osm_id": "10261690684", "code": 5204, "fclass": "crossing", "name": null }, "geometry": { "type": "Point", "coordinates": [ 79.8781484, 6.9313525 ] } },
{ "type": "Feature", "properties": { "osm_id": "10261690685", "code": 5204, "fclass": "crossing", "name": null }, "geometry": { "type": "Point", "coordinates": [ 79.8780576, 6.932248 ] } },
{ "type": "Feature", "properties": { "osm_id": "10261690686", "code": 5204, "fclass": "crossing", "name": null }, "geometry": { "type": "Point", "coordinates": [ 79.8781805, 6.9322414 ] } },
{ "type": "Feature", "properties": { "osm_id": "10261690687", "code": 5204, "fclass": "crossing", "name": null }, "geometry": { "type": "Point", "coordinates": [ 79.8780778, 6.940166 ] } },
{ "type": "Feature", "properties": { "osm_id": "10261690688", "code": 5204, "fclass": "crossing", "name": null }, "geometry": { "type": "Point", "coordinates": [ 79.8780711, 6.9400536 ] } },
{ "type": "Feature", "properties": { "osm_id": "10261690690", "code": 5204, "fclass": "crossing", "name": null }, "geometry": { "type": "Point", "coordinates": [ 79.8782199, 6.9402973 ] } },
{ "type": "Feature", "properties": { "osm_id": "10261690691", "code": 5204, "fclass": "crossing", "name": null }, "geometry": { "type": "Point", "coordinates": [ 79.8783412, 6.9402935 ] } },
{ "type": "Feature", "properties": { "osm_id": "10261690692", "code": 5204, "fclass": "crossing", "name": null }, "geometry": { "type": "Point", "coordinates": [ 79.8782521, 6.9416037 ] } },
{ "type": "Feature", "properties": { "osm_id": "10261690693", "code": 5204, "fclass": "crossing", "name": null }, "geometry": { "type": "Point", "coordinates": [ 79.8783732, 6.9415962 ] } },
{ "type": "Feature", "properties": { "osm_id": "10261690699", "code": 5204, "fclass": "crossing", "name": null }, "geometry": { "type": "Point", "coordinates": [ 79.8784009, 6.9437122 ] } },
{ "type": "Feature", "properties": { "osm_id": "10261690700", "code": 5204, "fclass": "crossing", "name": null }, "geometry": { "type": "Point", "coordinates": [ 79.8781889, 6.9436341 ] } },
{ "type": "Feature", "properties": { "osm_id": "10261690701", "code": 5204, "fclass": "crossing", "name": null }, "geometry": { "type": "Point", "coordinates": [ 79.8783112, 6.9436775 ] } },
{ "type": "Feature", "properties": { "osm_id": "10261690702", "code": 5204, "fclass": "crossing", "name": null }, "geometry": { "type": "Point", "coordinates": [ 79.8779996, 6.9437243 ] } },
{ "type": "Feature", "properties": { "osm_id": "10261690704", "code": 5204, "fclass": "crossing", "name": null }, "geometry": { "type": "Point", "coordinates": [ 79.8783661, 6.943902 ] } },
{ "type": "Feature", "properties": { "osm_id": "10261690705", "code": 5204, "fclass": "crossing", "name": null }, "geometry": { "type": "Point", "coordinates": [ 79.8781755, 6.9439744 ] } },
{ "type": "Feature", "properties": { "osm_id": "10261690706", "code": 5204, "fclass": "crossing", "name": null }, "geometry": { "type": "Point", "coordinates": [ 79.8782899, 6.9439876 ] } },
{ "type": "Feature", "properties": { "osm_id": "10265731972", "code": 5204, "fclass": "crossing", "name": null }, "geometry": { "type": "Point", "coordinates": [ 79.9064734, 6.7252111 ] } },
{ "type": "Feature", "properties": { "osm_id": "10265731973", "code": 5204, "fclass": "crossing", "name": null }, "geometry": { "type": "Point", "coordinates": [ 79.9065476, 6.7252674 ] } },
{ "type": "Feature", "properties": { "osm_id": "10267780309", "code": 5204, "fclass": "crossing", "name": null }, "geometry": { "type": "Point", "coordinates": [ 79.8431224, 6.9329798 ] } },
{ "type": "Feature", "properties": { "osm_id": "10267780310", "code": 5204, "fclass": "crossing", "name": null }, "geometry": { "type": "Point", "coordinates": [ 79.8429228, 6.9351092 ] } },
{ "type": "Feature", "properties": { "osm_id": "10267780311", "code": 5204, "fclass": "crossing", "name": null }, "geometry": { "type": "Point", "coordinates": [ 79.8432356, 6.9355962 ] } },
{ "type": "Feature", "properties": { "osm_id": "10267780312", "code": 5204, "fclass": "crossing", "name": null }, "geometry": { "type": "Point", "coordinates": [ 79.8524264, 6.9348214 ] } },
{ "type": "Feature", "properties": { "osm_id": "10267780313", "code": 5204, "fclass": "crossing", "name": null }, "geometry": { "type": "Point", "coordinates": [ 79.8524643, 6.9347177 ] } },
{ "type": "Feature", "properties": { "osm_id": "10267796071", "code": 5204, "fclass": "crossing", "name": null }, "geometry": { "type": "Point", "coordinates": [ 79.8457575, 6.9324198 ] } },
{ "type": "Feature", "properties": { "osm_id": "10267796072", "code": 5204, "fclass": "crossing", "name": null }, "geometry": { "type": "Point", "coordinates": [ 79.8458633, 6.9323549 ] } },
{ "type": "Feature", "properties": { "osm_id": "10267796073", "code": 5204, "fclass": "crossing", "name": null }, "geometry": { "type": "Point", "coordinates": [ 79.8458267, 6.9323773 ] } },
{ "type": "Feature", "properties": { "osm_id": "10268949856", "code": 5204, "fclass": "crossing", "name": null }, "geometry": { "type": "Point", "coordinates": [ 79.8470025, 6.9324824 ] } },
{ "type": "Feature", "properties": { "osm_id": "10268949857", "code": 5204, "fclass": "crossing", "name": null }, "geometry": { "type": "Point", "coordinates": [ 79.8470384, 6.9323332 ] } },
{ "type": "Feature", "properties": { "osm_id": "10268949858", "code": 5204, "fclass": "crossing", "name": null }, "geometry": { "type": "Point", "coordinates": [ 79.8470246, 6.9323906 ] } },
{ "type": "Feature", "properties": { "osm_id": "10268955039", "code": 5204, "fclass": "crossing", "name": null }, "geometry": { "type": "Point", "coordinates": [ 79.8603659, 6.9323705 ] } },
{ "type": "Feature", "properties": { "osm_id": "10268955040", "code": 5204, "fclass": "crossing", "name": null }, "geometry": { "type": "Point", "coordinates": [ 79.8604356, 6.9324222 ] } },
{ "type": "Feature", "properties": { "osm_id": "10268955041", "code": 5204, "fclass": "crossing", "name": null }, "geometry": { "type": "Point", "coordinates": [ 79.860641, 6.9323614 ] } },
{ "type": "Feature", "properties": { "osm_id": "10268955043", "code": 5204, "fclass": "crossing", "name": null }, "geometry": { "type": "Point", "coordinates": [ 79.860755, 6.9322268 ] } },
{ "type": "Feature", "properties": { "osm_id": "10268955045", "code": 5204, "fclass": "crossing", "name": null }, "geometry": { "type": "Point", "coordinates": [ 79.8605682, 6.9321801 ] } },
{ "type": "Feature", "properties": { "osm_id": "10268955046", "code": 5204, "fclass": "crossing", "name": null }, "geometry": { "type": "Point", "coordinates": [ 79.8606197, 6.9322303 ] } },
{ "type": "Feature", "properties": { "osm_id": "10268955047", "code": 5204, "fclass": "crossing", "name": null }, "geometry": { "type": "Point", "coordinates": [ 79.8603275, 6.9322674 ] } },
{ "type": "Feature", "properties": { "osm_id": "10268955051", "code": 5204, "fclass": "crossing", "name": null }, "geometry": { "type": "Point", "coordinates": [ 79.8564966, 6.9333174 ] } },
{ "type": "Feature", "properties": { "osm_id": "10268955052", "code": 5204, "fclass": "crossing", "name": null }, "geometry": { "type": "Point", "coordinates": [ 79.8565545, 6.9333731 ] } },
{ "type": "Feature", "properties": { "osm_id": "10268955053", "code": 5204, "fclass": "crossing", "name": null }, "geometry": { "type": "Point", "coordinates": [ 79.8536352, 6.9350086 ] } },
{ "type": "Feature", "properties": { "osm_id": "10268955054", "code": 5204, "fclass": "crossing", "name": null }, "geometry": { "type": "Point", "coordinates": [ 79.8540828, 6.9348208 ] } },
{ "type": "Feature", "properties": { "osm_id": "10268955055", "code": 5204, "fclass": "crossing", "name": null }, "geometry": { "type": "Point", "coordinates": [ 79.854027, 6.9347288 ] } },
{ "type": "Feature", "properties": { "osm_id": "10268955056", "code": 5204, "fclass": "crossing", "name": null }, "geometry": { "type": "Point", "coordinates": [ 79.8555792, 6.9343119 ] } },
{ "type": "Feature", "properties": { "osm_id": "10268955058", "code": 5204, "fclass": "crossing", "name": null }, "geometry": { "type": "Point", "coordinates": [ 79.8555934, 6.9340888 ] } },
{ "type": "Feature", "properties": { "osm_id": "10268955059", "code": 5204, "fclass": "crossing", "name": null }, "geometry": { "type": "Point", "coordinates": [ 79.8556174, 6.9341699 ] } },
{ "type": "Feature", "properties": { "osm_id": "10268955060", "code": 5204, "fclass": "crossing", "name": null }, "geometry": { "type": "Point", "coordinates": [ 79.8556272, 6.9342028 ] } },
{ "type": "Feature", "properties": { "osm_id": "10268955063", "code": 5204, "fclass": "crossing", "name": null }, "geometry": { "type": "Point", "coordinates": [ 79.8557163, 6.9342533 ] } },
{ "type": "Feature", "properties": { "osm_id": "10268955064", "code": 5204, "fclass": "crossing", "name": null }, "geometry": { "type": "Point", "coordinates": [ 79.8557982, 6.9342521 ] } },
{ "type": "Feature", "properties": { "osm_id": "10268955065", "code": 5204, "fclass": "crossing", "name": null }, "geometry": { "type": "Point", "coordinates": [ 79.8559184, 6.9342207 ] } },
{ "type": "Feature", "properties": { "osm_id": "10268955068", "code": 5204, "fclass": "crossing", "name": null }, "geometry": { "type": "Point", "coordinates": [ 79.8575252, 6.9325384 ] } },
{ "type": "Feature", "properties": { "osm_id": "10268955070", "code": 5204, "fclass": "crossing", "name": null }, "geometry": { "type": "Point", "coordinates": [ 79.8573742, 6.9324592 ] } },
{ "type": "Feature", "properties": { "osm_id": "10268955071", "code": 5204, "fclass": "crossing", "name": null }, "geometry": { "type": "Point", "coordinates": [ 79.8574377, 6.9325 ] } },
{ "type": "Feature", "properties": { "osm_id": "10268955072", "code": 5204, "fclass": "crossing", "name": null }, "geometry": { "type": "Point", "coordinates": [ 79.8660054, 6.9347204 ] } },
{ "type": "Feature", "properties": { "osm_id": "10268955074", "code": 5204, "fclass": "crossing", "name": null }, "geometry": { "type": "Point", "coordinates": [ 79.8661849, 6.9346474 ] } },
{ "type": "Feature", "properties": { "osm_id": "10268955075", "code": 5204, "fclass": "crossing", "name": null }, "geometry": { "type": "Point", "coordinates": [ 79.8663044, 6.934554 ] } },
{ "type": "Feature", "properties": { "osm_id": "10268955077", "code": 5204, "fclass": "crossing", "name": null }, "geometry": { "type": "Point", "coordinates": [ 79.8662873, 6.9344038 ] } },
{ "type": "Feature", "properties": { "osm_id": "10268955078", "code": 5204, "fclass": "crossing", "name": null }, "geometry": { "type": "Point", "coordinates": [ 79.8659818, 6.934014 ] } },
{ "type": "Feature", "properties": { "osm_id": "10268955079", "code": 5204, "fclass": "crossing", "name": null }, "geometry": { "type": "Point", "coordinates": [ 79.8660203, 6.9340094 ] } },
{ "type": "Feature", "properties": { "osm_id": "10268955080", "code": 5204, "fclass": "crossing", "name": null }, "geometry": { "type": "Point", "coordinates": [ 79.8679031, 6.9346978 ] } },
{ "type": "Feature", "properties": { "osm_id": "10268955081", "code": 5204, "fclass": "crossing", "name": null }, "geometry": { "type": "Point", "coordinates": [ 79.8679164, 6.9346034 ] } },
{ "type": "Feature", "properties": { "osm_id": "10268955082", "code": 5204, "fclass": "crossing", "name": null }, "geometry": { "type": "Point", "coordinates": [ 79.8717971, 6.9352942 ] } },
{ "type": "Feature", "properties": { "osm_id": "10268955083", "code": 5204, "fclass": "crossing", "name": null }, "geometry": { "type": "Point", "coordinates": [ 79.8718252, 6.9351862 ] } },
{ "type": "Feature", "properties": { "osm_id": "10268955084", "code": 5204, "fclass": "crossing", "name": null }, "geometry": { "type": "Point", "coordinates": [ 79.8723252, 6.935473 ] } },
{ "type": "Feature", "properties": { "osm_id": "10268955085", "code": 5204, "fclass": "crossing", "name": null }, "geometry": { "type": "Point", "coordinates": [ 79.8723859, 6.9353996 ] } },
{ "type": "Feature", "properties": { "osm_id": "10268955086", "code": 5204, "fclass": "crossing", "name": null }, "geometry": { "type": "Point", "coordinates": [ 79.8732581, 6.9365596 ] } },
{ "type": "Feature", "properties": { "osm_id": "10268955087", "code": 5204, "fclass": "crossing", "name": null }, "geometry": { "type": "Point", "coordinates": [ 79.8733354, 6.9364964 ] } },
{ "type": "Feature", "properties": { "osm_id": "10268955088", "code": 5204, "fclass": "crossing", "name": null }, "geometry": { "type": "Point", "coordinates": [ 79.876566, 6.9398903 ] } },
{ "type": "Feature", "properties": { "osm_id": "10268955089", "code": 5204, "fclass": "crossing", "name": null }, "geometry": { "type": "Point", "coordinates": [ 79.8766212, 6.9398066 ] } },
{ "type": "Feature", "properties": { "osm_id": "10268955091", "code": 5204, "fclass": "crossing", "name": null }, "geometry": { "type": "Point", "coordinates": [ 79.8782474, 6.9427352 ] } },
{ "type": "Feature", "properties": { "osm_id": "10268955092", "code": 5204, "fclass": "crossing", "name": null }, "geometry": { "type": "Point", "coordinates": [ 79.878368, 6.9427414 ] } },
{ "type": "Feature", "properties": { "osm_id": "10268958223", "code": 5204, "fclass": "crossing", "name": null }, "geometry": { "type": "Point", "coordinates": [ 79.8523141, 6.9233166 ] } },
{ "type": "Feature", "properties": { "osm_id": "10268958224", "code": 5204, "fclass": "crossing", "name": null }, "geometry": { "type": "Point", "coordinates": [ 79.8523308, 6.923321 ] } },
{ "type": "Feature", "properties": { "osm_id": "10268958225", "code": 5204, "fclass": "crossing", "name": null }, "geometry": { "type": "Point", "coordinates": [ 79.8520214, 6.924376 ] } },
{ "type": "Feature", "properties": { "osm_id": "10268958226", "code": 5204, "fclass": "crossing", "name": null }, "geometry": { "type": "Point", "coordinates": [ 79.8516687, 6.9255791 ] } },
{ "type": "Feature", "properties": { "osm_id": "10285465359", "code": 5204, "fclass": "crossing", "name": null }, "geometry": { "type": "Point", "coordinates": [ 79.8617224, 6.9120123 ] } },
{ "type": "Feature", "properties": { "osm_id": "10290686033", "code": 5204, "fclass": "crossing", "name": null }, "geometry": { "type": "Point", "coordinates": [ 79.8492205, 6.9126091 ] } },
{ "type": "Feature", "properties": { "osm_id": "10290686034", "code": 5204, "fclass": "crossing", "name": null }, "geometry": { "type": "Point", "coordinates": [ 79.8493027, 6.912636 ] } },
{ "type": "Feature", "properties": { "osm_id": "10296971157", "code": 5204, "fclass": "crossing", "name": null }, "geometry": { "type": "Point", "coordinates": [ 79.8605281, 6.8766954 ] } },
{ "type": "Feature", "properties": { "osm_id": "10296971158", "code": 5204, "fclass": "crossing", "name": null }, "geometry": { "type": "Point", "coordinates": [ 79.860178, 6.8778492 ] } },
{ "type": "Feature", "properties": { "osm_id": "10296971159", "code": 5204, "fclass": "crossing", "name": null }, "geometry": { "type": "Point", "coordinates": [ 79.8619965, 6.8800176 ] } },
{ "type": "Feature", "properties": { "osm_id": "10296971160", "code": 5204, "fclass": "crossing", "name": null }, "geometry": { "type": "Point", "coordinates": [ 79.8623687, 6.8802784 ] } },
{ "type": "Feature", "properties": { "osm_id": "10296971161", "code": 5204, "fclass": "crossing", "name": null }, "geometry": { "type": "Point", "coordinates": [ 79.8596644, 6.8867718 ] } },
{ "type": "Feature", "properties": { "osm_id": "10296971162", "code": 5204, "fclass": "crossing", "name": null }, "geometry": { "type": "Point", "coordinates": [ 79.8535529, 6.8933282 ] } },
{ "type": "Feature", "properties": { "osm_id": "10296971163", "code": 5204, "fclass": "crossing", "name": null }, "geometry": { "type": "Point", "coordinates": [ 79.8560884, 6.8958016 ] } },
{ "type": "Feature", "properties": { "osm_id": "10296971164", "code": 5204, "fclass": "crossing", "name": null }, "geometry": { "type": "Point", "coordinates": [ 79.8478505, 6.9168633 ] } },
{ "type": "Feature", "properties": { "osm_id": "10296971165", "code": 5204, "fclass": "crossing", "name": null }, "geometry": { "type": "Point", "coordinates": [ 79.8479285, 6.9168912 ] } },
{ "type": "Feature", "properties": { "osm_id": "10542495090", "code": 5204, "fclass": "crossing", "name": null }, "geometry": { "type": "Point", "coordinates": [ 79.8762242, 6.8965345 ] } },
{ "type": "Feature", "properties": { "osm_id": "10555850719", "code": 5204, "fclass": "crossing", "name": null }, "geometry": { "type": "Point", "coordinates": [ 79.8588917, 6.9103448 ] } },
{ "type": "Feature", "properties": { "osm_id": "10555850720", "code": 5204, "fclass": "crossing", "name": null }, "geometry": { "type": "Point", "coordinates": [ 79.8589484, 6.910389 ] } },
{ "type": "Feature", "properties": { "osm_id": "10555850721", "code": 5204, "fclass": "crossing", "name": null }, "geometry": { "type": "Point", "coordinates": [ 79.862747, 6.9096444 ] } },
{ "type": "Feature", "properties": { "osm_id": "10555850722", "code": 5204, "fclass": "crossing", "name": null }, "geometry": { "type": "Point", "coordinates": [ 79.8627809, 6.9095578 ] } },
{ "type": "Feature", "properties": { "osm_id": "10555850723", "code": 5204, "fclass": "crossing", "name": null }, "geometry": { "type": "Point", "coordinates": [ 79.864054, 6.9105382 ] } },
{ "type": "Feature", "properties": { "osm_id": "10555850724", "code": 5204, "fclass": "crossing", "name": null }, "geometry": { "type": "Point", "coordinates": [ 79.8679314, 6.9247387 ] } },
{ "type": "Feature", "properties": { "osm_id": "10555850725", "code": 5204, "fclass": "crossing", "name": null }, "geometry": { "type": "Point", "coordinates": [ 79.867852, 6.9246665 ] } },
{ "type": "Feature", "properties": { "osm_id": "10555850726", "code": 5204, "fclass": "crossing", "name": null }, "geometry": { "type": "Point", "coordinates": [ 79.8678302, 6.924563 ] } },
{ "type": "Feature", "properties": { "osm_id": "10555850727", "code": 5204, "fclass": "crossing", "name": null }, "geometry": { "type": "Point", "coordinates": [ 79.8670305, 6.9253863 ] } },
{ "type": "Feature", "properties": { "osm_id": "10555850728", "code": 5204, "fclass": "crossing", "name": null }, "geometry": { "type": "Point", "coordinates": [ 79.8666048, 6.9261833 ] } },
{ "type": "Feature", "properties": { "osm_id": "10555850729", "code": 5204, "fclass": "crossing", "name": null }, "geometry": { "type": "Point", "coordinates": [ 79.8685917, 6.9268813 ] } },
{ "type": "Feature", "properties": { "osm_id": "10555850730", "code": 5204, "fclass": "crossing", "name": null }, "geometry": { "type": "Point", "coordinates": [ 79.8635796, 6.92931 ] } },
{ "type": "Feature", "properties": { "osm_id": "10555850731", "code": 5204, "fclass": "crossing", "name": null }, "geometry": { "type": "Point", "coordinates": [ 79.8635442, 6.9292757 ] } },
{ "type": "Feature", "properties": { "osm_id": "10555850732", "code": 5204, "fclass": "crossing", "name": null }, "geometry": { "type": "Point", "coordinates": [ 79.8623945, 6.9304788 ] } },
{ "type": "Feature", "properties": { "osm_id": "10555850734", "code": 5204, "fclass": "crossing", "name": null }, "geometry": { "type": "Point", "coordinates": [ 79.8598527, 6.9337373 ] } },
{ "type": "Feature", "properties": { "osm_id": "10563454669", "code": 5204, "fclass": "crossing", "name": null }, "geometry": { "type": "Point", "coordinates": [ 79.8787366, 6.9470646 ] } },
{ "type": "Feature", "properties": { "osm_id": "10564038813", "code": 5204, "fclass": "crossing", "name": null }, "geometry": { "type": "Point", "coordinates": [ 79.9067026, 6.9037996 ] } },
{ "type": "Feature", "properties": { "osm_id": "10564038814", "code": 5204, "fclass": "crossing", "name": null }, "geometry": { "type": "Point", "coordinates": [ 79.8861807, 6.8709202 ] } },
{ "type": "Feature", "properties": { "osm_id": "10564038815", "code": 5204, "fclass": "crossing", "name": null }, "geometry": { "type": "Point", "coordinates": [ 79.8847585, 6.8717188 ] } },
{ "type": "Feature", "properties": { "osm_id": "10564038816", "code": 5204, "fclass": "crossing", "name": null }, "geometry": { "type": "Point", "coordinates": [ 79.8828404, 6.8727989 ] } },
{ "type": "Feature", "properties": { "osm_id": "10564038821", "code": 5204, "fclass": "crossing", "name": null }, "geometry": { "type": "Point", "coordinates": [ 79.9287184, 6.8913222 ] } },
{ "type": "Feature", "properties": { "osm_id": "10564038823", "code": 5204, "fclass": "crossing", "name": null }, "geometry": { "type": "Point", "coordinates": [ 79.9289245, 6.8911878 ] } },
{ "type": "Feature", "properties": { "osm_id": "10564038824", "code": 5204, "fclass": "crossing", "name": null }, "geometry": { "type": "Point", "coordinates": [ 79.9287766, 6.891251 ] } },
{ "type": "Feature", "properties": { "osm_id": "10564038825", "code": 5204, "fclass": "crossing", "name": null }, "geometry": { "type": "Point", "coordinates": [ 79.9288612, 6.8911892 ] } },
{ "type": "Feature", "properties": { "osm_id": "10564038826", "code": 5204, "fclass": "crossing", "name": null }, "geometry": { "type": "Point", "coordinates": [ 79.9288478, 6.8915551 ] } },
{ "type": "Feature", "properties": { "osm_id": "10564038827", "code": 5204, "fclass": "crossing", "name": null }, "geometry": { "type": "Point", "coordinates": [ 79.9289163, 6.8915536 ] } },
{ "type": "Feature", "properties": { "osm_id": "10564038829", "code": 5204, "fclass": "crossing", "name": null }, "geometry": { "type": "Point", "coordinates": [ 79.9096981, 6.8678256 ] } },
{ "type": "Feature", "properties": { "osm_id": "10564038830", "code": 5204, "fclass": "crossing", "name": null }, "geometry": { "type": "Point", "coordinates": [ 79.9103249, 6.8673345 ] } },
{ "type": "Feature", "properties": { "osm_id": "10564038831", "code": 5204, "fclass": "crossing", "name": null }, "geometry": { "type": "Point", "coordinates": [ 79.9120847, 6.8649073 ] } },
{ "type": "Feature", "properties": { "osm_id": "10564038832", "code": 5204, "fclass": "crossing", "name": null }, "geometry": { "type": "Point", "coordinates": [ 79.9129116, 6.8630263 ] } },
{ "type": "Feature", "properties": { "osm_id": "10564038833", "code": 5204, "fclass": "crossing", "name": null }, "geometry": { "type": "Point", "coordinates": [ 79.9133625, 6.8619661 ] } },
{ "type": "Feature", "properties": { "osm_id": "10564038834", "code": 5204, "fclass": "crossing", "name": null }, "geometry": { "type": "Point", "coordinates": [ 79.9142374, 6.8601607 ] } },
{ "type": "Feature", "properties": { "osm_id": "10564038835", "code": 5204, "fclass": "crossing", "name": null }, "geometry": { "type": "Point", "coordinates": [ 79.9155528, 6.85877 ] } },
{ "type": "Feature", "properties": { "osm_id": "10564038836", "code": 5204, "fclass": "crossing", "name": null }, "geometry": { "type": "Point", "coordinates": [ 79.9174302, 6.8561399 ] } },
{ "type": "Feature", "properties": { "osm_id": "10603951647", "code": 5204, "fclass": "crossing", "name": null }, "geometry": { "type": "Point", "coordinates": [ 79.8671287, 6.8410435 ] } },
{ "type": "Feature", "properties": { "osm_id": "10603951648", "code": 5204, "fclass": "crossing", "name": null }, "geometry": { "type": "Point", "coordinates": [ 79.8672004, 6.8410648 ] } },
{ "type": "Feature", "properties": { "osm_id": "10603951677", "code": 5204, "fclass": "crossing", "name": null }, "geometry": { "type": "Point", "coordinates": [ 79.8674808, 6.8390832 ] } },
{ "type": "Feature", "properties": { "osm_id": "10603951678", "code": 5204, "fclass": "crossing", "name": null }, "geometry": { "type": "Point", "coordinates": [ 79.8675518, 6.8390858 ] } },
{ "type": "Feature", "properties": { "osm_id": "10603977923", "code": 5204, "fclass": "crossing", "name": null }, "geometry": { "type": "Point", "coordinates": [ 79.8716722, 6.8221321 ] } },
{ "type": "Feature", "properties": { "osm_id": "10603977924", "code": 5204, "fclass": "crossing", "name": null }, "geometry": { "type": "Point", "coordinates": [ 79.8717282, 6.822172 ] } },
{ "type": "Feature", "properties": { "osm_id": "10603977944", "code": 5204, "fclass": "crossing", "name": null }, "geometry": { "type": "Point", "coordinates": [ 79.8701029, 6.8245015 ] } },
{ "type": "Feature", "properties": { "osm_id": "10603977945", "code": 5204, "fclass": "crossing", "name": null }, "geometry": { "type": "Point", "coordinates": [ 79.8701672, 6.8245353 ] } },
{ "type": "Feature", "properties": { "osm_id": "10603977959", "code": 5204, "fclass": "crossing", "name": null }, "geometry": { "type": "Point", "coordinates": [ 79.8695687, 6.8259482 ] } },
{ "type": "Feature", "properties": { "osm_id": "10603977960", "code": 5204, "fclass": "crossing", "name": null }, "geometry": { "type": "Point", "coordinates": [ 79.86963, 6.8259739 ] } },
{ "type": "Feature", "properties": { "osm_id": "10603977981", "code": 5204, "fclass": "crossing", "name": null }, "geometry": { "type": "Point", "coordinates": [ 79.8673239, 6.8327924 ] } },
{ "type": "Feature", "properties": { "osm_id": "10603977982", "code": 5204, "fclass": "crossing", "name": null }, "geometry": { "type": "Point", "coordinates": [ 79.8673879, 6.8327916 ] } },
{ "type": "Feature", "properties": { "osm_id": "10603977998", "code": 5204, "fclass": "crossing", "name": null }, "geometry": { "type": "Point", "coordinates": [ 79.8678026, 6.8303742 ] } },
{ "type": "Feature", "properties": { "osm_id": "10603977999", "code": 5204, "fclass": "crossing", "name": null }, "geometry": { "type": "Point", "coordinates": [ 79.8678794, 6.8304018 ] } },
{ "type": "Feature", "properties": { "osm_id": "10603978024", "code": 5204, "fclass": "crossing", "name": null }, "geometry": { "type": "Point", "coordinates": [ 79.8689151, 6.8275184 ] } },
{ "type": "Feature", "properties": { "osm_id": "10603978025", "code": 5204, "fclass": "crossing", "name": null }, "geometry": { "type": "Point", "coordinates": [ 79.8689785, 6.8275398 ] } },
{ "type": "Feature", "properties": { "osm_id": "10605451595", "code": 5204, "fclass": "crossing", "name": null }, "geometry": { "type": "Point", "coordinates": [ 79.8466964, 6.9339923 ] } },
{ "type": "Feature", "properties": { "osm_id": "10605451596", "code": 5204, "fclass": "crossing", "name": null }, "geometry": { "type": "Point", "coordinates": [ 79.8466416, 6.9338731 ] } },
{ "type": "Feature", "properties": { "osm_id": "10605508140", "code": 5204, "fclass": "crossing", "name": null }, "geometry": { "type": "Point", "coordinates": [ 79.8829311, 6.7795383 ] } },
{ "type": "Feature", "properties": { "osm_id": "10605508141", "code": 5204, "fclass": "crossing", "name": null }, "geometry": { "type": "Point", "coordinates": [ 79.8830026, 6.7795025 ] } },
{ "type": "Feature", "properties": { "osm_id": "10605508142", "code": 5204, "fclass": "crossing", "name": null }, "geometry": { "type": "Point", "coordinates": [ 79.8830752, 6.7798627 ] } },
{ "type": "Feature", "properties": { "osm_id": "10605508144", "code": 5204, "fclass": "crossing", "name": null }, "geometry": { "type": "Point", "coordinates": [ 79.8832656, 6.7797816 ] } },
{ "type": "Feature", "properties": { "osm_id": "10605508145", "code": 5204, "fclass": "crossing", "name": null }, "geometry": { "type": "Point", "coordinates": [ 79.8831515, 6.7798273 ] } },
{ "type": "Feature", "properties": { "osm_id": "10605508147", "code": 5204, "fclass": "crossing", "name": null }, "geometry": { "type": "Point", "coordinates": [ 79.884017, 6.7824197 ] } },
{ "type": "Feature", "properties": { "osm_id": "10605508150", "code": 5204, "fclass": "crossing", "name": null }, "geometry": { "type": "Point", "coordinates": [ 79.8841481, 6.7825516 ] } },
{ "type": "Feature", "properties": { "osm_id": "10605508151", "code": 5204, "fclass": "crossing", "name": null }, "geometry": { "type": "Point", "coordinates": [ 79.8845407, 6.7859231 ] } },
{ "type": "Feature", "properties": { "osm_id": "10605508152", "code": 5204, "fclass": "crossing", "name": null }, "geometry": { "type": "Point", "coordinates": [ 79.8846593, 6.785916 ] } },
{ "type": "Feature", "properties": { "osm_id": "10605508153", "code": 5204, "fclass": "crossing", "name": null }, "geometry": { "type": "Point", "coordinates": [ 79.8843931, 6.784362 ] } },
{ "type": "Feature", "properties": { "osm_id": "10605508156", "code": 5204, "fclass": "crossing", "name": null }, "geometry": { "type": "Point", "coordinates": [ 79.8845162, 6.7844376 ] } },
{ "type": "Feature", "properties": { "osm_id": "10605508158", "code": 5204, "fclass": "crossing", "name": null }, "geometry": { "type": "Point", "coordinates": [ 79.8847203, 6.7872378 ] } },
{ "type": "Feature", "properties": { "osm_id": "10605508161", "code": 5204, "fclass": "crossing", "name": null }, "geometry": { "type": "Point", "coordinates": [ 79.8848902, 6.7873741 ] } },
{ "type": "Feature", "properties": { "osm_id": "10605590964", "code": 5204, "fclass": "crossing", "name": null }, "geometry": { "type": "Point", "coordinates": [ 79.8855703, 6.789455 ] } },
{ "type": "Feature", "properties": { "osm_id": "10605590967", "code": 5204, "fclass": "crossing", "name": null }, "geometry": { "type": "Point", "coordinates": [ 79.8858458, 6.7897889 ] } },
{ "type": "Feature", "properties": { "osm_id": "10605590968", "code": 5204, "fclass": "crossing", "name": null }, "geometry": { "type": "Point", "coordinates": [ 79.8864238, 6.7915448 ] } },
{ "type": "Feature", "properties": { "osm_id": "10605590971", "code": 5204, "fclass": "crossing", "name": null }, "geometry": { "type": "Point", "coordinates": [ 79.8865631, 6.79163 ] } },
{ "type": "Feature", "properties": { "osm_id": "10605590978", "code": 5204, "fclass": "crossing", "name": null }, "geometry": { "type": "Point", "coordinates": [ 79.8869009, 6.7928436 ] } },
{ "type": "Feature", "properties": { "osm_id": "10605590981", "code": 5204, "fclass": "crossing", "name": null }, "geometry": { "type": "Point", "coordinates": [ 79.8870457, 6.7929233 ] } },
{ "type": "Feature", "properties": { "osm_id": "10605590984", "code": 5204, "fclass": "crossing", "name": null }, "geometry": { "type": "Point", "coordinates": [ 79.8879096, 6.7953919 ] } },
{ "type": "Feature", "properties": { "osm_id": "10605590987", "code": 5204, "fclass": "crossing", "name": null }, "geometry": { "type": "Point", "coordinates": [ 79.8880578, 6.7954364 ] } },
{ "type": "Feature", "properties": { "osm_id": "10605590988", "code": 5204, "fclass": "crossing", "name": null }, "geometry": { "type": "Point", "coordinates": [ 79.8884552, 6.7972849 ] } },
{ "type": "Feature", "properties": { "osm_id": "10605590989", "code": 5204, "fclass": "crossing", "name": null }, "geometry": { "type": "Point", "coordinates": [ 79.8885567, 6.7972786 ] } },
{ "type": "Feature", "properties": { "osm_id": "10605590990", "code": 5204, "fclass": "crossing", "name": null }, "geometry": { "type": "Point", "coordinates": [ 79.8887017, 6.7974335 ] } },
{ "type": "Feature", "properties": { "osm_id": "10605590991", "code": 5204, "fclass": "crossing", "name": null }, "geometry": { "type": "Point", "coordinates": [ 79.887528, 6.8030127 ] } },
{ "type": "Feature", "properties": { "osm_id": "10605590994", "code": 5204, "fclass": "crossing", "name": null }, "geometry": { "type": "Point", "coordinates": [ 79.8876076, 6.8031908 ] } },
{ "type": "Feature", "properties": { "osm_id": "10605590995", "code": 5204, "fclass": "crossing", "name": null }, "geometry": { "type": "Point", "coordinates": [ 79.8868326, 6.8043113 ] } },
{ "type": "Feature", "properties": { "osm_id": "10605590996", "code": 5204, "fclass": "crossing", "name": null }, "geometry": { "type": "Point", "coordinates": [ 79.886939, 6.8043629 ] } },
{ "type": "Feature", "properties": { "osm_id": "10605590998", "code": 5204, "fclass": "crossing", "name": null }, "geometry": { "type": "Point", "coordinates": [ 79.8852129, 6.8060717 ] } },
{ "type": "Feature", "properties": { "osm_id": "10605591001", "code": 5204, "fclass": "crossing", "name": null }, "geometry": { "type": "Point", "coordinates": [ 79.88524, 6.8059127 ] } },
{ "type": "Feature", "properties": { "osm_id": "10605591002", "code": 5204, "fclass": "crossing", "name": null }, "geometry": { "type": "Point", "coordinates": [ 79.8846346, 6.8067469 ] } },
{ "type": "Feature", "properties": { "osm_id": "10605616905", "code": 5204, "fclass": "crossing", "name": null }, "geometry": { "type": "Point", "coordinates": [ 79.8846979, 6.8068767 ] } },
{ "type": "Feature", "properties": { "osm_id": "10605616906", "code": 5204, "fclass": "crossing", "name": null }, "geometry": { "type": "Point", "coordinates": [ 79.8841078, 6.8076458 ] } },
{ "type": "Feature", "properties": { "osm_id": "10605616909", "code": 5204, "fclass": "crossing", "name": null }, "geometry": { "type": "Point", "coordinates": [ 79.8841383, 6.8078127 ] } },
{ "type": "Feature", "properties": { "osm_id": "10605616911", "code": 5204, "fclass": "crossing", "name": null }, "geometry": { "type": "Point", "coordinates": [ 79.8829691, 6.8099488 ] } },
{ "type": "Feature", "properties": { "osm_id": "10605616912", "code": 5204, "fclass": "crossing", "name": null }, "geometry": { "type": "Point", "coordinates": [ 79.8828877, 6.8099029 ] } },
{ "type": "Feature", "properties": { "osm_id": "10605616913", "code": 5204, "fclass": "crossing", "name": null }, "geometry": { "type": "Point", "coordinates": [ 79.8830268, 6.8096848 ] } },
{ "type": "Feature", "properties": { "osm_id": "10605616914", "code": 5204, "fclass": "crossing", "name": null }, "geometry": { "type": "Point", "coordinates": [ 79.8831092, 6.8097333 ] } },
{ "type": "Feature", "properties": { "osm_id": "10605616915", "code": 5204, "fclass": "crossing", "name": null }, "geometry": { "type": "Point", "coordinates": [ 79.8828693, 6.8097742 ] } },
{ "type": "Feature", "properties": { "osm_id": "10605616916", "code": 5204, "fclass": "crossing", "name": null }, "geometry": { "type": "Point", "coordinates": [ 79.8831481, 6.8099282 ] } },
{ "type": "Feature", "properties": { "osm_id": "10633327866", "code": 5204, "fclass": "crossing", "name": null }, "geometry": { "type": "Point", "coordinates": [ 79.8511905, 6.934301 ] } },
{ "type": "Feature", "properties": { "osm_id": "10633327868", "code": 5204, "fclass": "crossing", "name": null }, "geometry": { "type": "Point", "coordinates": [ 79.8511526, 6.9341907 ] } },
{ "type": "Feature", "properties": { "osm_id": "10633327886", "code": 5204, "fclass": "crossing", "name": null }, "geometry": { "type": "Point", "coordinates": [ 79.8535162, 6.922449 ] } },
{ "type": "Feature", "properties": { "osm_id": "10633327889", "code": 5204, "fclass": "crossing", "name": null }, "geometry": { "type": "Point", "coordinates": [ 79.8607761, 6.9190376 ] } },
{ "type": "Feature", "properties": { "osm_id": "10633327890", "code": 5204, "fclass": "crossing", "name": null }, "geometry": { "type": "Point", "coordinates": [ 79.8607528, 6.9189828 ] } },
{ "type": "Feature", "properties": { "osm_id": "10633327891", "code": 5204, "fclass": "crossing", "name": null }, "geometry": { "type": "Point", "coordinates": [ 79.8612799, 6.9188 ] } },
{ "type": "Feature", "properties": { "osm_id": "10633327892", "code": 5204, "fclass": "crossing", "name": null }, "geometry": { "type": "Point", "coordinates": [ 79.8612696, 6.9187147 ] } },
{ "type": "Feature", "properties": { "osm_id": "10660932965", "code": 5204, "fclass": "crossing", "name": null }, "geometry": { "type": "Point", "coordinates": [ 79.8681145, 6.9011939 ] } },
{ "type": "Feature", "properties": { "osm_id": "10660932979", "code": 5204, "fclass": "crossing", "name": null }, "geometry": { "type": "Point", "coordinates": [ 79.8671699, 6.9008603 ] } },
{ "type": "Feature", "properties": { "osm_id": "10660932980", "code": 5204, "fclass": "crossing", "name": null }, "geometry": { "type": "Point", "coordinates": [ 79.8672007, 6.9008032 ] } },
{ "type": "Feature", "properties": { "osm_id": "10660932983", "code": 5204, "fclass": "crossing", "name": null }, "geometry": { "type": "Point", "coordinates": [ 79.8680858, 6.9012685 ] } },
{ "type": "Feature", "properties": { "osm_id": "10660932986", "code": 5204, "fclass": "crossing", "name": null }, "geometry": { "type": "Point", "coordinates": [ 79.8686604, 6.9015468 ] } },
{ "type": "Feature", "properties": { "osm_id": "10660932987", "code": 5204, "fclass": "crossing", "name": null }, "geometry": { "type": "Point", "coordinates": [ 79.8686994, 6.9014746 ] } },
{ "type": "Feature", "properties": { "osm_id": "10660932988", "code": 5204, "fclass": "crossing", "name": null }, "geometry": { "type": "Point", "coordinates": [ 79.8664484, 6.9003388 ] } },
{ "type": "Feature", "properties": { "osm_id": "10660932990", "code": 5204, "fclass": "crossing", "name": null }, "geometry": { "type": "Point", "coordinates": [ 79.8694007, 6.9019885 ] } },
{ "type": "Feature", "properties": { "osm_id": "10660932991", "code": 5204, "fclass": "crossing", "name": null }, "geometry": { "type": "Point", "coordinates": [ 79.869432, 6.9019443 ] } },
{ "type": "Feature", "properties": { "osm_id": "10660932993", "code": 5204, "fclass": "crossing", "name": null }, "geometry": { "type": "Point", "coordinates": [ 79.8701788, 6.9026127 ] } },
{ "type": "Feature", "properties": { "osm_id": "10660932994", "code": 5204, "fclass": "crossing", "name": null }, "geometry": { "type": "Point", "coordinates": [ 79.8702224, 6.9025615 ] } },
{ "type": "Feature", "properties": { "osm_id": "10660932995", "code": 5204, "fclass": "crossing", "name": null }, "geometry": { "type": "Point", "coordinates": [ 79.8712666, 6.9035879 ] } },
{ "type": "Feature", "properties": { "osm_id": "10660932996", "code": 5204, "fclass": "crossing", "name": null }, "geometry": { "type": "Point", "coordinates": [ 79.8713204, 6.9035282 ] } },
{ "type": "Feature", "properties": { "osm_id": "10660933000", "code": 5204, "fclass": "crossing", "name": null }, "geometry": { "type": "Point", "coordinates": [ 79.8725632, 6.9047641 ] } },
{ "type": "Feature", "properties": { "osm_id": "10660933001", "code": 5204, "fclass": "crossing", "name": null }, "geometry": { "type": "Point", "coordinates": [ 79.8726141, 6.9047143 ] } },
{ "type": "Feature", "properties": { "osm_id": "10660933405", "code": 5204, "fclass": "crossing", "name": null }, "geometry": { "type": "Point", "coordinates": [ 79.8736491, 6.9057533 ] } },
{ "type": "Feature", "properties": { "osm_id": "10660933406", "code": 5204, "fclass": "crossing", "name": null }, "geometry": { "type": "Point", "coordinates": [ 79.8737052, 6.9056987 ] } },
{ "type": "Feature", "properties": { "osm_id": "10660933407", "code": 5204, "fclass": "crossing", "name": null }, "geometry": { "type": "Point", "coordinates": [ 79.8761663, 6.9079797 ] } },
{ "type": "Feature", "properties": { "osm_id": "10660933408", "code": 5204, "fclass": "crossing", "name": null }, "geometry": { "type": "Point", "coordinates": [ 79.8762185, 6.9079241 ] } },
{ "type": "Feature", "properties": { "osm_id": "10660933455", "code": 5204, "fclass": "crossing", "name": null }, "geometry": { "type": "Point", "coordinates": [ 79.8735458, 6.905383 ] } },
{ "type": "Feature", "properties": { "osm_id": "10660933456", "code": 5204, "fclass": "crossing", "name": null }, "geometry": { "type": "Point", "coordinates": [ 79.8650532, 6.8999932 ] } },
{ "type": "Feature", "properties": { "osm_id": "10661045860", "code": 5204, "fclass": "crossing", "name": null }, "geometry": { "type": "Point", "coordinates": [ 79.8591553, 6.8887761 ] } },
{ "type": "Feature", "properties": { "osm_id": "10661045861", "code": 5204, "fclass": "crossing", "name": null }, "geometry": { "type": "Point", "coordinates": [ 79.8598754, 6.8868291 ] } },
{ "type": "Feature", "properties": { "osm_id": "10661045865", "code": 5204, "fclass": "crossing", "name": null }, "geometry": { "type": "Point", "coordinates": [ 79.8601758, 6.8785343 ] } },
{ "type": "Feature", "properties": { "osm_id": "10675535041", "code": 5204, "fclass": "crossing", "name": null }, "geometry": { "type": "Point", "coordinates": [ 79.9981207, 6.4330609 ] } },
{ "type": "Feature", "properties": { "osm_id": "10682149759", "code": 5204, "fclass": "crossing", "name": null }, "geometry": { "type": "Point", "coordinates": [ 79.8489776, 6.9110324 ] } },
{ "type": "Feature", "properties": { "osm_id": "10682149760", "code": 5204, "fclass": "crossing", "name": null }, "geometry": { "type": "Point", "coordinates": [ 79.8574873, 6.9135009 ] } },
{ "type": "Feature", "properties": { "osm_id": "10683654431", "code": 5204, "fclass": "crossing", "name": null }, "geometry": { "type": "Point", "coordinates": [ 79.8644048, 6.9113547 ] } },
{ "type": "Feature", "properties": { "osm_id": "10692710631", "code": 5204, "fclass": "crossing", "name": null }, "geometry": { "type": "Point", "coordinates": [ 79.8608748, 6.8994886 ] } },
{ "type": "Feature", "properties": { "osm_id": "10708633312", "code": 5204, "fclass": "crossing", "name": null }, "geometry": { "type": "Point", "coordinates": [ 79.9291368, 6.9802469 ] } },
{ "type": "Feature", "properties": { "osm_id": "10708633313", "code": 5204, "fclass": "crossing", "name": null }, "geometry": { "type": "Point", "coordinates": [ 79.9291874, 6.9802025 ] } },
{ "type": "Feature", "properties": { "osm_id": "10708633317", "code": 5204, "fclass": "crossing", "name": null }, "geometry": { "type": "Point", "coordinates": [ 79.9275421, 6.9782056 ] } },
{ "type": "Feature", "properties": { "osm_id": "10708633318", "code": 5204, "fclass": "crossing", "name": null }, "geometry": { "type": "Point", "coordinates": [ 79.9273296, 6.978035 ] } },
{ "type": "Feature", "properties": { "osm_id": "10708633319", "code": 5204, "fclass": "crossing", "name": null }, "geometry": { "type": "Point", "coordinates": [ 79.9273962, 6.9781423 ] } },
{ "type": "Feature", "properties": { "osm_id": "10708633320", "code": 5204, "fclass": "crossing", "name": null }, "geometry": { "type": "Point", "coordinates": [ 79.9271799, 6.9781908 ] } },
{ "type": "Feature", "properties": { "osm_id": "10708633321", "code": 5204, "fclass": "crossing", "name": null }, "geometry": { "type": "Point", "coordinates": [ 79.9272462, 6.9781352 ] } },
{ "type": "Feature", "properties": { "osm_id": "10708633322", "code": 5204, "fclass": "crossing", "name": null }, "geometry": { "type": "Point", "coordinates": [ 79.9273105, 6.9783201 ] } },
{ "type": "Feature", "properties": { "osm_id": "10708633323", "code": 5204, "fclass": "crossing", "name": null }, "geometry": { "type": "Point", "coordinates": [ 79.9273746, 6.9782617 ] } },
{ "type": "Feature", "properties": { "osm_id": "10708633325", "code": 5204, "fclass": "crossing", "name": null }, "geometry": { "type": "Point", "coordinates": [ 79.9198625, 6.973472 ] } },
{ "type": "Feature", "properties": { "osm_id": "10708633326", "code": 5204, "fclass": "crossing", "name": null }, "geometry": { "type": "Point", "coordinates": [ 79.91988, 6.973395 ] } },
{ "type": "Feature", "properties": { "osm_id": "10708633327", "code": 5204, "fclass": "crossing", "name": null }, "geometry": { "type": "Point", "coordinates": [ 79.9223384, 6.9742966 ] } },
{ "type": "Feature", "properties": { "osm_id": "10708633328", "code": 5204, "fclass": "crossing", "name": null }, "geometry": { "type": "Point", "coordinates": [ 79.9223812, 6.9742258 ] } },
{ "type": "Feature", "properties": { "osm_id": "10708633329", "code": 5204, "fclass": "crossing", "name": null }, "geometry": { "type": "Point", "coordinates": [ 79.9244663, 6.9755626 ] } },
{ "type": "Feature", "properties": { "osm_id": "10708633330", "code": 5204, "fclass": "crossing", "name": null }, "geometry": { "type": "Point", "coordinates": [ 79.9245213, 6.9754933 ] } },
{ "type": "Feature", "properties": { "osm_id": "10708633331", "code": 5204, "fclass": "crossing", "name": null }, "geometry": { "type": "Point", "coordinates": [ 79.9245492, 6.9757887 ] } },
{ "type": "Feature", "properties": { "osm_id": "10708633332", "code": 5204, "fclass": "crossing", "name": null }, "geometry": { "type": "Point", "coordinates": [ 79.9255761, 6.9766415 ] } },
{ "type": "Feature", "properties": { "osm_id": "10708633333", "code": 5204, "fclass": "crossing", "name": null }, "geometry": { "type": "Point", "coordinates": [ 79.9256482, 6.9765928 ] } },
{ "type": "Feature", "properties": { "osm_id": "10708633334", "code": 5204, "fclass": "crossing", "name": null }, "geometry": { "type": "Point", "coordinates": [ 79.9169306, 6.9721156 ] } },
{ "type": "Feature", "properties": { "osm_id": "10708633335", "code": 5204, "fclass": "crossing", "name": null }, "geometry": { "type": "Point", "coordinates": [ 79.9170013, 6.9720484 ] } },
{ "type": "Feature", "properties": { "osm_id": "10708633336", "code": 5204, "fclass": "crossing", "name": null }, "geometry": { "type": "Point", "coordinates": [ 79.9135856, 6.9698693 ] } },
{ "type": "Feature", "properties": { "osm_id": "10708633337", "code": 5204, "fclass": "crossing", "name": null }, "geometry": { "type": "Point", "coordinates": [ 79.9136205, 6.9697898 ] } },
{ "type": "Feature", "properties": { "osm_id": "10708633338", "code": 5204, "fclass": "crossing", "name": null }, "geometry": { "type": "Point", "coordinates": [ 79.9132157, 6.9697074 ] } },
{ "type": "Feature", "properties": { "osm_id": "10708633339", "code": 5204, "fclass": "crossing", "name": null }, "geometry": { "type": "Point", "coordinates": [ 79.9132653, 6.9696194 ] } },
{ "type": "Feature", "properties": { "osm_id": "10708633340", "code": 5204, "fclass": "crossing", "name": null }, "geometry": { "type": "Point", "coordinates": [ 79.9104395, 6.9684115 ] } },
{ "type": "Feature", "properties": { "osm_id": "10708633341", "code": 5204, "fclass": "crossing", "name": null }, "geometry": { "type": "Point", "coordinates": [ 79.9104777, 6.9683367 ] } },
{ "type": "Feature", "properties": { "osm_id": "10708633342", "code": 5204, "fclass": "crossing", "name": null }, "geometry": { "type": "Point", "coordinates": [ 79.9095082, 6.9679165 ] } },
{ "type": "Feature", "properties": { "osm_id": "10708633343", "code": 5204, "fclass": "crossing", "name": null }, "geometry": { "type": "Point", "coordinates": [ 79.9095425, 6.9678534 ] } },
{ "type": "Feature", "properties": { "osm_id": "10708633344", "code": 5204, "fclass": "crossing", "name": null }, "geometry": { "type": "Point", "coordinates": [ 79.9068508, 6.9670586 ] } },
{ "type": "Feature", "properties": { "osm_id": "10708633345", "code": 5204, "fclass": "crossing", "name": null }, "geometry": { "type": "Point", "coordinates": [ 79.9068703, 6.9671434 ] } },
{ "type": "Feature", "properties": { "osm_id": "10708633346", "code": 5204, "fclass": "crossing", "name": null }, "geometry": { "type": "Point", "coordinates": [ 79.9039686, 6.967852 ] } },
{ "type": "Feature", "properties": { "osm_id": "10708633347", "code": 5204, "fclass": "crossing", "name": null }, "geometry": { "type": "Point", "coordinates": [ 79.9039667, 6.9677709 ] } },
{ "type": "Feature", "properties": { "osm_id": "10708633348", "code": 5204, "fclass": "crossing", "name": null }, "geometry": { "type": "Point", "coordinates": [ 79.9013758, 6.9678282 ] } },
{ "type": "Feature", "properties": { "osm_id": "10708633349", "code": 5204, "fclass": "crossing", "name": null }, "geometry": { "type": "Point", "coordinates": [ 79.9010278, 6.9673623 ] } },
{ "type": "Feature", "properties": { "osm_id": "10708633350", "code": 5204, "fclass": "crossing", "name": null }, "geometry": { "type": "Point", "coordinates": [ 79.9010821, 6.967272 ] } },
{ "type": "Feature", "properties": { "osm_id": "10708633354", "code": 5204, "fclass": "crossing", "name": null }, "geometry": { "type": "Point", "coordinates": [ 79.9014801, 6.9678042 ] } },
{ "type": "Feature", "properties": { "osm_id": "10708633355", "code": 5204, "fclass": "crossing", "name": null }, "geometry": { "type": "Point", "coordinates": [ 79.9015321, 6.9677763 ] } },
{ "type": "Feature", "properties": { "osm_id": "10708633357", "code": 5204, "fclass": "crossing", "name": null }, "geometry": { "type": "Point", "coordinates": [ 79.9016928, 6.9675148 ] } },
{ "type": "Feature", "properties": { "osm_id": "10708633358", "code": 5204, "fclass": "crossing", "name": null }, "geometry": { "type": "Point", "coordinates": [ 79.9015103, 6.9679676 ] } },
{ "type": "Feature", "properties": { "osm_id": "10708633360", "code": 5204, "fclass": "crossing", "name": null }, "geometry": { "type": "Point", "coordinates": [ 79.9014623, 6.9678867 ] } },
{ "type": "Feature", "properties": { "osm_id": "10708633362", "code": 5204, "fclass": "crossing", "name": null }, "geometry": { "type": "Point", "coordinates": [ 79.9000605, 6.9670359 ] } },
{ "type": "Feature", "properties": { "osm_id": "10708633363", "code": 5204, "fclass": "crossing", "name": null }, "geometry": { "type": "Point", "coordinates": [ 79.9000977, 6.9669394 ] } },
{ "type": "Feature", "properties": { "osm_id": "10708633364", "code": 5204, "fclass": "crossing", "name": null }, "geometry": { "type": "Point", "coordinates": [ 79.8996127, 6.9669007 ] } },
{ "type": "Feature", "properties": { "osm_id": "10708633365", "code": 5204, "fclass": "crossing", "name": null }, "geometry": { "type": "Point", "coordinates": [ 79.8996434, 6.9668028 ] } },
{ "type": "Feature", "properties": { "osm_id": "10725949697", "code": 5204, "fclass": "crossing", "name": null }, "geometry": { "type": "Point", "coordinates": [ 79.9299229, 6.9811064 ] } },
{ "type": "Feature", "properties": { "osm_id": "10725949698", "code": 5204, "fclass": "crossing", "name": null }, "geometry": { "type": "Point", "coordinates": [ 79.9299783, 6.9810592 ] } },
{ "type": "Feature", "properties": { "osm_id": "10725949699", "code": 5204, "fclass": "crossing", "name": null }, "geometry": { "type": "Point", "coordinates": [ 79.931175, 6.9824929 ] } },
{ "type": "Feature", "properties": { "osm_id": "10725949700", "code": 5204, "fclass": "crossing", "name": null }, "geometry": { "type": "Point", "coordinates": [ 79.9312327, 6.9824328 ] } },
{ "type": "Feature", "properties": { "osm_id": "10725949701", "code": 5204, "fclass": "crossing", "name": null }, "geometry": { "type": "Point", "coordinates": [ 79.9332526, 6.9844503 ] } },
{ "type": "Feature", "properties": { "osm_id": "10725949702", "code": 5204, "fclass": "crossing", "name": null }, "geometry": { "type": "Point", "coordinates": [ 79.9333059, 6.9843963 ] } },
{ "type": "Feature", "properties": { "osm_id": "10725951106", "code": 5204, "fclass": "crossing", "name": null }, "geometry": { "type": "Point", "coordinates": [ 79.8814741, 6.9624498 ] } },
{ "type": "Feature", "properties": { "osm_id": "10725951107", "code": 5204, "fclass": "crossing", "name": null }, "geometry": { "type": "Point", "coordinates": [ 79.881553, 6.9624399 ] } },
{ "type": "Feature", "properties": { "osm_id": "10740616747", "code": 5204, "fclass": "crossing", "name": null }, "geometry": { "type": "Point", "coordinates": [ 79.8733406, 6.874375 ] } },
{ "type": "Feature", "properties": { "osm_id": "10740616750", "code": 5204, "fclass": "crossing", "name": null }, "geometry": { "type": "Point", "coordinates": [ 79.8728417, 6.8781716 ] } },
{ "type": "Feature", "properties": { "osm_id": "10741219222", "code": 5204, "fclass": "crossing", "name": null }, "geometry": { "type": "Point", "coordinates": [ 79.8663777, 6.8854722 ] } },
{ "type": "Feature", "properties": { "osm_id": "10741219223", "code": 5204, "fclass": "crossing", "name": null }, "geometry": { "type": "Point", "coordinates": [ 79.8663388, 6.8854147 ] } },
{ "type": "Feature", "properties": { "osm_id": "10741219224", "code": 5204, "fclass": "crossing", "name": null }, "geometry": { "type": "Point", "coordinates": [ 79.8650831, 6.8866873 ] } },
{ "type": "Feature", "properties": { "osm_id": "10741219225", "code": 5204, "fclass": "crossing", "name": null }, "geometry": { "type": "Point", "coordinates": [ 79.8668431, 6.8877581 ] } },
{ "type": "Feature", "properties": { "osm_id": "10771363380", "code": 5204, "fclass": "crossing", "name": null }, "geometry": { "type": "Point", "coordinates": [ 79.8808829, 6.875881 ] } },
{ "type": "Feature", "properties": { "osm_id": "10771363381", "code": 5204, "fclass": "crossing", "name": null }, "geometry": { "type": "Point", "coordinates": [ 79.8809465, 6.8759083 ] } },
{ "type": "Feature", "properties": { "osm_id": "10771363402", "code": 5204, "fclass": "crossing", "name": null }, "geometry": { "type": "Point", "coordinates": [ 79.8817154, 6.8740587 ] } },
{ "type": "Feature", "properties": { "osm_id": "10771363403", "code": 5204, "fclass": "crossing", "name": null }, "geometry": { "type": "Point", "coordinates": [ 79.8817742, 6.8740832 ] } },
{ "type": "Feature", "properties": { "osm_id": "10771397219", "code": 5204, "fclass": "crossing", "name": null }, "geometry": { "type": "Point", "coordinates": [ 79.8881343, 6.869994 ] } },
{ "type": "Feature", "properties": { "osm_id": "10771397220", "code": 5204, "fclass": "crossing", "name": null }, "geometry": { "type": "Point", "coordinates": [ 79.8880762, 6.8698352 ] } },
{ "type": "Feature", "properties": { "osm_id": "10772158702", "code": 5204, "fclass": "crossing", "name": null }, "geometry": { "type": "Point", "coordinates": [ 79.9798937, 6.5186023 ] } },
{ "type": "Feature", "properties": { "osm_id": "10778985252", "code": 5204, "fclass": "crossing", "name": null }, "geometry": { "type": "Point", "coordinates": [ 79.966132, 6.5588391 ] } },
{ "type": "Feature", "properties": { "osm_id": "10789040748", "code": 5204, "fclass": "crossing", "name": null }, "geometry": { "type": "Point", "coordinates": [ 79.9676254, 7.0139468 ] } },
{ "type": "Feature", "properties": { "osm_id": "10789040749", "code": 5204, "fclass": "crossing", "name": null }, "geometry": { "type": "Point", "coordinates": [ 79.9676799, 7.0138895 ] } },
{ "type": "Feature", "properties": { "osm_id": "10789040750", "code": 5204, "fclass": "crossing", "name": null }, "geometry": { "type": "Point", "coordinates": [ 79.9691763, 7.0148939 ] } },
{ "type": "Feature", "properties": { "osm_id": "10789040751", "code": 5204, "fclass": "crossing", "name": null }, "geometry": { "type": "Point", "coordinates": [ 79.9692382, 7.0148429 ] } },
{ "type": "Feature", "properties": { "osm_id": "10789040752", "code": 5204, "fclass": "crossing", "name": null }, "geometry": { "type": "Point", "coordinates": [ 79.9699327, 7.016285 ] } },
{ "type": "Feature", "properties": { "osm_id": "10789040753", "code": 5204, "fclass": "crossing", "name": null }, "geometry": { "type": "Point", "coordinates": [ 79.9699988, 7.0162484 ] } },
{ "type": "Feature", "properties": { "osm_id": "10789040754", "code": 5204, "fclass": "crossing", "name": null }, "geometry": { "type": "Point", "coordinates": [ 79.9734311, 7.0210176 ] } },
{ "type": "Feature", "properties": { "osm_id": "10789040755", "code": 5204, "fclass": "crossing", "name": null }, "geometry": { "type": "Point", "coordinates": [ 79.9734863, 7.0209645 ] } },
{ "type": "Feature", "properties": { "osm_id": "10789040756", "code": 5204, "fclass": "crossing", "name": null }, "geometry": { "type": "Point", "coordinates": [ 79.9761087, 7.0227584 ] } },
{ "type": "Feature", "properties": { "osm_id": "10789040757", "code": 5204, "fclass": "crossing", "name": null }, "geometry": { "type": "Point", "coordinates": [ 79.9761624, 7.0227067 ] } },
{ "type": "Feature", "properties": { "osm_id": "10789040758", "code": 5204, "fclass": "crossing", "name": null }, "geometry": { "type": "Point", "coordinates": [ 79.9777357, 7.0244557 ] } },
{ "type": "Feature", "properties": { "osm_id": "10789040759", "code": 5204, "fclass": "crossing", "name": null }, "geometry": { "type": "Point", "coordinates": [ 79.9778028, 7.0243839 ] } },
{ "type": "Feature", "properties": { "osm_id": "10789040760", "code": 5204, "fclass": "crossing", "name": null }, "geometry": { "type": "Point", "coordinates": [ 79.9787939, 7.0253944 ] } },
{ "type": "Feature", "properties": { "osm_id": "10789040761", "code": 5204, "fclass": "crossing", "name": null }, "geometry": { "type": "Point", "coordinates": [ 79.9788513, 7.0253337 ] } },
{ "type": "Feature", "properties": { "osm_id": "10789040762", "code": 5204, "fclass": "crossing", "name": null }, "geometry": { "type": "Point", "coordinates": [ 79.9808466, 7.0272681 ] } },
{ "type": "Feature", "properties": { "osm_id": "10789040763", "code": 5204, "fclass": "crossing", "name": null }, "geometry": { "type": "Point", "coordinates": [ 79.9809033, 7.0272135 ] } },
{ "type": "Feature", "properties": { "osm_id": "10789040764", "code": 5204, "fclass": "crossing", "name": null }, "geometry": { "type": "Point", "coordinates": [ 79.9843678, 7.0304415 ] } },
{ "type": "Feature", "properties": { "osm_id": "10789040765", "code": 5204, "fclass": "crossing", "name": null }, "geometry": { "type": "Point", "coordinates": [ 79.9844134, 7.0303992 ] } },
{ "type": "Feature", "properties": { "osm_id": "10789040766", "code": 5204, "fclass": "crossing", "name": null }, "geometry": { "type": "Point", "coordinates": [ 79.9869411, 7.0322958 ] } },
{ "type": "Feature", "properties": { "osm_id": "10789040767", "code": 5204, "fclass": "crossing", "name": null }, "geometry": { "type": "Point", "coordinates": [ 79.9869688, 7.0322352 ] } },
{ "type": "Feature", "properties": { "osm_id": "10789040768", "code": 5204, "fclass": "crossing", "name": null }, "geometry": { "type": "Point", "coordinates": [ 79.9917851, 7.0372117 ] } },
{ "type": "Feature", "properties": { "osm_id": "10789040769", "code": 5204, "fclass": "crossing", "name": null }, "geometry": { "type": "Point", "coordinates": [ 79.9924417, 7.0392094 ] } },
{ "type": "Feature", "properties": { "osm_id": "10789040770", "code": 5204, "fclass": "crossing", "name": null }, "geometry": { "type": "Point", "coordinates": [ 79.9925207, 7.0392114 ] } },
{ "type": "Feature", "properties": { "osm_id": "10789040771", "code": 5204, "fclass": "crossing", "name": null }, "geometry": { "type": "Point", "coordinates": [ 79.9925885, 7.0408601 ] } },
{ "type": "Feature", "properties": { "osm_id": "10789040772", "code": 5204, "fclass": "crossing", "name": null }, "geometry": { "type": "Point", "coordinates": [ 79.9926657, 7.0408208 ] } },
{ "type": "Feature", "properties": { "osm_id": "10789040773", "code": 5204, "fclass": "crossing", "name": null }, "geometry": { "type": "Point", "coordinates": [ 79.9946404, 7.0425487 ] } },
{ "type": "Feature", "properties": { "osm_id": "10789040774", "code": 5204, "fclass": "crossing", "name": null }, "geometry": { "type": "Point", "coordinates": [ 79.9960849, 7.0434007 ] } },
{ "type": "Feature", "properties": { "osm_id": "10789040775", "code": 5204, "fclass": "crossing", "name": null }, "geometry": { "type": "Point", "coordinates": [ 79.9961386, 7.0433532 ] } },
{ "type": "Feature", "properties": { "osm_id": "10789040776", "code": 5204, "fclass": "crossing", "name": null }, "geometry": { "type": "Point", "coordinates": [ 79.9979575, 7.0462387 ] } },
{ "type": "Feature", "properties": { "osm_id": "10789040777", "code": 5204, "fclass": "crossing", "name": null }, "geometry": { "type": "Point", "coordinates": [ 79.9980023, 7.0461744 ] } },
{ "type": "Feature", "properties": { "osm_id": "10789040778", "code": 5204, "fclass": "crossing", "name": null }, "geometry": { "type": "Point", "coordinates": [ 80.0007522, 7.048585 ] } },
{ "type": "Feature", "properties": { "osm_id": "10789040779", "code": 5204, "fclass": "crossing", "name": null }, "geometry": { "type": "Point", "coordinates": [ 80.0015088, 7.0495691 ] } },
{ "type": "Feature", "properties": { "osm_id": "10789040780", "code": 5204, "fclass": "crossing", "name": null }, "geometry": { "type": "Point", "coordinates": [ 80.0015426, 7.0495249 ] } },
{ "type": "Feature", "properties": { "osm_id": "10789040781", "code": 5204, "fclass": "crossing", "name": null }, "geometry": { "type": "Point", "coordinates": [ 80.0057574, 7.0535801 ] } },
{ "type": "Feature", "properties": { "osm_id": "10789040782", "code": 5204, "fclass": "crossing", "name": null }, "geometry": { "type": "Point", "coordinates": [ 80.0057914, 7.0535322 ] } },
{ "type": "Feature", "properties": { "osm_id": "10789040783", "code": 5204, "fclass": "crossing", "name": null }, "geometry": { "type": "Point", "coordinates": [ 80.0084158, 7.0559544 ] } },
{ "type": "Feature", "properties": { "osm_id": "10789040784", "code": 5204, "fclass": "crossing", "name": null }, "geometry": { "type": "Point", "coordinates": [ 80.0084886, 7.0559507 ] } },
{ "type": "Feature", "properties": { "osm_id": "10789040785", "code": 5204, "fclass": "crossing", "name": null }, "geometry": { "type": "Point", "coordinates": [ 80.0088465, 7.0586644 ] } },
{ "type": "Feature", "properties": { "osm_id": "10789040786", "code": 5204, "fclass": "crossing", "name": null }, "geometry": { "type": "Point", "coordinates": [ 80.0104307, 7.0620508 ] } },
{ "type": "Feature", "properties": { "osm_id": "10789040787", "code": 5204, "fclass": "crossing", "name": null }, "geometry": { "type": "Point", "coordinates": [ 80.0104983, 7.0620262 ] } },
{ "type": "Feature", "properties": { "osm_id": "10789040788", "code": 5204, "fclass": "crossing", "name": null }, "geometry": { "type": "Point", "coordinates": [ 80.0110674, 7.0638477 ] } },
{ "type": "Feature", "properties": { "osm_id": "10789040789", "code": 5204, "fclass": "crossing", "name": null }, "geometry": { "type": "Point", "coordinates": [ 80.0111437, 7.063818 ] } },
{ "type": "Feature", "properties": { "osm_id": "10882720969", "code": 5204, "fclass": "crossing", "name": null }, "geometry": { "type": "Point", "coordinates": [ 79.8569808, 6.8960771 ] } },
{ "type": "Feature", "properties": { "osm_id": "10882720970", "code": 5204, "fclass": "crossing", "name": null }, "geometry": { "type": "Point", "coordinates": [ 79.857274, 6.8945883 ] } },
{ "type": "Feature", "properties": { "osm_id": "10882720975", "code": 5204, "fclass": "crossing", "name": null }, "geometry": { "type": "Point", "coordinates": [ 79.8571807, 6.8951371 ] } },
{ "type": "Feature", "properties": { "osm_id": "10882720978", "code": 5204, "fclass": "crossing", "name": null }, "geometry": { "type": "Point", "coordinates": [ 79.8579726, 6.892547 ] } },
{ "type": "Feature", "properties": { "osm_id": "10882720987", "code": 5204, "fclass": "crossing", "name": null }, "geometry": { "type": "Point", "coordinates": [ 79.8553221, 6.8937917 ] } },
{ "type": "Feature", "properties": { "osm_id": "10882867709", "code": 5204, "fclass": "crossing", "name": null }, "geometry": { "type": "Point", "coordinates": [ 80.1366263, 7.2611369 ] } },
{ "type": "Feature", "properties": { "osm_id": "10882867710", "code": 5204, "fclass": "crossing", "name": null }, "geometry": { "type": "Point", "coordinates": [ 80.1366955, 7.2611338 ] } },
{ "type": "Feature", "properties": { "osm_id": "10889822724", "code": 5204, "fclass": "crossing", "name": null }, "geometry": { "type": "Point", "coordinates": [ 79.8650319, 6.8866524 ] } },
{ "type": "Feature", "properties": { "osm_id": "10889822731", "code": 5204, "fclass": "crossing", "name": null }, "geometry": { "type": "Point", "coordinates": [ 79.8603392, 6.8983535 ] } },
{ "type": "Feature", "properties": { "osm_id": "10889822732", "code": 5204, "fclass": "crossing", "name": null }, "geometry": { "type": "Point", "coordinates": [ 79.8604574, 6.8982913 ] } },
{ "type": "Feature", "properties": { "osm_id": "10889822756", "code": 5204, "fclass": "crossing", "name": null }, "geometry": { "type": "Point", "coordinates": [ 79.87307, 6.8890038 ] } },
{ "type": "Feature", "properties": { "osm_id": "10889822757", "code": 5204, "fclass": "crossing", "name": null }, "geometry": { "type": "Point", "coordinates": [ 79.8729977, 6.8902279 ] } },
{ "type": "Feature", "properties": { "osm_id": "10889822758", "code": 5204, "fclass": "crossing", "name": null }, "geometry": { "type": "Point", "coordinates": [ 79.8731397, 6.8903567 ] } },
{ "type": "Feature", "properties": { "osm_id": "10902062155", "code": 5204, "fclass": "crossing", "name": null }, "geometry": { "type": "Point", "coordinates": [ 79.8599689, 6.8631537 ] } },
{ "type": "Feature", "properties": { "osm_id": "10902062156", "code": 5204, "fclass": "crossing", "name": null }, "geometry": { "type": "Point", "coordinates": [ 79.8571393, 6.8767505 ] } },
{ "type": "Feature", "properties": { "osm_id": "10902062157", "code": 5204, "fclass": "crossing", "name": null }, "geometry": { "type": "Point", "coordinates": [ 79.8572046, 6.8767689 ] } },
{ "type": "Feature", "properties": { "osm_id": "10902062158", "code": 5204, "fclass": "crossing", "name": null }, "geometry": { "type": "Point", "coordinates": [ 79.8585935, 6.8695815 ] } },
{ "type": "Feature", "properties": { "osm_id": "10902062159", "code": 5204, "fclass": "crossing", "name": null }, "geometry": { "type": "Point", "coordinates": [ 79.8586683, 6.8695922 ] } },
{ "type": "Feature", "properties": { "osm_id": "10902062160", "code": 5204, "fclass": "crossing", "name": null }, "geometry": { "type": "Point", "coordinates": [ 79.8593115, 6.8659005 ] } },
{ "type": "Feature", "properties": { "osm_id": "10902062161", "code": 5204, "fclass": "crossing", "name": null }, "geometry": { "type": "Point", "coordinates": [ 79.8600457, 6.8631678 ] } },
{ "type": "Feature", "properties": { "osm_id": "10902062162", "code": 5204, "fclass": "crossing", "name": null }, "geometry": { "type": "Point", "coordinates": [ 79.8578263, 6.8736952 ] } },
{ "type": "Feature", "properties": { "osm_id": "10902062163", "code": 5204, "fclass": "crossing", "name": null }, "geometry": { "type": "Point", "coordinates": [ 79.8578871, 6.8737024 ] } },
{ "type": "Feature", "properties": { "osm_id": "10936770555", "code": 5204, "fclass": "crossing", "name": null }, "geometry": { "type": "Point", "coordinates": [ 80.1148561, 6.5215481 ] } },
{ "type": "Feature", "properties": { "osm_id": "10972823347", "code": 5204, "fclass": "crossing", "name": null }, "geometry": { "type": "Point", "coordinates": [ 79.8597106, 6.8653136 ] } },
{ "type": "Feature", "properties": { "osm_id": "10972823348", "code": 5204, "fclass": "crossing", "name": null }, "geometry": { "type": "Point", "coordinates": [ 79.8616546, 6.8657198 ] } },
{ "type": "Feature", "properties": { "osm_id": "10980840327", "code": 5204, "fclass": "crossing", "name": null }, "geometry": { "type": "Point", "coordinates": [ 80.2791398, 6.4115461 ] } },
{ "type": "Feature", "properties": { "osm_id": "10994342428", "code": 5204, "fclass": "crossing", "name": null }, "geometry": { "type": "Point", "coordinates": [ 80.3114922, 6.4416136 ] } },
{ "type": "Feature", "properties": { "osm_id": "11001699244", "code": 5204, "fclass": "crossing", "name": null }, "geometry": { "type": "Point", "coordinates": [ 80.1317932, 6.7673154 ] } },
{ "type": "Feature", "properties": { "osm_id": "11007002525", "code": 5204, "fclass": "crossing", "name": null }, "geometry": { "type": "Point", "coordinates": [ 80.0858102, 6.5223455 ] } },
{ "type": "Feature", "properties": { "osm_id": "11012785498", "code": 5204, "fclass": "crossing", "name": null }, "geometry": { "type": "Point", "coordinates": [ 80.0549803, 6.4577652 ] } },
{ "type": "Feature", "properties": { "osm_id": "11028048117", "code": 5204, "fclass": "crossing", "name": null }, "geometry": { "type": "Point", "coordinates": [ 79.8995994, 6.754592 ] } },
{ "type": "Feature", "properties": { "osm_id": "11030811864", "code": 5204, "fclass": "crossing", "name": null }, "geometry": { "type": "Point", "coordinates": [ 80.153753, 6.7388566 ] } },
{ "type": "Feature", "properties": { "osm_id": "11032196198", "code": 5204, "fclass": "crossing", "name": null }, "geometry": { "type": "Point", "coordinates": [ 80.0509464, 6.653983 ] } },
{ "type": "Feature", "properties": { "osm_id": "11032220234", "code": 5204, "fclass": "crossing", "name": null }, "geometry": { "type": "Point", "coordinates": [ 80.0512821, 6.6552127 ] } },
{ "type": "Feature", "properties": { "osm_id": "11032249495", "code": 5204, "fclass": "crossing", "name": null }, "geometry": { "type": "Point", "coordinates": [ 80.0492271, 6.6540972 ] } },
{ "type": "Feature", "properties": { "osm_id": "11032252165", "code": 5204, "fclass": "crossing", "name": null }, "geometry": { "type": "Point", "coordinates": [ 80.0508114, 6.6546183 ] } },
{ "type": "Feature", "properties": { "osm_id": "11033623808", "code": 5204, "fclass": "crossing", "name": null }, "geometry": { "type": "Point", "coordinates": [ 80.0888166, 6.4313028 ] } },
{ "type": "Feature", "properties": { "osm_id": "11033635579", "code": 5204, "fclass": "crossing", "name": null }, "geometry": { "type": "Point", "coordinates": [ 80.1052049, 6.4382953 ] } },
{ "type": "Feature", "properties": { "osm_id": "11033984458", "code": 5204, "fclass": "crossing", "name": null }, "geometry": { "type": "Point", "coordinates": [ 80.0002674, 6.5012024 ] } },
{ "type": "Feature", "properties": { "osm_id": "11038679660", "code": 5204, "fclass": "crossing", "name": null }, "geometry": { "type": "Point", "coordinates": [ 79.9532377, 6.7279191 ] } },
{ "type": "Feature", "properties": { "osm_id": "11040073882", "code": 5204, "fclass": "crossing", "name": null }, "geometry": { "type": "Point", "coordinates": [ 80.0330153, 6.7472173 ] } },
{ "type": "Feature", "properties": { "osm_id": "11050826628", "code": 5204, "fclass": "crossing", "name": null }, "geometry": { "type": "Point", "coordinates": [ 80.2428727, 6.5639581 ] } },
{ "type": "Feature", "properties": { "osm_id": "11060924333", "code": 5204, "fclass": "crossing", "name": null }, "geometry": { "type": "Point", "coordinates": [ 80.1347035, 6.531597 ] } },
{ "type": "Feature", "properties": { "osm_id": "11060924334", "code": 5204, "fclass": "crossing", "name": null }, "geometry": { "type": "Point", "coordinates": [ 80.1359655, 6.5332519 ] } },
{ "type": "Feature", "properties": { "osm_id": "11060924335", "code": 5204, "fclass": "crossing", "name": null }, "geometry": { "type": "Point", "coordinates": [ 80.1391535, 6.5331834 ] } },
{ "type": "Feature", "properties": { "osm_id": "11060924336", "code": 5204, "fclass": "crossing", "name": null }, "geometry": { "type": "Point", "coordinates": [ 80.1421682, 6.5323764 ] } },
{ "type": "Feature", "properties": { "osm_id": "11060924337", "code": 5204, "fclass": "crossing", "name": null }, "geometry": { "type": "Point", "coordinates": [ 80.1437161, 6.5328083 ] } },
{ "type": "Feature", "properties": { "osm_id": "11060924338", "code": 5204, "fclass": "crossing", "name": null }, "geometry": { "type": "Point", "coordinates": [ 80.1453954, 6.5332399 ] } },
{ "type": "Feature", "properties": { "osm_id": "11060924339", "code": 5204, "fclass": "crossing", "name": null }, "geometry": { "type": "Point", "coordinates": [ 80.14741, 6.5334436 ] } },
{ "type": "Feature", "properties": { "osm_id": "11103551451", "code": 5204, "fclass": "crossing", "name": null }, "geometry": { "type": "Point", "coordinates": [ 80.0344359, 6.69381 ] } },
{ "type": "Feature", "properties": { "osm_id": "11108951935", "code": 5204, "fclass": "crossing", "name": null }, "geometry": { "type": "Point", "coordinates": [ 80.0688631, 6.7821598 ] } },
{ "type": "Feature", "properties": { "osm_id": "11110019945", "code": 5204, "fclass": "crossing", "name": null }, "geometry": { "type": "Point", "coordinates": [ 80.1167719, 6.5219039 ] } },
{ "type": "Feature", "properties": { "osm_id": "11114471912", "code": 5204, "fclass": "crossing", "name": null }, "geometry": { "type": "Point", "coordinates": [ 79.9505292, 6.6077986 ] } },
{ "type": "Feature", "properties": { "osm_id": "11114471915", "code": 5204, "fclass": "crossing", "name": null }, "geometry": { "type": "Point", "coordinates": [ 79.9504991, 6.6077854 ] } },
{ "type": "Feature", "properties": { "osm_id": "11123466976", "code": 5204, "fclass": "crossing", "name": null }, "geometry": { "type": "Point", "coordinates": [ 80.1217946, 6.5244123 ] } },
{ "type": "Feature", "properties": { "osm_id": "11128541994", "code": 5204, "fclass": "crossing", "name": null }, "geometry": { "type": "Point", "coordinates": [ 80.0806998, 6.630983 ] } },
{ "type": "Feature", "properties": { "osm_id": "11141684465", "code": 5204, "fclass": "crossing", "name": null }, "geometry": { "type": "Point", "coordinates": [ 79.9354859, 6.8762954 ] } },
{ "type": "Feature", "properties": { "osm_id": "11141684480", "code": 5204, "fclass": "crossing", "name": null }, "geometry": { "type": "Point", "coordinates": [ 79.9352379, 6.8763633 ] } },
{ "type": "Feature", "properties": { "osm_id": "11141684481", "code": 5204, "fclass": "crossing", "name": null }, "geometry": { "type": "Point", "coordinates": [ 79.9354029, 6.8764399 ] } },
{ "type": "Feature", "properties": { "osm_id": "11141684482", "code": 5204, "fclass": "crossing", "name": null }, "geometry": { "type": "Point", "coordinates": [ 79.9352775, 6.8763854 ] } },
{ "type": "Feature", "properties": { "osm_id": "11141684483", "code": 5204, "fclass": "crossing", "name": null }, "geometry": { "type": "Point", "coordinates": [ 79.9353466, 6.8764206 ] } },
{ "type": "Feature", "properties": { "osm_id": "11141684484", "code": 5204, "fclass": "crossing", "name": null }, "geometry": { "type": "Point", "coordinates": [ 79.9353169, 6.8762112 ] } },
{ "type": "Feature", "properties": { "osm_id": "11141684485", "code": 5204, "fclass": "crossing", "name": null }, "geometry": { "type": "Point", "coordinates": [ 79.9354731, 6.8762976 ] } },
{ "type": "Feature", "properties": { "osm_id": "11141684486", "code": 5204, "fclass": "crossing", "name": null }, "geometry": { "type": "Point", "coordinates": [ 79.93527, 6.8762901 ] } },
{ "type": "Feature", "properties": { "osm_id": "11141684487", "code": 5204, "fclass": "crossing", "name": null }, "geometry": { "type": "Point", "coordinates": [ 79.9353679, 6.8762379 ] } },
{ "type": "Feature", "properties": { "osm_id": "11141684488", "code": 5204, "fclass": "crossing", "name": null }, "geometry": { "type": "Point", "coordinates": [ 79.9354257, 6.8762697 ] } },
{ "type": "Feature", "properties": { "osm_id": "11141684489", "code": 5204, "fclass": "crossing", "name": null }, "geometry": { "type": "Point", "coordinates": [ 79.9354306, 6.8763825 ] } },
{ "type": "Feature", "properties": { "osm_id": "11141684491", "code": 5204, "fclass": "crossing", "name": null }, "geometry": { "type": "Point", "coordinates": [ 79.9353087, 6.8761862 ] } },
{ "type": "Feature", "properties": { "osm_id": "11141684493", "code": 5204, "fclass": "crossing", "name": null }, "geometry": { "type": "Point", "coordinates": [ 79.9351947, 6.8763799 ] } },
{ "type": "Feature", "properties": { "osm_id": "11141684495", "code": 5204, "fclass": "crossing", "name": null }, "geometry": { "type": "Point", "coordinates": [ 79.9354285, 6.8764819 ] } },
{ "type": "Feature", "properties": { "osm_id": "11151468954", "code": 5204, "fclass": "crossing", "name": null }, "geometry": { "type": "Point", "coordinates": [ 80.1104962, 6.6771005 ] } },
{ "type": "Feature", "properties": { "osm_id": "11151554979", "code": 5204, "fclass": "crossing", "name": null }, "geometry": { "type": "Point", "coordinates": [ 80.0726392, 6.6732847 ] } },
{ "type": "Feature", "properties": { "osm_id": "11151559354", "code": 5204, "fclass": "crossing", "name": null }, "geometry": { "type": "Point", "coordinates": [ 80.0704411, 6.6718595 ] } },
{ "type": "Feature", "properties": { "osm_id": "11152626283", "code": 5204, "fclass": "crossing", "name": null }, "geometry": { "type": "Point", "coordinates": [ 79.9755389, 6.5302786 ] } },
{ "type": "Feature", "properties": { "osm_id": "11154087426", "code": 5204, "fclass": "crossing", "name": null }, "geometry": { "type": "Point", "coordinates": [ 79.9234186, 6.6748971 ] } },
{ "type": "Feature", "properties": { "osm_id": "11158940402", "code": 5204, "fclass": "crossing", "name": null }, "geometry": { "type": "Point", "coordinates": [ 80.0311278, 6.758116 ] } },
{ "type": "Feature", "properties": { "osm_id": "11172388216", "code": 5204, "fclass": "crossing", "name": null }, "geometry": { "type": "Point", "coordinates": [ 80.0824866, 6.6948805 ] } },
{ "type": "Feature", "properties": { "osm_id": "11183657234", "code": 5204, "fclass": "crossing", "name": null }, "geometry": { "type": "Point", "coordinates": [ 79.8390086, 6.9326086 ] } },
{ "type": "Feature", "properties": { "osm_id": "11183687483", "code": 5204, "fclass": "crossing", "name": null }, "geometry": { "type": "Point", "coordinates": [ 79.8396797, 6.9294256 ] } },
{ "type": "Feature", "properties": { "osm_id": "11190443179", "code": 5204, "fclass": "crossing", "name": null }, "geometry": { "type": "Point", "coordinates": [ 79.9824278, 6.7103947 ] } },
{ "type": "Feature", "properties": { "osm_id": "11195621085", "code": 5204, "fclass": "crossing", "name": null }, "geometry": { "type": "Point", "coordinates": [ 79.9675825, 6.5489998 ] } },
{ "type": "Feature", "properties": { "osm_id": "11196012860", "code": 5204, "fclass": "crossing", "name": null }, "geometry": { "type": "Point", "coordinates": [ 79.9772447, 6.5595862 ] } },
{ "type": "Feature", "properties": { "osm_id": "11206203949", "code": 5204, "fclass": "crossing", "name": null }, "geometry": { "type": "Point", "coordinates": [ 79.9564298, 6.5976467 ] } },
{ "type": "Feature", "properties": { "osm_id": "11206203950", "code": 5204, "fclass": "crossing", "name": null }, "geometry": { "type": "Point", "coordinates": [ 79.9564743, 6.5976683 ] } },
{ "type": "Feature", "properties": { "osm_id": "11206203956", "code": 5204, "fclass": "crossing", "name": null }, "geometry": { "type": "Point", "coordinates": [ 79.9580003, 6.594563 ] } },
{ "type": "Feature", "properties": { "osm_id": "11206203957", "code": 5204, "fclass": "crossing", "name": null }, "geometry": { "type": "Point", "coordinates": [ 79.9580605, 6.594551 ] } },
{ "type": "Feature", "properties": { "osm_id": "11206203958", "code": 5204, "fclass": "crossing", "name": null }, "geometry": { "type": "Point", "coordinates": [ 79.9478603, 6.6139817 ] } },
{ "type": "Feature", "properties": { "osm_id": "11207548710", "code": 5204, "fclass": "crossing", "name": null }, "geometry": { "type": "Point", "coordinates": [ 80.0589356, 6.7176915 ] } },
{ "type": "Feature", "properties": { "osm_id": "11238173959", "code": 5204, "fclass": "crossing", "name": null }, "geometry": { "type": "Point", "coordinates": [ 79.9892086, 6.4617943 ] } },
{ "type": "Feature", "properties": { "osm_id": "11253871983", "code": 5204, "fclass": "crossing", "name": null }, "geometry": { "type": "Point", "coordinates": [ 79.9809237, 6.5028563 ] } },
{ "type": "Feature", "properties": { "osm_id": "11256669999", "code": 5204, "fclass": "crossing", "name": null }, "geometry": { "type": "Point", "coordinates": [ 79.9630347, 6.5770136 ] } },
{ "type": "Feature", "properties": { "osm_id": "11256670008", "code": 5204, "fclass": "crossing", "name": null }, "geometry": { "type": "Point", "coordinates": [ 79.9657489, 6.5703388 ] } },
{ "type": "Feature", "properties": { "osm_id": "11256670009", "code": 5204, "fclass": "crossing", "name": null }, "geometry": { "type": "Point", "coordinates": [ 79.9656788, 6.5703079 ] } },
{ "type": "Feature", "properties": { "osm_id": "11290277023", "code": 5204, "fclass": "crossing", "name": null }, "geometry": { "type": "Point", "coordinates": [ 80.0428132, 6.4558975 ] } },
{ "type": "Feature", "properties": { "osm_id": "11295678585", "code": 5204, "fclass": "crossing", "name": null }, "geometry": { "type": "Point", "coordinates": [ 79.93389, 6.6512363 ] } },
{ "type": "Feature", "properties": { "osm_id": "11295678586", "code": 5204, "fclass": "crossing", "name": null }, "geometry": { "type": "Point", "coordinates": [ 79.9339379, 6.6512554 ] } },
{ "type": "Feature", "properties": { "osm_id": "11403982016", "code": 5204, "fclass": "crossing", "name": null }, "geometry": { "type": "Point", "coordinates": [ 79.8594398, 7.1867017 ] } },
{ "type": "Feature", "properties": { "osm_id": "11403982017", "code": 5204, "fclass": "crossing", "name": null }, "geometry": { "type": "Point", "coordinates": [ 79.8595047, 7.1867003 ] } },
{ "type": "Feature", "properties": { "osm_id": "11416866049", "code": 5204, "fclass": "crossing", "name": null }, "geometry": { "type": "Point", "coordinates": [ 79.9081646, 6.8581107 ] } },
{ "type": "Feature", "properties": { "osm_id": "11438744472", "code": 5204, "fclass": "crossing", "name": null }, "geometry": { "type": "Point", "coordinates": [ 79.8451894, 6.9374331 ] } },
{ "type": "Feature", "properties": { "osm_id": "11445433708", "code": 5204, "fclass": "crossing", "name": null }, "geometry": { "type": "Point", "coordinates": [ 79.8908123, 6.8141267 ] } },
{ "type": "Feature", "properties": { "osm_id": "11502021221", "code": 5204, "fclass": "crossing", "name": null }, "geometry": { "type": "Point", "coordinates": [ 79.9344461, 6.8452255 ] } },
{ "type": "Feature", "properties": { "osm_id": "11629432937", "code": 5204, "fclass": "crossing", "name": null }, "geometry": { "type": "Point", "coordinates": [ 79.8180402, 7.2037219 ] } },
{ "type": "Feature", "properties": { "osm_id": "11754692846", "code": 5204, "fclass": "crossing", "name": null }, "geometry": { "type": "Point", "coordinates": [ 80.034441, 7.0298535 ] } },
{ "type": "Feature", "properties": { "osm_id": "11959575864", "code": 5204, "fclass": "crossing", "name": null }, "geometry": { "type": "Point", "coordinates": [ 79.9008388, 6.8757161 ] } },
{ "type": "Feature", "properties": { "osm_id": "11959629969", "code": 5204, "fclass": "crossing", "name": null }, "geometry": { "type": "Point", "coordinates": [ 79.9003935, 6.8760966 ] } },
{ "type": "Feature", "properties": { "osm_id": "11959629973", "code": 5204, "fclass": "crossing", "name": null }, "geometry": { "type": "Point", "coordinates": [ 79.9005382, 6.8765529 ] } },
{ "type": "Feature", "properties": { "osm_id": "12199082658", "code": 5204, "fclass": "crossing", "name": null }, "geometry": { "type": "Point", "coordinates": [ 80.1662106, 6.8490207 ] } },
{ "type": "Feature", "properties": { "osm_id": "12199082678", "code": 5204, "fclass": "crossing", "name": null }, "geometry": { "type": "Point", "coordinates": [ 80.1660635, 6.8471614 ] } },
{ "type": "Feature", "properties": { "osm_id": "12284226532", "code": 5204, "fclass": "crossing", "name": null }, "geometry": { "type": "Point", "coordinates": [ 79.839941, 6.9330123 ] } },
{ "type": "Feature", "properties": { "osm_id": "12304475966", "code": 5204, "fclass": "crossing", "name": null }, "geometry": { "type": "Point", "coordinates": [ 79.8392638, 7.1211733 ] } },
{ "type": "Feature", "properties": { "osm_id": "12404232778", "code": 5204, "fclass": "crossing", "name": null }, "geometry": { "type": "Point", "coordinates": [ 79.8602217, 6.8617681 ] } },
{ "type": "Feature", "properties": { "osm_id": "12404232779", "code": 5204, "fclass": "crossing", "name": null }, "geometry": { "type": "Point", "coordinates": [ 79.8602749, 6.8612294 ] } },
{ "type": "Feature", "properties": { "osm_id": "12404232780", "code": 5204, "fclass": "crossing", "name": null }, "geometry": { "type": "Point", "coordinates": [ 79.860321, 6.8607287 ] } },
{ "type": "Feature", "properties": { "osm_id": "12404232781", "code": 5204, "fclass": "crossing", "name": null }, "geometry": { "type": "Point", "coordinates": [ 79.8604254, 6.8596628 ] } },
{ "type": "Feature", "properties": { "osm_id": "12404232782", "code": 5204, "fclass": "crossing", "name": null }, "geometry": { "type": "Point", "coordinates": [ 79.8604088, 6.8598541 ] } },
{ "type": "Feature", "properties": { "osm_id": "12404232783", "code": 5204, "fclass": "crossing", "name": null }, "geometry": { "type": "Point", "coordinates": [ 79.8605901, 6.8582719 ] } },
{ "type": "Feature", "properties": { "osm_id": "12404232784", "code": 5204, "fclass": "crossing", "name": null }, "geometry": { "type": "Point", "coordinates": [ 79.8607451, 6.8575277 ] } },
{ "type": "Feature", "properties": { "osm_id": "12470287864", "code": 5204, "fclass": "crossing", "name": null }, "geometry": { "type": "Point", "coordinates": [ 79.8545224, 6.8875213 ] } },
{ "type": "Feature", "properties": { "osm_id": "12477111870", "code": 5204, "fclass": "crossing", "name": null }, "geometry": { "type": "Point", "coordinates": [ 79.851687, 6.9227669 ] } },
{ "type": "Feature", "properties": { "osm_id": "12478928358", "code": 5204, "fclass": "crossing", "name": null }, "geometry": { "type": "Point", "coordinates": [ 80.1614029, 6.9400003 ] } },
{ "type": "Feature", "properties": { "osm_id": "12495338107", "code": 5204, "fclass": "crossing", "name": null }, "geometry": { "type": "Point", "coordinates": [ 79.9066775, 6.8327172 ] } },
{ "type": "Feature", "properties": { "osm_id": "12495369763", "code": 5204, "fclass": "crossing", "name": null }, "geometry": { "type": "Point", "coordinates": [ 79.9041533, 6.8360418 ] } },
{ "type": "Feature", "properties": { "osm_id": "12495369764", "code": 5204, "fclass": "crossing", "name": null }, "geometry": { "type": "Point", "coordinates": [ 79.905576, 6.833808 ] } },
{ "type": "Feature", "properties": { "osm_id": "12495398595", "code": 5204, "fclass": "crossing", "name": null }, "geometry": { "type": "Point", "coordinates": [ 79.9086166, 6.8420838 ] } },
{ "type": "Feature", "properties": { "osm_id": "12495422928", "code": 5204, "fclass": "crossing", "name": null }, "geometry": { "type": "Point", "coordinates": [ 79.9103798, 6.8424254 ] } },
{ "type": "Feature", "properties": { "osm_id": "12496154089", "code": 5204, "fclass": "crossing", "name": null }, "geometry": { "type": "Point", "coordinates": [ 80.0826448, 7.1339557 ] } },
{ "type": "Feature", "properties": { "osm_id": "12560794033", "code": 5204, "fclass": "crossing", "name": null }, "geometry": { "type": "Point", "coordinates": [ 79.8342696, 6.9386215 ] } },
{ "type": "Feature", "properties": { "osm_id": "12561083642", "code": 5204, "fclass": "crossing", "name": null }, "geometry": { "type": "Point", "coordinates": [ 79.8384674, 6.9324981 ] } },
{ "type": "Feature", "properties": { "osm_id": "12561083664", "code": 5204, "fclass": "crossing", "name": null }, "geometry": { "type": "Point", "coordinates": [ 79.8372939, 6.9366682 ] } },
{ "type": "Feature", "properties": { "osm_id": "12564186356", "code": 5204, "fclass": "crossing", "name": null }, "geometry": { "type": "Point", "coordinates": [ 79.8338404, 6.9384511 ] } },
{ "type": "Feature", "properties": { "osm_id": "12564186357", "code": 5204, "fclass": "crossing", "name": null }, "geometry": { "type": "Point", "coordinates": [ 79.8338404, 6.9386162 ] } },
{ "type": "Feature", "properties": { "osm_id": "12564186372", "code": 5204, "fclass": "crossing", "name": null }, "geometry": { "type": "Point", "coordinates": [ 79.8366581, 6.9382901 ] } },
{ "type": "Feature", "properties": { "osm_id": "12564186382", "code": 5204, "fclass": "crossing", "name": null }, "geometry": { "type": "Point", "coordinates": [ 79.8370738, 6.9382927 ] } },
{ "type": "Feature", "properties": { "osm_id": "12564186385", "code": 5204, "fclass": "crossing", "name": null }, "geometry": { "type": "Point", "coordinates": [ 79.8342749, 6.9384512 ] } },
{ "type": "Feature", "properties": { "osm_id": "12564186406", "code": 5204, "fclass": "crossing", "name": null }, "geometry": { "type": "Point", "coordinates": [ 79.8387323, 6.93226 ] } },
{ "type": "Feature", "properties": { "osm_id": "12564186431", "code": 5204, "fclass": "crossing", "name": null }, "geometry": { "type": "Point", "coordinates": [ 79.8370135, 6.9375605 ] } },
{ "type": "Feature", "properties": { "osm_id": "12564186433", "code": 5204, "fclass": "crossing", "name": null }, "geometry": { "type": "Point", "coordinates": [ 79.837161, 6.9376055 ] } },
{ "type": "Feature", "properties": { "osm_id": "12564186434", "code": 5204, "fclass": "crossing", "name": null }, "geometry": { "type": "Point", "coordinates": [ 79.8374421, 6.9367198 ] } },
{ "type": "Feature", "properties": { "osm_id": "12564186451", "code": 5204, "fclass": "crossing", "name": null }, "geometry": { "type": "Point", "coordinates": [ 79.838827, 6.932291 ] } },
{ "type": "Feature", "properties": { "osm_id": "12564186454", "code": 5204, "fclass": "crossing", "name": null }, "geometry": { "type": "Point", "coordinates": [ 79.8390278, 6.9325349 ] } },
{ "type": "Feature", "properties": { "osm_id": "12564186494", "code": 5204, "fclass": "crossing", "name": null }, "geometry": { "type": "Point", "coordinates": [ 79.838999, 6.9308681 ] } },
{ "type": "Feature", "properties": { "osm_id": "12564186495", "code": 5204, "fclass": "crossing", "name": null }, "geometry": { "type": "Point", "coordinates": [ 79.8383506, 6.9298869 ] } },
{ "type": "Feature", "properties": { "osm_id": "12564186496", "code": 5204, "fclass": "crossing", "name": null }, "geometry": { "type": "Point", "coordinates": [ 79.8383103, 6.9299908 ] } },
{ "type": "Feature", "properties": { "osm_id": "12564186507", "code": 5204, "fclass": "crossing", "name": null }, "geometry": { "type": "Point", "coordinates": [ 79.8382113, 6.9296358 ] } },
{ "type": "Feature", "properties": { "osm_id": "12564186511", "code": 5204, "fclass": "crossing", "name": null }, "geometry": { "type": "Point", "coordinates": [ 79.839398, 6.9309134 ] } }
]
}
