{
"type": "FeatureCollection",
"name": "Schools_WP",
"crs": { "type": "name", "properties": { "name": "urn:ogc:def:crs:OGC:1.3:CRS84" } },
"features": [
{ "type": "Feature", "properties": { "osm_id": "4333444836", "code": 2082, "fclass": "school", "name": "Thakshila College" }, "geometry": { "type": "Point", "coordinates": [ 80.0130409, 7.0879217 ] } },
{ "type": "Feature", "properties": { "osm_id": "4333366509", "code": 2082, "fclass": "school", "name": "Luthar Vidyalaya" }, "geometry": { "type": "Point", "coordinates": [ 79.9393655, 7.1615741 ] } },
{ "type": "Feature", "properties": { "osm_id": "4333444834", "code": 2082, "fclass": "school", "name": "Bandarawatta Parakkrama Maha Vidyalaya -Bandarawaththa" }, "geometry": { "type": "Point", "coordinates": [ 80.0127371, 7.0946215 ] } },
{ "type": "Feature", "properties": { "osm_id": "1897749810", "code": 2082, "fclass": "school", "name": "St. Mary's College" }, "geometry": { "type": "Point", "coordinates": [ 79.8951673, 7.0794036 ] } },
{ "type": "Feature", "properties": { "osm_id": "644607603", "code": 2082, "fclass": "school", "name": "S W R D Bandaranayake School" }, "geometry": { "type": "Point", "coordinates": [ 79.8869455, 6.9118886 ] } },
{ "type": "Feature", "properties": { "osm_id": "644610676", "code": 2082, "fclass": "school", "name": "British School" }, "geometry": { "type": "Point", "coordinates": [ 79.8775192, 6.9061448 ] } },
{ "type": "Feature", "properties": { "osm_id": "4333366508", "code": 2082, "fclass": "school", "name": "Arabi Vidyalaya" }, "geometry": { "type": "Point", "coordinates": [ 79.940166, 7.1644315 ] } },
{ "type": "Feature", "properties": { "osm_id": "653129368", "code": 2082, "fclass": "school", "name": "Zahira College" }, "geometry": { "type": "Point", "coordinates": [ 79.8648297, 6.9277024 ] } },
{ "type": "Feature", "properties": { "osm_id": "4310399690", "code": 2082, "fclass": "school", "name": "Alexor international college" }, "geometry": { "type": "Point", "coordinates": [ 79.8730281, 6.9364204 ] } },
{ "type": "Feature", "properties": { "osm_id": "653114087", "code": 2082, "fclass": "school", "name": "All Saints College" }, "geometry": { "type": "Point", "coordinates": [ 79.8752903, 6.9205026 ] } },
{ "type": "Feature", "properties": { "osm_id": "653114083", "code": 2082, "fclass": "school", "name": "C.W.W Kannangara Vidyalaya" }, "geometry": { "type": "Point", "coordinates": [ 79.8772536, 6.9190008 ] } },
{ "type": "Feature", "properties": { "osm_id": "4309700697", "code": 2082, "fclass": "school", "name": "Yaathra" }, "geometry": { "type": "Point", "coordinates": [ 79.8676624, 6.9252203 ] } },
{ "type": "Feature", "properties": { "osm_id": "653114084", "code": 2082, "fclass": "school", "name": "Rathnawali Balika Maha Vidyalaya" }, "geometry": { "type": "Point", "coordinates": [ 79.8744749, 6.9183511 ] } },
{ "type": "Feature", "properties": { "osm_id": "652406107", "code": 2082, "fclass": "school", "name": "Girls High School" }, "geometry": { "type": "Point", "coordinates": [ 79.8649848, 6.8346059 ] } },
{ "type": "Feature", "properties": { "osm_id": "10718058023", "code": 2082, "fclass": "school", "name": null }, "geometry": { "type": "Point", "coordinates": [ 80.1262759, 6.487127 ] } },
{ "type": "Feature", "properties": { "osm_id": "637044384", "code": 2082, "fclass": "school", "name": "Siddhartha Vidyalaya" }, "geometry": { "type": "Point", "coordinates": [ 79.9160249, 6.8676383 ] } },
{ "type": "Feature", "properties": { "osm_id": "633745114", "code": 2082, "fclass": "school", "name": "Ranpokunagama Maha Vidyalaya" }, "geometry": { "type": "Point", "coordinates": [ 80.1064131, 7.1325742 ] } },
{ "type": "Feature", "properties": { "osm_id": "625833966", "code": 2082, "fclass": "school", "name": "Vidyaraja Maha Vidyalaya" }, "geometry": { "type": "Point", "coordinates": [ 79.9597468, 6.8813645 ] } },
{ "type": "Feature", "properties": { "osm_id": "643015381", "code": 2082, "fclass": "school", "name": "Buddhagosha College" }, "geometry": { "type": "Point", "coordinates": [ 79.8715531, 6.8654991 ] } },
{ "type": "Feature", "properties": { "osm_id": "10706045278", "code": 2082, "fclass": "school", "name": "CWW Kannangara School, Halwala" }, "geometry": { "type": "Point", "coordinates": [ 80.108115, 6.407547 ] } },
{ "type": "Feature", "properties": { "osm_id": "642970355", "code": 2082, "fclass": "school", "name": "Ananda Balika Vidyalaya" }, "geometry": { "type": "Point", "coordinates": [ 79.8972652, 6.8851191 ] } },
{ "type": "Feature", "properties": { "osm_id": "621993734", "code": 2082, "fclass": "school", "name": "Sirimavo Bandaranayake Vidyalaya" }, "geometry": { "type": "Point", "coordinates": [ 79.8636526, 6.8950117 ] } },
{ "type": "Feature", "properties": { "osm_id": "6538624419", "code": 2082, "fclass": "school", "name": "Cathedral (Boys) School" }, "geometry": { "type": "Point", "coordinates": [ 79.8628711, 6.9497289 ] } },
{ "type": "Feature", "properties": { "osm_id": "3370086882", "code": 2082, "fclass": "school", "name": "Polegoda Maha Vidayalaya" }, "geometry": { "type": "Point", "coordinates": [ 80.1656628, 6.5898953 ] } },
{ "type": "Feature", "properties": { "osm_id": "3370034496", "code": 2082, "fclass": "school", "name": "Harishchandra Collage" }, "geometry": { "type": "Point", "coordinates": [ 79.8529357, 7.2097009 ] } },
{ "type": "Feature", "properties": { "osm_id": "4292056491", "code": 2082, "fclass": "school", "name": "Studio Lekha" }, "geometry": { "type": "Point", "coordinates": [ 79.8585612, 6.8832479 ] } },
{ "type": "Feature", "properties": { "osm_id": "1862684243", "code": 2082, "fclass": "school", "name": "Akarawita Maha Vidyalaya" }, "geometry": { "type": "Point", "coordinates": [ 80.1095666, 6.9476856 ] } },
{ "type": "Feature", "properties": { "osm_id": "621925764", "code": 2082, "fclass": "school", "name": "Presbyterian Girls School" }, "geometry": { "type": "Point", "coordinates": [ 79.8633844, 6.850498 ] } },
{ "type": "Feature", "properties": { "osm_id": "5185289621", "code": 2082, "fclass": "school", "name": null }, "geometry": { "type": "Point", "coordinates": [ 79.8651112, 6.8615032 ] } },
{ "type": "Feature", "properties": { "osm_id": "621950381", "code": 2082, "fclass": "school", "name": "St. Mary's College" }, "geometry": { "type": "Point", "coordinates": [ 79.8657984, 6.8600104 ] } },
{ "type": "Feature", "properties": { "osm_id": "4242694898", "code": 2082, "fclass": "school", "name": "Academy of Design" }, "geometry": { "type": "Point", "coordinates": [ 79.8570252, 6.8952851 ] } },
{ "type": "Feature", "properties": { "osm_id": "8540552872", "code": 2082, "fclass": "school", "name": "Methodist College Primary School" }, "geometry": { "type": "Point", "coordinates": [ 79.8491887, 6.9108902 ] } },
{ "type": "Feature", "properties": { "osm_id": "621180350", "code": 2082, "fclass": "school", "name": "Bollegala Maha Vidyalayaa" }, "geometry": { "type": "Point", "coordinates": [ 79.9481511, 6.9443959 ] } },
{ "type": "Feature", "properties": { "osm_id": "4235822157", "code": 2082, "fclass": "school", "name": null }, "geometry": { "type": "Point", "coordinates": [ 79.9730933, 6.8933567 ] } },
{ "type": "Feature", "properties": { "osm_id": "621199763", "code": 2082, "fclass": "school", "name": "Lyceum Int. School" }, "geometry": { "type": "Point", "coordinates": [ 79.8871362, 6.9874098 ] } },
{ "type": "Feature", "properties": { "osm_id": "1843603845", "code": 2082, "fclass": "school", "name": "Walgama Maha Vidyalaya" }, "geometry": { "type": "Point", "coordinates": [ 80.017417, 6.9594705 ] } },
{ "type": "Feature", "properties": { "osm_id": "1843603891", "code": 2082, "fclass": "school", "name": "Weera Wijayaba Vidyalaya" }, "geometry": { "type": "Point", "coordinates": [ 80.0160491, 6.9947678 ] } },
{ "type": "Feature", "properties": { "osm_id": "621195734", "code": 2082, "fclass": "school", "name": "Wedamulla Vidyalaya" }, "geometry": { "type": "Point", "coordinates": [ 79.9012554, 6.9671653 ] } },
{ "type": "Feature", "properties": { "osm_id": "5179242321", "code": 2082, "fclass": "school", "name": "Good Shepherd Convent" }, "geometry": { "type": "Point", "coordinates": [ 79.8634546, 6.9497998 ] } },
{ "type": "Feature", "properties": { "osm_id": "5178089226", "code": 2082, "fclass": "school", "name": null }, "geometry": { "type": "Point", "coordinates": [ 79.8534153, 6.893197 ] } },
{ "type": "Feature", "properties": { "osm_id": "1847947601", "code": 2082, "fclass": "school", "name": "Nilpanagoda Central College" }, "geometry": { "type": "Point", "coordinates": [ 79.9522554, 7.1976025 ] } },
{ "type": "Feature", "properties": { "osm_id": "1847947613", "code": 2082, "fclass": "school", "name": "Nalanda Boy's School Minuwangoda" }, "geometry": { "type": "Point", "coordinates": [ 79.9514829, 7.1697029 ] } },
{ "type": "Feature", "properties": { "osm_id": "620524466", "code": 2082, "fclass": "school", "name": "Sri Rahula Balika Maha Vidyalaya" }, "geometry": { "type": "Point", "coordinates": [ 79.9561321, 6.9036373 ] } },
{ "type": "Feature", "properties": { "osm_id": "1843502801", "code": 2082, "fclass": "school", "name": "St. John Bosco College" }, "geometry": { "type": "Point", "coordinates": [ 80.0996052, 6.9181661 ] } },
{ "type": "Feature", "properties": { "osm_id": "1843502800", "code": 2082, "fclass": "school", "name": "Pahathgama Roman Catholic School" }, "geometry": { "type": "Point", "coordinates": [ 80.0865748, 6.9017748 ] } },
{ "type": "Feature", "properties": { "osm_id": "6491614435", "code": 2082, "fclass": "school", "name": "Sri Gunananda Vidyalaya" }, "geometry": { "type": "Point", "coordinates": [ 79.8618637, 6.9514757 ] } },
{ "type": "Feature", "properties": { "osm_id": "1843502798", "code": 2082, "fclass": "school", "name": "Mayadunna Maha Vidyalaya" }, "geometry": { "type": "Point", "coordinates": [ 80.0834559, 6.9079564 ] } },
{ "type": "Feature", "properties": { "osm_id": "4231531149", "code": 2082, "fclass": "school", "name": "Sri Pannananda Primary School" }, "geometry": { "type": "Point", "coordinates": [ 79.8994719, 7.1311727 ] } },
{ "type": "Feature", "properties": { "osm_id": "1843565870", "code": 2082, "fclass": "school", "name": "Biyagama Junior School" }, "geometry": { "type": "Point", "coordinates": [ 79.9910991, 6.9452528 ] } },
{ "type": "Feature", "properties": { "osm_id": "5178104822", "code": 2082, "fclass": "school", "name": null }, "geometry": { "type": "Point", "coordinates": [ 79.8526475, 6.8956241 ] } },
{ "type": "Feature", "properties": { "osm_id": "619923261", "code": 2082, "fclass": "school", "name": "Buwanekaba Vidyalaya" }, "geometry": { "type": "Point", "coordinates": [ 79.9249391, 6.8488433 ] } },
{ "type": "Feature", "properties": { "osm_id": "5172629872", "code": 2082, "fclass": "school", "name": "Pathway Montessori International" }, "geometry": { "type": "Point", "coordinates": [ 79.9489167, 6.8493904 ] } },
{ "type": "Feature", "properties": { "osm_id": "1843565817", "code": 2082, "fclass": "school", "name": "Biyagama Central College" }, "geometry": { "type": "Point", "coordinates": [ 79.9938994, 6.9474414 ] } },
{ "type": "Feature", "properties": { "osm_id": "1843534112", "code": 2082, "fclass": "school", "name": "Kothalawala Maha Vidyalaya" }, "geometry": { "type": "Point", "coordinates": [ 79.9835031, 6.9303637 ] } },
{ "type": "Feature", "properties": { "osm_id": "620382897", "code": 2082, "fclass": "school", "name": "Mahanama College" }, "geometry": { "type": "Point", "coordinates": [ 79.8538312, 6.9054542 ] } },
{ "type": "Feature", "properties": { "osm_id": "5176730864", "code": 2082, "fclass": "school", "name": null }, "geometry": { "type": "Point", "coordinates": [ 79.9704859, 6.7861875 ] } },
{ "type": "Feature", "properties": { "osm_id": "620382575", "code": 2082, "fclass": "school", "name": "Ladies College" }, "geometry": { "type": "Point", "coordinates": [ 79.8579211, 6.9078747 ] } },
{ "type": "Feature", "properties": { "osm_id": "5174218748", "code": 2082, "fclass": "school", "name": "Presidents College" }, "geometry": { "type": "Point", "coordinates": [ 79.9019351, 6.9543205 ] } },
{ "type": "Feature", "properties": { "osm_id": "5174143431", "code": 2082, "fclass": "school", "name": "Sri Dharmaloka Vidyalya - Kelaniya" }, "geometry": { "type": "Point", "coordinates": [ 79.9015144, 6.961568 ] } },
{ "type": "Feature", "properties": { "osm_id": "1843491283", "code": 2082, "fclass": "school", "name": "Rajasinghe National College" }, "geometry": { "type": "Point", "coordinates": [ 80.0886393, 6.9089095 ] } },
{ "type": "Feature", "properties": { "osm_id": "6482029185", "code": 2082, "fclass": "school", "name": null }, "geometry": { "type": "Point", "coordinates": [ 79.8659867, 6.8839033 ] } },
{ "type": "Feature", "properties": { "osm_id": "1843473750", "code": 2082, "fclass": "school", "name": "Sapugaskanda Vishaka Girls College" }, "geometry": { "type": "Point", "coordinates": [ 79.9546479, 6.9715525 ] } },
{ "type": "Feature", "properties": { "osm_id": "1840750551", "code": 2082, "fclass": "school", "name": "Hunupitiya Bandaranayake College" }, "geometry": { "type": "Point", "coordinates": [ 79.9103915, 6.9834478 ] } },
{ "type": "Feature", "properties": { "osm_id": "3191709199", "code": 2082, "fclass": "school", "name": "Sri Sangaraja Central College" }, "geometry": { "type": "Point", "coordinates": [ 79.8632817, 6.9328504 ] } },
{ "type": "Feature", "properties": { "osm_id": "3191711400", "code": 2082, "fclass": "school", "name": "Al-Hidaya Vidyalaya" }, "geometry": { "type": "Point", "coordinates": [ 79.8634898, 6.933914 ] } },
{ "type": "Feature", "properties": { "osm_id": "10244444583", "code": 2082, "fclass": "school", "name": "Kings Hospital Nurse Training School" }, "geometry": { "type": "Point", "coordinates": [ 79.8799006, 6.89498 ] } },
{ "type": "Feature", "properties": { "osm_id": "1840782272", "code": 2082, "fclass": "school", "name": "Sri Rathanapala Maha Vidyalaya" }, "geometry": { "type": "Point", "coordinates": [ 79.8896017, 6.9753624 ] } },
{ "type": "Feature", "properties": { "osm_id": "1840750567", "code": 2082, "fclass": "school", "name": "Sri Sumangala Vidyalaya" }, "geometry": { "type": "Point", "coordinates": [ 79.9235665, 6.9850346 ] } },
{ "type": "Feature", "properties": { "osm_id": "1839445245", "code": 2082, "fclass": "school", "name": "Stafford International School" }, "geometry": { "type": "Point", "coordinates": [ 79.8640536, 6.9079093 ] } },
{ "type": "Feature", "properties": { "osm_id": "619035512", "code": 2082, "fclass": "school", "name": null }, "geometry": { "type": "Point", "coordinates": [ 79.8885472, 6.8729831 ] } },
{ "type": "Feature", "properties": { "osm_id": "4191939363", "code": 2082, "fclass": "school", "name": "B J F Dhaham Pasela" }, "geometry": { "type": "Point", "coordinates": [ 79.8876289, 6.9115265 ] } },
{ "type": "Feature", "properties": { "osm_id": "618491025", "code": 2082, "fclass": "school", "name": "Ananda College" }, "geometry": { "type": "Point", "coordinates": [ 79.8685501, 6.9243358 ] } },
{ "type": "Feature", "properties": { "osm_id": "5156572433", "code": 2082, "fclass": "school", "name": "S Mahinda Himi Vidyalaya" }, "geometry": { "type": "Point", "coordinates": [ 79.9069463, 6.9473271 ] } },
{ "type": "Feature", "properties": { "osm_id": "618005039", "code": 2082, "fclass": "school", "name": "President's College" }, "geometry": { "type": "Point", "coordinates": [ 79.9296221, 6.8443786 ] } },
{ "type": "Feature", "properties": { "osm_id": "618005040", "code": 2082, "fclass": "school", "name": "Vidyakara Balika Vidyalaya" }, "geometry": { "type": "Point", "coordinates": [ 79.9260058, 6.8451252 ] } },
{ "type": "Feature", "properties": { "osm_id": "618551719", "code": 2082, "fclass": "school", "name": "Weluwana Vidyalaya" }, "geometry": { "type": "Point", "coordinates": [ 79.8798243, 6.926872 ] } },
{ "type": "Feature", "properties": { "osm_id": "618552113", "code": 2082, "fclass": "school", "name": "Seewali Vidyalaya" }, "geometry": { "type": "Point", "coordinates": [ 79.8805968, 6.9235384 ] } },
{ "type": "Feature", "properties": { "osm_id": "5140700400", "code": 2082, "fclass": "school", "name": "Munidasa Kumaratunga Vidyalaya - Bomiriya" }, "geometry": { "type": "Point", "coordinates": [ 79.9939263, 6.9348108 ] } },
{ "type": "Feature", "properties": { "osm_id": "599822883", "code": 2082, "fclass": "school", "name": "Dharmapala Vidyalaya Kottawa North" }, "geometry": { "type": "Point", "coordinates": [ 79.9584867, 6.8655244 ] } },
{ "type": "Feature", "properties": { "osm_id": "1838453785", "code": 2082, "fclass": "school", "name": "Holy Family Convent" }, "geometry": { "type": "Point", "coordinates": [ 79.8647832, 6.8571602 ] } },
{ "type": "Feature", "properties": { "osm_id": "599822882", "code": 2082, "fclass": "school", "name": "Ananda Vidyalaya,  Kottawa" }, "geometry": { "type": "Point", "coordinates": [ 79.9581677, 6.8442343 ] } },
{ "type": "Feature", "properties": { "osm_id": "599762465", "code": 2082, "fclass": "school", "name": "Vidyadeepa Maha Vidyalaya" }, "geometry": { "type": "Point", "coordinates": [ 79.966435, 6.8295514 ] } },
{ "type": "Feature", "properties": { "osm_id": "599762488", "code": 2082, "fclass": "school", "name": "Deepangoda Primary School" }, "geometry": { "type": "Point", "coordinates": [ 79.9829103, 6.812792 ] } },
{ "type": "Feature", "properties": { "osm_id": "617205465", "code": 2082, "fclass": "school", "name": "Vidya Wardana" }, "geometry": { "type": "Point", "coordinates": [ 79.9299768, 6.8880799 ] } },
{ "type": "Feature", "properties": { "osm_id": "1838377732", "code": 2082, "fclass": "school", "name": "Lyceum International School" }, "geometry": { "type": "Point", "coordinates": [ 79.8862784, 6.8704724 ] } },
{ "type": "Feature", "properties": { "osm_id": "543854412", "code": 2082, "fclass": "school", "name": "St. Johns College" }, "geometry": { "type": "Point", "coordinates": [ 79.9142091, 6.7229739 ] } },
{ "type": "Feature", "properties": { "osm_id": "5112399236", "code": 2082, "fclass": "school", "name": "Vidyaloka Maha Vidyalaya" }, "geometry": { "type": "Point", "coordinates": [ 80.0737411, 7.1394259 ] } },
{ "type": "Feature", "properties": { "osm_id": "543871109", "code": 2082, "fclass": "school", "name": "Panadura Balika Vidyalaya" }, "geometry": { "type": "Point", "coordinates": [ 79.908312, 6.7133598 ] } },
{ "type": "Feature", "properties": { "osm_id": "445281002", "code": 2082, "fclass": "school", "name": "Athulathmudali Maha vidyalaya" }, "geometry": { "type": "Point", "coordinates": [ 80.1116326, 6.5219377 ] } },
{ "type": "Feature", "properties": { "osm_id": "1838393554", "code": 2082, "fclass": "school", "name": "Lindsay Girls College" }, "geometry": { "type": "Point", "coordinates": [ 79.8541271, 6.8959215 ] } },
{ "type": "Feature", "properties": { "osm_id": "599742332", "code": 2082, "fclass": "school", "name": "Niyandagala Kanishta Vidyalaya" }, "geometry": { "type": "Point", "coordinates": [ 79.9894893, 6.826409 ] } },
{ "type": "Feature", "properties": { "osm_id": "1823709346", "code": 2082, "fclass": "school", "name": "Dharmapala Vidyalaya" }, "geometry": { "type": "Point", "coordinates": [ 79.9728601, 6.5591427 ] } },
{ "type": "Feature", "properties": { "osm_id": "1823709385", "code": 2082, "fclass": "school", "name": "Buddhist Primary School" }, "geometry": { "type": "Point", "coordinates": [ 79.9712562, 6.5610772 ] } },
{ "type": "Feature", "properties": { "osm_id": "599713336", "code": 2082, "fclass": "school", "name": "Deepangoda Sri Medhananda Maha Vidyalaya" }, "geometry": { "type": "Point", "coordinates": [ 79.9820128, 6.816558 ] } },
{ "type": "Feature", "properties": { "osm_id": "599742328", "code": 2082, "fclass": "school", "name": "President's College" }, "geometry": { "type": "Point", "coordinates": [ 80.0035762, 6.8396183 ] } },
{ "type": "Feature", "properties": { "osm_id": "1823673232", "code": 2082, "fclass": "school", "name": "Muslim Central College" }, "geometry": { "type": "Point", "coordinates": [ 79.9669432, 6.5702914 ] } },
{ "type": "Feature", "properties": { "osm_id": "1823673255", "code": 2082, "fclass": "school", "name": "Muslim Balika Maha Vidyalaya" }, "geometry": { "type": "Point", "coordinates": [ 79.9702362, 6.5761141 ] } },
{ "type": "Feature", "properties": { "osm_id": "257676186", "code": 2082, "fclass": "school", "name": "Sripalee Vidyalaya" }, "geometry": { "type": "Point", "coordinates": [ 80.068539, 6.707453 ] } },
{ "type": "Feature", "properties": { "osm_id": "257676329", "code": 2082, "fclass": "school", "name": "Thakshila primary" }, "geometry": { "type": "Point", "coordinates": [ 80.0705634, 6.7139662 ] } },
{ "type": "Feature", "properties": { "osm_id": "3133617669", "code": 2082, "fclass": "school", "name": "Subhodhi Junior School" }, "geometry": { "type": "Point", "coordinates": [ 79.9367591, 6.9085954 ] } },
{ "type": "Feature", "properties": { "osm_id": "1838371827", "code": 2082, "fclass": "school", "name": "St. Joseph's Girls College" }, "geometry": { "type": "Point", "coordinates": [ 79.8867451, 6.8707813 ] } },
{ "type": "Feature", "properties": { "osm_id": "1838371816", "code": 2082, "fclass": "school", "name": "Anula Vidyalaya" }, "geometry": { "type": "Point", "coordinates": [ 79.8845994, 6.8719477 ] } },
{ "type": "Feature", "properties": { "osm_id": "256542591", "code": 2082, "fclass": "school", "name": "Somaweera Chandrasiri Junior School" }, "geometry": { "type": "Point", "coordinates": [ 79.9230047, 6.8033559 ] } },
{ "type": "Feature", "properties": { "osm_id": "7905128490", "code": 2082, "fclass": "school", "name": "Dharga Town National College Of Education" }, "geometry": { "type": "Point", "coordinates": [ 80.011859, 6.444633 ] } },
{ "type": "Feature", "properties": { "osm_id": "269067771", "code": 2082, "fclass": "school", "name": "Muslim Ladies College" }, "geometry": { "type": "Point", "coordinates": [ 79.8614288, 6.8816677 ] } },
{ "type": "Feature", "properties": { "osm_id": "262607762", "code": 2082, "fclass": "school", "name": "Gateway College" }, "geometry": { "type": "Point", "coordinates": [ 79.9002729, 6.9027708 ] } },
{ "type": "Feature", "properties": { "osm_id": "1822725254", "code": 2082, "fclass": "school", "name": "Gnanodaya Vidyalaya" }, "geometry": { "type": "Point", "coordinates": [ 79.9630647, 6.5812641 ] } },
{ "type": "Feature", "properties": { "osm_id": "259648485", "code": 2082, "fclass": "school", "name": "Kingston College International" }, "geometry": { "type": "Point", "coordinates": [ 79.8624412, 6.87985 ] } },
{ "type": "Feature", "properties": { "osm_id": "257676382", "code": 2082, "fclass": "school", "name": "Rajakeeya Vidyalaya" }, "geometry": { "type": "Point", "coordinates": [ 80.0693193, 6.7168268 ] } },
{ "type": "Feature", "properties": { "osm_id": "1822620711", "code": 2082, "fclass": "school", "name": "Sri Vimalasara Maha Vidyalaya" }, "geometry": { "type": "Point", "coordinates": [ 79.9720608, 6.5948904 ] } },
{ "type": "Feature", "properties": { "osm_id": "1822724925", "code": 2082, "fclass": "school", "name": "St Johns College" }, "geometry": { "type": "Point", "coordinates": [ 79.9624263, 6.5830227 ] } },
{ "type": "Feature", "properties": { "osm_id": "1822753372", "code": 2082, "fclass": "school", "name": "Sri Devananda Vidyalaya" }, "geometry": { "type": "Point", "coordinates": [ 79.9664791, 6.5735928 ] } },
{ "type": "Feature", "properties": { "osm_id": "1822753339", "code": 2082, "fclass": "school", "name": "Welapura Vidyalaya" }, "geometry": { "type": "Point", "coordinates": [ 79.9611979, 6.5800118 ] } },
{ "type": "Feature", "properties": { "osm_id": "10206388717", "code": 2082, "fclass": "school", "name": null }, "geometry": { "type": "Point", "coordinates": [ 79.8647666, 6.8586027 ] } },
{ "type": "Feature", "properties": { "osm_id": "254367496", "code": 2082, "fclass": "school", "name": "Thakshila Central College" }, "geometry": { "type": "Point", "coordinates": [ 80.0619358, 6.7120268 ] } },
{ "type": "Feature", "properties": { "osm_id": "4099087960", "code": 2082, "fclass": "school", "name": "Artigala Kanishta Vidyalaya" }, "geometry": { "type": "Point", "coordinates": [ 80.0579079, 6.8917585 ] } },
{ "type": "Feature", "properties": { "osm_id": "1822512288", "code": 2082, "fclass": "school", "name": "Ethanamadala Primary College" }, "geometry": { "type": "Point", "coordinates": [ 79.9664809, 6.6041515 ] } },
{ "type": "Feature", "properties": { "osm_id": "1822477895", "code": 2082, "fclass": "school", "name": "Deshastra Balika Vidyalaya" }, "geometry": { "type": "Point", "coordinates": [ 79.9545889, 6.6017593 ] } },
{ "type": "Feature", "properties": { "osm_id": "7831020068", "code": 2082, "fclass": "school", "name": "Kayo School of Japanese" }, "geometry": { "type": "Point", "coordinates": [ 79.8606953, 6.8953745 ] } },
{ "type": "Feature", "properties": { "osm_id": "5019111663", "code": 2082, "fclass": "school", "name": "Kosgama Maha Vidyalaya" }, "geometry": { "type": "Point", "coordinates": [ 80.1491126, 6.9410111 ] } },
{ "type": "Feature", "properties": { "osm_id": "1822512519", "code": 2082, "fclass": "school", "name": "Pothupitiya Central College" }, "geometry": { "type": "Point", "coordinates": [ 79.9401318, 6.6394488 ] } },
{ "type": "Feature", "properties": { "osm_id": "1814503074", "code": 2082, "fclass": "school", "name": "Defence Service College" }, "geometry": { "type": "Point", "coordinates": [ 79.8505675, 6.926897 ] } },
{ "type": "Feature", "properties": { "osm_id": "1815547061", "code": 2082, "fclass": "school", "name": "Ediriweera Sarachchandra College - Himbutana" }, "geometry": { "type": "Point", "coordinates": [ 79.9408452, 6.9240694 ] } },
{ "type": "Feature", "properties": { "osm_id": "4082836501", "code": 2082, "fclass": "school", "name": "Lenagala Kanista Vidyalaya" }, "geometry": { "type": "Point", "coordinates": [ 80.0343875, 6.8809302 ] } },
{ "type": "Feature", "properties": { "osm_id": "4078031235", "code": 2082, "fclass": "school", "name": "Makuluduwa Primary School" }, "geometry": { "type": "Point", "coordinates": [ 79.9373899, 6.8132605 ] } },
{ "type": "Feature", "properties": { "osm_id": "7773244492", "code": 2082, "fclass": "school", "name": "Shyamala School of Art" }, "geometry": { "type": "Point", "coordinates": [ 79.8661819, 6.8905561 ] } },
{ "type": "Feature", "properties": { "osm_id": "1796612316", "code": 2082, "fclass": "school", "name": "Mahawila Primary College" }, "geometry": { "type": "Point", "coordinates": [ 79.9347781, 6.7073124 ] } },
{ "type": "Feature", "properties": { "osm_id": "1796923013", "code": 2082, "fclass": "school", "name": "Govinna Maha Vidyalaya" }, "geometry": { "type": "Point", "coordinates": [ 80.1210575, 6.6708856 ] } },
{ "type": "Feature", "properties": { "osm_id": "1796922964", "code": 2082, "fclass": "school", "name": "Vidyaratanaya" }, "geometry": { "type": "Point", "coordinates": [ 80.0566461, 6.7201397 ] } },
{ "type": "Feature", "properties": { "osm_id": "1796819703", "code": 2082, "fclass": "school", "name": "Siri Piyarathana College" }, "geometry": { "type": "Point", "coordinates": [ 80.0883829, 6.8395546 ] } },
{ "type": "Feature", "properties": { "osm_id": "1796819790", "code": 2082, "fclass": "school", "name": "Siri Piyarathana Primary College" }, "geometry": { "type": "Point", "coordinates": [ 80.0917839, 6.8406039 ] } },
{ "type": "Feature", "properties": { "osm_id": "1796737865", "code": 2082, "fclass": "school", "name": "Olaboduwa Maha Vidyalaya" }, "geometry": { "type": "Point", "coordinates": [ 80.0389533, 6.7660438 ] } },
{ "type": "Feature", "properties": { "osm_id": "4962948825", "code": 2082, "fclass": "school", "name": "Somadevi Girls School" }, "geometry": { "type": "Point", "coordinates": [ 79.9151888, 6.9360606 ] } },
{ "type": "Feature", "properties": { "osm_id": "1795321924", "code": 2082, "fclass": "school", "name": "Sri Sumangala Balika Vidyalaya" }, "geometry": { "type": "Point", "coordinates": [ 79.908058, 6.7020433 ] } },
{ "type": "Feature", "properties": { "osm_id": "1795284371", "code": 2082, "fclass": "school", "name": "Sri Parakrama Maha Vidyalaya" }, "geometry": { "type": "Point", "coordinates": [ 79.9553024, 6.7202533 ] } },
{ "type": "Feature", "properties": { "osm_id": "1794213634", "code": 2082, "fclass": "school", "name": "Telecom Training Centre" }, "geometry": { "type": "Point", "coordinates": [ 79.8956876, 6.7680711 ] } },
{ "type": "Feature", "properties": { "osm_id": "1795233920", "code": 2082, "fclass": "school", "name": "Bauddhaloka College" }, "geometry": { "type": "Point", "coordinates": [ 79.9191355, 6.7097845 ] } },
{ "type": "Feature", "properties": { "osm_id": "1794160058", "code": 2082, "fclass": "school", "name": "Moratuwa Maha Vidyalaya" }, "geometry": { "type": "Point", "coordinates": [ 79.8848622, 6.7783575 ] } },
{ "type": "Feature", "properties": { "osm_id": "1795501383", "code": 2082, "fclass": "school", "name": "Sri Seevali Maha Vidyalaya" }, "geometry": { "type": "Point", "coordinates": [ 79.9170487, 6.6955594 ] } },
{ "type": "Feature", "properties": { "osm_id": "3056924382", "code": 2082, "fclass": "school", "name": "Siyane National School Play Ground" }, "geometry": { "type": "Point", "coordinates": [ 80.0705768, 6.94392 ] } },
{ "type": "Feature", "properties": { "osm_id": "1795501738", "code": 2082, "fclass": "school", "name": "Royal College" }, "geometry": { "type": "Point", "coordinates": [ 79.9105417, 6.7040466 ] } },
{ "type": "Feature", "properties": { "osm_id": "1795501360", "code": 2082, "fclass": "school", "name": "Sri Sumangala Vidyalaya" }, "geometry": { "type": "Point", "coordinates": [ 79.9145618, 6.7098926 ] } },
{ "type": "Feature", "properties": { "osm_id": "6354466448", "code": 2082, "fclass": "school", "name": "Colombo School of Construction Technology" }, "geometry": { "type": "Point", "coordinates": [ 79.9034954, 6.8840048 ] } },
{ "type": "Feature", "properties": { "osm_id": "3056924381", "code": 2082, "fclass": "school", "name": "Siyane National School" }, "geometry": { "type": "Point", "coordinates": [ 80.0695854, 6.9442899 ] } },
{ "type": "Feature", "properties": { "osm_id": "3031105133", "code": 2082, "fclass": "school", "name": "Magalegoda Maha Viyalaya" }, "geometry": { "type": "Point", "coordinates": [ 80.0359454, 7.1389002 ] } },
{ "type": "Feature", "properties": { "osm_id": "1788271737", "code": 2082, "fclass": "school", "name": "Dharmaraja Vidyalaya" }, "geometry": { "type": "Point", "coordinates": [ 80.0436651, 6.8439807 ] } },
{ "type": "Feature", "properties": { "osm_id": "1788297004", "code": 2082, "fclass": "school", "name": "Meegoda Maha Vidyalaya" }, "geometry": { "type": "Point", "coordinates": [ 80.0468501, 6.8522951 ] } },
{ "type": "Feature", "properties": { "osm_id": "1794115792", "code": 2082, "fclass": "school", "name": "Our Lady of Victories Convent" }, "geometry": { "type": "Point", "coordinates": [ 79.8811018, 6.7727642 ] } },
{ "type": "Feature", "properties": { "osm_id": "1794159983", "code": 2082, "fclass": "school", "name": "Princess Of Wales' College" }, "geometry": { "type": "Point", "coordinates": [ 79.884079, 6.7844301 ] } },
{ "type": "Feature", "properties": { "osm_id": "1794115714", "code": 2082, "fclass": "school", "name": "Janajaya Vidyalaya" }, "geometry": { "type": "Point", "coordinates": [ 79.8858654, 6.7671708 ] } },
{ "type": "Feature", "properties": { "osm_id": "2916096305", "code": 2082, "fclass": "school", "name": "Homagama Kanishta Vidyalaya" }, "geometry": { "type": "Point", "coordinates": [ 80.0027316, 6.8473786 ] } },
{ "type": "Feature", "properties": { "osm_id": "1794115780", "code": 2082, "fclass": "school", "name": "Sri Sunandopananda Maha Vidyalaya" }, "geometry": { "type": "Point", "coordinates": [ 79.8947381, 6.741579 ] } },
{ "type": "Feature", "properties": { "osm_id": "4054041376", "code": 2082, "fclass": "school", "name": "Kumarathunga Munidasa Vidyalaya" }, "geometry": { "type": "Point", "coordinates": [ 79.9933592, 6.9344144 ] } },
{ "type": "Feature", "properties": { "osm_id": "4053938940", "code": 2082, "fclass": "school", "name": "Bomiriya Central College" }, "geometry": { "type": "Point", "coordinates": [ 80.0024965, 6.9347123 ] } },
{ "type": "Feature", "properties": { "osm_id": "1794014674", "code": 2082, "fclass": "school", "name": "Dharmapala Adarsha Kanishta Vidyalaya" }, "geometry": { "type": "Point", "coordinates": [ 79.9615868, 6.8304653 ] } },
{ "type": "Feature", "properties": { "osm_id": "2910338518", "code": 2082, "fclass": "school", "name": "Holy Cross College" }, "geometry": { "type": "Point", "coordinates": [ 80.0077351, 7.0886444 ] } },
{ "type": "Feature", "properties": { "osm_id": "1736059667", "code": 2082, "fclass": "school", "name": null }, "geometry": { "type": "Point", "coordinates": [ 79.9771002, 6.8446268 ] } },
{ "type": "Feature", "properties": { "osm_id": "4036195268", "code": 2082, "fclass": "school", "name": "Sri Sumangala Primary School" }, "geometry": { "type": "Point", "coordinates": [ 79.949281, 7.0781494 ] } },
{ "type": "Feature", "properties": { "osm_id": "1733768378", "code": 2082, "fclass": "school", "name": "Senanayake Maha Vidyalaya" }, "geometry": { "type": "Point", "coordinates": [ 80.1616769, 7.2625014 ] } },
{ "type": "Feature", "properties": { "osm_id": "6350563329", "code": 2082, "fclass": "school", "name": "Turnkey IT Training" }, "geometry": { "type": "Point", "coordinates": [ 79.8516402, 6.9009834 ] } },
{ "type": "Feature", "properties": { "osm_id": "2907000973", "code": 2082, "fclass": "school", "name": "Sugathapala Vidyalaya" }, "geometry": { "type": "Point", "coordinates": [ 80.0545482, 6.7564064 ] } },
{ "type": "Feature", "properties": { "osm_id": "1694066040", "code": 2082, "fclass": "school", "name": "Rotary Int. School" }, "geometry": { "type": "Point", "coordinates": [ 79.9006969, 6.8647884 ] } },
{ "type": "Feature", "properties": { "osm_id": "6346966876", "code": 2082, "fclass": "school", "name": "Royal Institute" }, "geometry": { "type": "Point", "coordinates": [ 79.8719061, 6.8792843 ] } },
{ "type": "Feature", "properties": { "osm_id": "4948842322", "code": 2082, "fclass": "school", "name": null }, "geometry": { "type": "Point", "coordinates": [ 79.8489598, 6.9105168 ] } },
{ "type": "Feature", "properties": { "osm_id": "1723588916", "code": 2082, "fclass": "school", "name": "Bishop's College" }, "geometry": { "type": "Point", "coordinates": [ 79.8553433, 6.9147139 ] } },
{ "type": "Feature", "properties": { "osm_id": "4943264087", "code": 2082, "fclass": "school", "name": "Ensef Pvt School" }, "geometry": { "type": "Point", "coordinates": [ 79.9275883, 6.9258434 ] } },
{ "type": "Feature", "properties": { "osm_id": "4021653406", "code": 2082, "fclass": "school", "name": "Millawa Kanishta Vidyalaya" }, "geometry": { "type": "Point", "coordinates": [ 80.0779968, 6.78858 ] } },
{ "type": "Feature", "properties": { "osm_id": "2741745598", "code": 2082, "fclass": "school", "name": "Panagoda Sri Parakrama Maha Vidyalaya" }, "geometry": { "type": "Point", "coordinates": [ 80.0254353, 6.8631394 ] } },
{ "type": "Feature", "properties": { "osm_id": "1678267488", "code": 2082, "fclass": "school", "name": "Yashodhara Kanishta Vidyalaya" }, "geometry": { "type": "Point", "coordinates": [ 79.9134322, 6.9715062 ] } },
{ "type": "Feature", "properties": { "osm_id": "4945203417", "code": 2082, "fclass": "school", "name": "M D H Jayawardena Vidyalaya" }, "geometry": { "type": "Point", "coordinates": [ 79.9288284, 6.9127523 ] } },
{ "type": "Feature", "properties": { "osm_id": "2710652543", "code": 2082, "fclass": "school", "name": "Walgama Gunasekara Vidyalaya" }, "geometry": { "type": "Point", "coordinates": [ 79.9965536, 6.8643528 ] } },
{ "type": "Feature", "properties": { "osm_id": "4945177021", "code": 2082, "fclass": "school", "name": null }, "geometry": { "type": "Point", "coordinates": [ 79.8919438, 6.9869567 ] } },
{ "type": "Feature", "properties": { "osm_id": "2703690809", "code": 2082, "fclass": "school", "name": "Divulapitiya Gnanawansa Maha Vidyalaya" }, "geometry": { "type": "Point", "coordinates": [ 80.0077763, 7.2259776 ] } },
{ "type": "Feature", "properties": { "osm_id": "2741681951", "code": 2082, "fclass": "school", "name": "Subharathi Mahamatya Vidyalaya" }, "geometry": { "type": "Point", "coordinates": [ 80.0329229, 6.8504844 ] } },
{ "type": "Feature", "properties": { "osm_id": "2724797181", "code": 2082, "fclass": "school", "name": "Habarakada Primary School" }, "geometry": { "type": "Point", "coordinates": [ 80.0146199, 6.8670747 ] } },
{ "type": "Feature", "properties": { "osm_id": "3997346197", "code": 2082, "fclass": "school", "name": "Pamunuvila Maha Viduhala (Primary School)" }, "geometry": { "type": "Point", "coordinates": [ 79.931469, 6.9697195 ] } },
{ "type": "Feature", "properties": { "osm_id": "6342492488", "code": 2082, "fclass": "school", "name": "Spinnaker International" }, "geometry": { "type": "Point", "coordinates": [ 79.8750782, 6.913939 ] } },
{ "type": "Feature", "properties": { "osm_id": "3997287831", "code": 2082, "fclass": "school", "name": "Pamunuvila Maha Viduhala (School)" }, "geometry": { "type": "Point", "coordinates": [ 79.9395011, 6.9689438 ] } },
{ "type": "Feature", "properties": { "osm_id": "4878007022", "code": 2082, "fclass": "school", "name": null }, "geometry": { "type": "Point", "coordinates": [ 79.8774736, 7.2316688 ] } },
{ "type": "Feature", "properties": { "osm_id": "2703675578", "code": 2082, "fclass": "school", "name": "Sri Gnanodaya Central College" }, "geometry": { "type": "Point", "coordinates": [ 80.0199334, 7.2226092 ] } },
{ "type": "Feature", "properties": { "osm_id": "3954317212", "code": 2082, "fclass": "school", "name": "St. Anthony's Tamil Maha Vidyalaya" }, "geometry": { "type": "Point", "coordinates": [ 79.8720936, 6.9607099 ] } },
{ "type": "Feature", "properties": { "osm_id": "3954317213", "code": 2082, "fclass": "school", "name": "St. Anthony's SinhalaMixed School" }, "geometry": { "type": "Point", "coordinates": [ 79.8717114, 6.9609944 ] } },
{ "type": "Feature", "properties": { "osm_id": "3954289056", "code": 2082, "fclass": "school", "name": "St Anthony's Girls School" }, "geometry": { "type": "Point", "coordinates": [ 79.8669135, 6.9650292 ] } },
{ "type": "Feature", "properties": { "osm_id": "1667080322", "code": 2082, "fclass": "school", "name": "Holy Cross College" }, "geometry": { "type": "Point", "coordinates": [ 79.9639225, 6.5759015 ] } },
{ "type": "Feature", "properties": { "osm_id": "1667080369", "code": 2082, "fclass": "school", "name": "Kalutara Vidyalaya" }, "geometry": { "type": "Point", "coordinates": [ 79.9643737, 6.574235 ] } },
{ "type": "Feature", "properties": { "osm_id": "2646850035", "code": 2082, "fclass": "school", "name": "Isipathana College" }, "geometry": { "type": "Point", "coordinates": [ 79.8676193, 6.8872645 ] } },
{ "type": "Feature", "properties": { "osm_id": "3954317296", "code": 2082, "fclass": "school", "name": "Usmaniyah Arabic College" }, "geometry": { "type": "Point", "coordinates": [ 79.8737483, 6.9629673 ] } },
{ "type": "Feature", "properties": { "osm_id": "1661966178", "code": 2082, "fclass": "school", "name": "Louvre Int. School" }, "geometry": { "type": "Point", "coordinates": [ 79.8925781, 6.8680634 ] } },
{ "type": "Feature", "properties": { "osm_id": "4786076423", "code": 2082, "fclass": "school", "name": null }, "geometry": { "type": "Point", "coordinates": [ 79.9378398, 7.0349253 ] } },
{ "type": "Feature", "properties": { "osm_id": "10009376814", "code": 2082, "fclass": "school", "name": "Asian International Montessori School" }, "geometry": { "type": "Point", "coordinates": [ 79.9391165, 6.8853793 ] } },
{ "type": "Feature", "properties": { "osm_id": "1651300225", "code": 2082, "fclass": "school", "name": "Rotary" }, "geometry": { "type": "Point", "coordinates": [ 79.8904519, 6.8709411 ] } },
{ "type": "Feature", "properties": { "osm_id": "4798825349", "code": 2082, "fclass": "school", "name": "Al Ikbal Girls College" }, "geometry": { "type": "Point", "coordinates": [ 79.8529974, 6.9210873 ] } },
{ "type": "Feature", "properties": { "osm_id": "1654309527", "code": 2082, "fclass": "school", "name": "Lalith Athulathmudali College" }, "geometry": { "type": "Point", "coordinates": [ 79.8717788, 6.8295595 ] } },
{ "type": "Feature", "properties": { "osm_id": "2551994558", "code": 2082, "fclass": "school", "name": "Sri Lanka Institute of Development Administration" }, "geometry": { "type": "Point", "coordinates": [ 79.8717248, 6.899209 ] } },
{ "type": "Feature", "properties": { "osm_id": "2552014804", "code": 2082, "fclass": "school", "name": "Highland International School" }, "geometry": { "type": "Point", "coordinates": [ 79.9299547, 6.8443675 ] } },
{ "type": "Feature", "properties": { "osm_id": "1651294568", "code": 2082, "fclass": "school", "name": "Royal Institute" }, "geometry": { "type": "Point", "coordinates": [ 79.8680072, 6.8844234 ] } },
{ "type": "Feature", "properties": { "osm_id": "3858236315", "code": 2082, "fclass": "school", "name": "Weera Puran Appu Vidyalaya" }, "geometry": { "type": "Point", "coordinates": [ 79.8827918, 6.7785817 ] } },
{ "type": "Feature", "properties": { "osm_id": "1650240695", "code": 2082, "fclass": "school", "name": "A T I" }, "geometry": { "type": "Point", "coordinates": [ 79.8881097, 6.7976656 ] } },
{ "type": "Feature", "properties": { "osm_id": "1651265548", "code": 2082, "fclass": "school", "name": "St.Thomas College" }, "geometry": { "type": "Point", "coordinates": [ 79.8997064, 6.8800909 ] } },
{ "type": "Feature", "properties": { "osm_id": "7133230074", "code": 2082, "fclass": "school", "name": "Sevana Special School" }, "geometry": { "type": "Point", "coordinates": [ 79.9007165, 6.8818849 ] } },
{ "type": "Feature", "properties": { "osm_id": "1651265545", "code": 2082, "fclass": "school", "name": "OxFord" }, "geometry": { "type": "Point", "coordinates": [ 79.9115636, 6.8654741 ] } },
{ "type": "Feature", "properties": { "osm_id": "7133201560", "code": 2082, "fclass": "school", "name": "Alpha Kids Ami Montessori" }, "geometry": { "type": "Point", "coordinates": [ 79.9009206, 6.882067 ] } },
{ "type": "Feature", "properties": { "osm_id": "7133210345", "code": 2082, "fclass": "school", "name": "Najaa International School" }, "geometry": { "type": "Point", "coordinates": [ 79.8691585, 6.8386201 ] } },
{ "type": "Feature", "properties": { "osm_id": "9883236188", "code": 2082, "fclass": "school", "name": "Veyangoda Primary College" }, "geometry": { "type": "Point", "coordinates": [ 80.0555715, 7.1564903 ] } },
{ "type": "Feature", "properties": { "osm_id": "1651231509", "code": 2082, "fclass": "school", "name": "Buwanekaba Vidyala (Primary)" }, "geometry": { "type": "Point", "coordinates": [ 79.9224078, 6.8519965 ] } },
{ "type": "Feature", "properties": { "osm_id": "1651231510", "code": 2082, "fclass": "school", "name": "I E M" }, "geometry": { "type": "Point", "coordinates": [ 79.9244302, 6.8483694 ] } },
{ "type": "Feature", "properties": { "osm_id": "2446739142", "code": 2082, "fclass": "school", "name": "Matugama Ananda Shastralaya" }, "geometry": { "type": "Point", "coordinates": [ 80.1164774, 6.5240987 ] } },
{ "type": "Feature", "properties": { "osm_id": "2454937479", "code": 2082, "fclass": "school", "name": "International French School of Colombo" }, "geometry": { "type": "Point", "coordinates": [ 79.8656053, 6.8945318 ] } },
{ "type": "Feature", "properties": { "osm_id": "6263106781", "code": 2082, "fclass": "school", "name": "Pasyala Primary School" }, "geometry": { "type": "Point", "coordinates": [ 80.1226543, 7.16572 ] } },
{ "type": "Feature", "properties": { "osm_id": "6263106782", "code": 2082, "fclass": "school", "name": "Pasyala Maha Vidyalya" }, "geometry": { "type": "Point", "coordinates": [ 80.1219435, 7.1651315 ] } },
{ "type": "Feature", "properties": { "osm_id": "9883236402", "code": 2082, "fclass": "school", "name": "Hiripitiya  Primary School" }, "geometry": { "type": "Point", "coordinates": [ 80.0549802, 7.1565059 ] } },
{ "type": "Feature", "properties": { "osm_id": "3836207023", "code": 2082, "fclass": "school", "name": "Ellalamulla Primary School" }, "geometry": { "type": "Point", "coordinates": [ 80.1288046, 7.1552389 ] } },
{ "type": "Feature", "properties": { "osm_id": "2503476092", "code": 2082, "fclass": "school", "name": "Nagasena Vidyalaya" }, "geometry": { "type": "Point", "coordinates": [ 79.8971458, 6.975404 ] } },
{ "type": "Feature", "properties": { "osm_id": "2503479378", "code": 2082, "fclass": "school", "name": "WP/HO Batawala Junior School" }, "geometry": { "type": "Point", "coordinates": [ 80.0536198, 6.8813611 ] } },
{ "type": "Feature", "properties": { "osm_id": "3827949857", "code": 2082, "fclass": "school", "name": "Labugama Vijitha Maha Vidyalaya" }, "geometry": { "type": "Point", "coordinates": [ 80.0482806, 6.6844232 ] } },
{ "type": "Feature", "properties": { "osm_id": "7113571586", "code": 2082, "fclass": "school", "name": null }, "geometry": { "type": "Point", "coordinates": [ 79.8674949, 6.8801735 ] } },
{ "type": "Feature", "properties": { "osm_id": "2426343703", "code": 2082, "fclass": "school", "name": "Gamini Central College" }, "geometry": { "type": "Point", "coordinates": [ 80.1729771, 6.7441202 ] } },
{ "type": "Feature", "properties": { "osm_id": "3844292092", "code": 2082, "fclass": "school", "name": "Bauddha Kanishta Vidyalaya" }, "geometry": { "type": "Point", "coordinates": [ 79.9372992, 6.8489027 ] } },
{ "type": "Feature", "properties": { "osm_id": "2426343734", "code": 2082, "fclass": "school", "name": "Sri Sumanajothi College" }, "geometry": { "type": "Point", "coordinates": [ 80.174066, 6.7429242 ] } },
{ "type": "Feature", "properties": { "osm_id": "3842185233", "code": 2082, "fclass": "school", "name": "Mahamaya Balika Vidyalaya" }, "geometry": { "type": "Point", "coordinates": [ 79.9417721, 6.9925739 ] } },
{ "type": "Feature", "properties": { "osm_id": "3842185927", "code": 2082, "fclass": "school", "name": "Sarani Lernaers" }, "geometry": { "type": "Point", "coordinates": [ 80.1235029, 7.1679207 ] } },
{ "type": "Feature", "properties": { "osm_id": "12343239223", "code": 2082, "fclass": "school", "name": null }, "geometry": { "type": "Point", "coordinates": [ 79.9030127, 7.1271619 ] } },
{ "type": "Feature", "properties": { "osm_id": "4711114093", "code": 2082, "fclass": "school", "name": null }, "geometry": { "type": "Point", "coordinates": [ 79.8805508, 6.8296856 ] } },
{ "type": "Feature", "properties": { "osm_id": "1623940130", "code": 2082, "fclass": "school", "name": "Ave Maria Convent Branch" }, "geometry": { "type": "Point", "coordinates": [ 79.8621987, 7.1992536 ] } },
{ "type": "Feature", "properties": { "osm_id": "1623940140", "code": 2082, "fclass": "school", "name": "Maris Stella College Branch" }, "geometry": { "type": "Point", "coordinates": [ 79.865066, 7.1981119 ] } },
{ "type": "Feature", "properties": { "osm_id": "3811213342", "code": 2082, "fclass": "school", "name": "Ananda Sasthralaya School Ground" }, "geometry": { "type": "Point", "coordinates": [ 79.9071818, 6.8841135 ] } },
{ "type": "Feature", "properties": { "osm_id": "2419520012", "code": 2082, "fclass": "school", "name": "St Bridget Convent" }, "geometry": { "type": "Point", "coordinates": [ 79.8643195, 6.9097759 ] } },
{ "type": "Feature", "properties": { "osm_id": "3780547672", "code": 2082, "fclass": "school", "name": "Tamil School" }, "geometry": { "type": "Point", "coordinates": [ 79.880894, 6.9285 ] } },
{ "type": "Feature", "properties": { "osm_id": "3780547676", "code": 2082, "fclass": "school", "name": "Vijayaba Maha Vidyalaya" }, "geometry": { "type": "Point", "coordinates": [ 79.872242, 6.946524 ] } },
{ "type": "Feature", "properties": { "osm_id": "1530607218", "code": 2082, "fclass": "school", "name": "Louvre Int. School" }, "geometry": { "type": "Point", "coordinates": [ 79.946069, 6.856859 ] } },
{ "type": "Feature", "properties": { "osm_id": "3780547670", "code": 2082, "fclass": "school", "name": "Sujatha Vidyalaya" }, "geometry": { "type": "Point", "coordinates": [ 79.898447, 6.8638 ] } },
{ "type": "Feature", "properties": { "osm_id": "4702882190", "code": 2082, "fclass": "school", "name": null }, "geometry": { "type": "Point", "coordinates": [ 79.8530941, 6.8948981 ] } },
{ "type": "Feature", "properties": { "osm_id": "3780547671", "code": 2082, "fclass": "school", "name": "Susamayawardana Maha Vidyalaya" }, "geometry": { "type": "Point", "coordinates": [ 79.876506, 6.913362 ] } },
{ "type": "Feature", "properties": { "osm_id": "3780547665", "code": 2082, "fclass": "school", "name": "St. Matthew's College" }, "geometry": { "type": "Point", "coordinates": [ 79.877756, 6.930152 ] } },
{ "type": "Feature", "properties": { "osm_id": "3780547666", "code": 2082, "fclass": "school", "name": "St.Paul's Girls' School" }, "geometry": { "type": "Point", "coordinates": [ 79.858423, 6.886346 ] } },
{ "type": "Feature", "properties": { "osm_id": "3780547662", "code": 2082, "fclass": "school", "name": "St. Mary's Girls' School" }, "geometry": { "type": "Point", "coordinates": [ 79.853053, 6.914536 ] } },
{ "type": "Feature", "properties": { "osm_id": "3780547663", "code": 2082, "fclass": "school", "name": "St. Michael's Vidyalaya" }, "geometry": { "type": "Point", "coordinates": [ 79.85279, 6.913678 ] } },
{ "type": "Feature", "properties": { "osm_id": "3780547685", "code": 2082, "fclass": "school", "name": "Yasodara Balika Maha Vidyalaya" }, "geometry": { "type": "Point", "coordinates": [ 79.872403, 6.916934 ] } },
{ "type": "Feature", "properties": { "osm_id": "1533913616", "code": 2082, "fclass": "school", "name": null }, "geometry": { "type": "Point", "coordinates": [ 79.8677567, 6.8465091 ] } },
{ "type": "Feature", "properties": { "osm_id": "3780547686", "code": 2082, "fclass": "school", "name": "Zahira College" }, "geometry": { "type": "Point", "coordinates": [ 79.864764, 6.927111 ] } },
{ "type": "Feature", "properties": { "osm_id": "3780547682", "code": 2082, "fclass": "school", "name": "Wesley College Play Ground" }, "geometry": { "type": "Point", "coordinates": [ 79.876367, 6.920528 ] } },
{ "type": "Feature", "properties": { "osm_id": "3780547684", "code": 2082, "fclass": "school", "name": "Wolfendhal Girls' High School" }, "geometry": { "type": "Point", "coordinates": [ 79.859726, 6.942233 ] } },
{ "type": "Feature", "properties": { "osm_id": "3780547680", "code": 2082, "fclass": "school", "name": "Wekanda Pre School" }, "geometry": { "type": "Point", "coordinates": [ 79.851964, 6.919536 ] } },
{ "type": "Feature", "properties": { "osm_id": "3780547681", "code": 2082, "fclass": "school", "name": "Wellawatta Vidyalaya" }, "geometry": { "type": "Point", "coordinates": [ 79.868272, 6.880526 ] } },
{ "type": "Feature", "properties": { "osm_id": "3780547678", "code": 2082, "fclass": "school", "name": "Vivekananda College" }, "geometry": { "type": "Point", "coordinates": [ 79.860424, 6.943461 ] } },
{ "type": "Feature", "properties": { "osm_id": "3780547679", "code": 2082, "fclass": "school", "name": "Waragoda Kanishta Vidyalaya" }, "geometry": { "type": "Point", "coordinates": [ 79.885261, 6.948434 ] } },
{ "type": "Feature", "properties": { "osm_id": "3780542052", "code": 2082, "fclass": "school", "name": "St. Cleare's Girles' School" }, "geometry": { "type": "Point", "coordinates": [ 79.862092, 6.876851 ] } },
{ "type": "Feature", "properties": { "osm_id": "2418524068", "code": 2082, "fclass": "school", "name": "Hermann Gmeiner School Piliyandala" }, "geometry": { "type": "Point", "coordinates": [ 79.9500434, 6.7825033 ] } },
{ "type": "Feature", "properties": { "osm_id": "3780542053", "code": 2082, "fclass": "school", "name": "St. John's Primary School" }, "geometry": { "type": "Point", "coordinates": [ 79.8894865, 6.8689893 ] } },
{ "type": "Feature", "properties": { "osm_id": "3780542050", "code": 2082, "fclass": "school", "name": "St. Benadict College" }, "geometry": { "type": "Point", "coordinates": [ 79.864967, 6.948836 ] } },
{ "type": "Feature", "properties": { "osm_id": "3780542051", "code": 2082, "fclass": "school", "name": "St. Benedict Primery School" }, "geometry": { "type": "Point", "coordinates": [ 79.864967, 6.947501 ] } },
{ "type": "Feature", "properties": { "osm_id": "2407659796", "code": 2082, "fclass": "school", "name": "Regent Int. School" }, "geometry": { "type": "Point", "coordinates": [ 80.012589, 7.0756399 ] } },
{ "type": "Feature", "properties": { "osm_id": "3780542047", "code": 2082, "fclass": "school", "name": "St Joseph Girls' School" }, "geometry": { "type": "Point", "coordinates": [ 79.885508, 6.871621 ] } },
{ "type": "Feature", "properties": { "osm_id": "3780542049", "code": 2082, "fclass": "school", "name": "St. Anthonys College" }, "geometry": { "type": "Point", "coordinates": [ 79.8575461, 6.9444751 ] } },
{ "type": "Feature", "properties": { "osm_id": "4690842989", "code": 2082, "fclass": "school", "name": null }, "geometry": { "type": "Point", "coordinates": [ 79.8762101, 6.8937155 ] } },
{ "type": "Feature", "properties": { "osm_id": "3780542044", "code": 2082, "fclass": "school", "name": "Sri Rewatha Royal College" }, "geometry": { "type": "Point", "coordinates": [ 79.897792, 6.867673 ] } },
{ "type": "Feature", "properties": { "osm_id": "4690796992", "code": 2082, "fclass": "school", "name": null }, "geometry": { "type": "Point", "coordinates": [ 79.872454, 6.8928468 ] } },
{ "type": "Feature", "properties": { "osm_id": "3780542046", "code": 2082, "fclass": "school", "name": "Sri Vaishakya College" }, "geometry": { "type": "Point", "coordinates": [ 79.864308, 6.869561 ] } },
{ "type": "Feature", "properties": { "osm_id": "3780547660", "code": 2082, "fclass": "school", "name": "St. Mary's College" }, "geometry": { "type": "Point", "coordinates": [ 79.858654, 6.944266 ] } },
{ "type": "Feature", "properties": { "osm_id": "3780547661", "code": 2082, "fclass": "school", "name": "St. Mary's Girls' School" }, "geometry": { "type": "Point", "coordinates": [ 79.853343, 6.913866 ] } },
{ "type": "Feature", "properties": { "osm_id": "3780547658", "code": 2082, "fclass": "school", "name": "St. Lucia Maha Vidyalaya" }, "geometry": { "type": "Point", "coordinates": [ 79.865252, 6.948413 ] } },
{ "type": "Feature", "properties": { "osm_id": "3780547659", "code": 2082, "fclass": "school", "name": "St. Mary Sinhala Vidyalaya" }, "geometry": { "type": "Point", "coordinates": [ 79.8574191, 6.8947877 ] } },
{ "type": "Feature", "properties": { "osm_id": "3780542056", "code": 2082, "fclass": "school", "name": "St. Joseph's College" }, "geometry": { "type": "Point", "coordinates": [ 79.861121, 6.925775 ] } },
{ "type": "Feature", "properties": { "osm_id": "3780547657", "code": 2082, "fclass": "school", "name": "St. Josephs Vidyalaya" }, "geometry": { "type": "Point", "coordinates": [ 79.875326, 6.948552 ] } },
{ "type": "Feature", "properties": { "osm_id": "3780542054", "code": 2082, "fclass": "school", "name": "St. John's School;St.John's College" }, "geometry": { "type": "Point", "coordinates": [ 79.8737642, 6.9306626 ] } },
{ "type": "Feature", "properties": { "osm_id": "3780542055", "code": 2082, "fclass": "school", "name": "St. Joseph's Boys' School" }, "geometry": { "type": "Point", "coordinates": [ 79.8953636, 6.8669322 ] } },
{ "type": "Feature", "properties": { "osm_id": "3780542029", "code": 2082, "fclass": "school", "name": "Parakramabahu Maha Vidyalaya" }, "geometry": { "type": "Point", "coordinates": [ 79.879237, 6.896957 ] } },
{ "type": "Feature", "properties": { "osm_id": "3780542030", "code": 2082, "fclass": "school", "name": "Preoparatory School" }, "geometry": { "type": "Point", "coordinates": [ 79.847319, 6.916285 ] } },
{ "type": "Feature", "properties": { "osm_id": "3780542028", "code": 2082, "fclass": "school", "name": "Padhanaghara Maha Vidyalaya" }, "geometry": { "type": "Point", "coordinates": [ 79.868798, 6.928736 ] } },
{ "type": "Feature", "properties": { "osm_id": "3780542024", "code": 2082, "fclass": "school", "name": "Museaus College" }, "geometry": { "type": "Point", "coordinates": [ 79.869034, 6.914542 ] } },
{ "type": "Feature", "properties": { "osm_id": "3780542026", "code": 2082, "fclass": "school", "name": "Muslim Vidyalaya" }, "geometry": { "type": "Point", "coordinates": [ 79.862269, 6.943901 ] } },
{ "type": "Feature", "properties": { "osm_id": "3780542021", "code": 2082, "fclass": "school", "name": "Maradana Technical College" }, "geometry": { "type": "Point", "coordinates": [ 79.859523, 6.932346 ] } },
{ "type": "Feature", "properties": { "osm_id": "3780542023", "code": 2082, "fclass": "school", "name": "Methodist College" }, "geometry": { "type": "Point", "coordinates": [ 79.8489682, 6.9121155 ] } },
{ "type": "Feature", "properties": { "osm_id": "3780542042", "code": 2082, "fclass": "school", "name": "Seevalee Vidyalaya" }, "geometry": { "type": "Point", "coordinates": [ 79.881442, 6.923323 ] } },
{ "type": "Feature", "properties": { "osm_id": "3780542043", "code": 2082, "fclass": "school", "name": "School Ground of Roman Catholic Tamil Mixed Vidyalayam, Rajagiriya" }, "geometry": { "type": "Point", "coordinates": [ 79.8946476, 6.9107875 ] } },
{ "type": "Feature", "properties": { "osm_id": "3780542040", "code": 2082, "fclass": "school", "name": null }, "geometry": { "type": "Point", "coordinates": [ 79.876538, 6.878675 ] } },
{ "type": "Feature", "properties": { "osm_id": "3780542041", "code": 2082, "fclass": "school", "name": null }, "geometry": { "type": "Point", "coordinates": [ 79.890218, 6.914842 ] } },
{ "type": "Feature", "properties": { "osm_id": "3780542038", "code": 2082, "fclass": "school", "name": null }, "geometry": { "type": "Point", "coordinates": [ 79.864104, 6.863075 ] } },
{ "type": "Feature", "properties": { "osm_id": "3780542039", "code": 2082, "fclass": "school", "name": null }, "geometry": { "type": "Point", "coordinates": [ 79.869801, 6.875982 ] } },
{ "type": "Feature", "properties": { "osm_id": "3780542032", "code": 2082, "fclass": "school", "name": "Prince College, Kotahena" }, "geometry": { "type": "Point", "coordinates": [ 79.862205, 6.951787 ] } },
{ "type": "Feature", "properties": { "osm_id": "3780542037", "code": 2082, "fclass": "school", "name": "School of Sports" }, "geometry": { "type": "Point", "coordinates": [ 79.865692, 6.905272 ] } },
{ "type": "Feature", "properties": { "osm_id": "3780542009", "code": 2082, "fclass": "school", "name": "Kotahena Govt. Tamil School" }, "geometry": { "type": "Point", "coordinates": [ 79.86279, 6.942667 ] } },
{ "type": "Feature", "properties": { "osm_id": "3780542010", "code": 2082, "fclass": "school", "name": "Kotahena Maha Vidyalaya" }, "geometry": { "type": "Point", "coordinates": [ 79.863015, 6.94308 ] } },
{ "type": "Feature", "properties": { "osm_id": "3780542006", "code": 2082, "fclass": "school", "name": "Jinaraja Vidyalaya" }, "geometry": { "type": "Point", "coordinates": [ 79.851438, 6.915121 ] } },
{ "type": "Feature", "properties": { "osm_id": "3780542007", "code": 2082, "fclass": "school", "name": null }, "geometry": { "type": "Point", "coordinates": [ 79.864334, 6.93918 ] } },
{ "type": "Feature", "properties": { "osm_id": "4641494127", "code": 2082, "fclass": "school", "name": "Guidance International Junior School" }, "geometry": { "type": "Point", "coordinates": [ 79.9457769, 6.7933167 ] } },
{ "type": "Feature", "properties": { "osm_id": "3780542001", "code": 2082, "fclass": "school", "name": "Hindu Ladies College" }, "geometry": { "type": "Point", "coordinates": [ 79.8629957, 6.8724361 ] } },
{ "type": "Feature", "properties": { "osm_id": "3780542005", "code": 2082, "fclass": "school", "name": "Jayanthi Vidyalaya" }, "geometry": { "type": "Point", "coordinates": [ 79.87281, 6.944336 ] } },
{ "type": "Feature", "properties": { "osm_id": "3780541998", "code": 2082, "fclass": "school", "name": "Fathima Muslim Girl's School" }, "geometry": { "type": "Point", "coordinates": [ 79.86383, 6.939701 ] } },
{ "type": "Feature", "properties": { "osm_id": "4633779550", "code": 2082, "fclass": "school", "name": "Mahabodhi Vidhyalaya" }, "geometry": { "type": "Point", "coordinates": [ 79.9445597, 7.0027667 ] } },
{ "type": "Feature", "properties": { "osm_id": "3780541999", "code": 2082, "fclass": "school", "name": "Gotami Balika Maha Vidyalaya" }, "geometry": { "type": "Point", "coordinates": [ 79.872113, 6.923431 ] } },
{ "type": "Feature", "properties": { "osm_id": "3780542019", "code": 2082, "fclass": "school", "name": "Maligakanda Maha Vidyalaya" }, "geometry": { "type": "Point", "coordinates": [ 79.872778, 6.926515 ] } },
{ "type": "Feature", "properties": { "osm_id": "3780542020", "code": 2082, "fclass": "school", "name": "Rajasingha Maha Vidyalaya" }, "geometry": { "type": "Point", "coordinates": [ 79.877949, 6.941358 ] } },
{ "type": "Feature", "properties": { "osm_id": "2348968595", "code": 2082, "fclass": "school", "name": null }, "geometry": { "type": "Point", "coordinates": [ 79.9552343, 6.7072053 ] } },
{ "type": "Feature", "properties": { "osm_id": "3780542016", "code": 2082, "fclass": "school", "name": "Lumbini Maha Vidyalaya" }, "geometry": { "type": "Point", "coordinates": [ 79.866711, 6.884184 ] } },
{ "type": "Feature", "properties": { "osm_id": "3780542017", "code": 2082, "fclass": "school", "name": "Mahabodhi Vidyalaya" }, "geometry": { "type": "Point", "coordinates": [ 79.863919, 6.9188696 ] } },
{ "type": "Feature", "properties": { "osm_id": "3780542014", "code": 2082, "fclass": "school", "name": "Lawrence College" }, "geometry": { "type": "Point", "coordinates": [ 79.865279, 6.921612 ] } },
{ "type": "Feature", "properties": { "osm_id": "3780542015", "code": 2082, "fclass": "school", "name": "Lindsay Balika Vidyalaya" }, "geometry": { "type": "Point", "coordinates": [ 79.853278, 6.895493 ] } },
{ "type": "Feature", "properties": { "osm_id": "2347303767", "code": 2082, "fclass": "school", "name": "Owitigama Primary School" }, "geometry": { "type": "Point", "coordinates": [ 80.116551, 6.9723597 ] } },
{ "type": "Feature", "properties": { "osm_id": "3780542011", "code": 2082, "fclass": "school", "name": "Kotahena Methodist Tamil School" }, "geometry": { "type": "Point", "coordinates": [ 79.861325, 6.949169 ] } },
{ "type": "Feature", "properties": { "osm_id": "3780542012", "code": 2082, "fclass": "school", "name": "Ladies College" }, "geometry": { "type": "Point", "coordinates": [ 79.857602, 6.9076 ] } },
{ "type": "Feature", "properties": { "osm_id": "3780541986", "code": 2082, "fclass": "school", "name": "Church & School" }, "geometry": { "type": "Point", "coordinates": [ 79.872966, 6.93122 ] } },
{ "type": "Feature", "properties": { "osm_id": "3780541987", "code": 2082, "fclass": "school", "name": "Claremont Hotel School" }, "geometry": { "type": "Point", "coordinates": [ 79.865558, 6.946085 ] } },
{ "type": "Feature", "properties": { "osm_id": "3780541984", "code": 2082, "fclass": "school", "name": "Catholic Church & School" }, "geometry": { "type": "Point", "coordinates": [ 79.893715, 6.91091 ] } },
{ "type": "Feature", "properties": { "osm_id": "3780541985", "code": 2082, "fclass": "school", "name": "Catholic Tamil School" }, "geometry": { "type": "Point", "coordinates": [ 79.885304, 6.919332 ] } },
{ "type": "Feature", "properties": { "osm_id": "3780541981", "code": 2082, "fclass": "school", "name": "C.W.W. Kannangara Vidyalaya" }, "geometry": { "type": "Point", "coordinates": [ 79.876726, 6.918495 ] } },
{ "type": "Feature", "properties": { "osm_id": "3780541983", "code": 2082, "fclass": "school", "name": "Cathedral Balika Primary Schoo" }, "geometry": { "type": "Point", "coordinates": [ 79.859608, 6.954206 ] } },
{ "type": "Feature", "properties": { "osm_id": "3780541977", "code": 2082, "fclass": "school", "name": "Bandaranaike Junior School" }, "geometry": { "type": "Point", "coordinates": [ 79.8868193, 6.9117983 ] } },
{ "type": "Feature", "properties": { "osm_id": "3780541980", "code": 2082, "fclass": "school", "name": "Buddhist Ladies College" }, "geometry": { "type": "Point", "coordinates": [ 79.862575, 6.9165 ] } },
{ "type": "Feature", "properties": { "osm_id": "3780541996", "code": 2082, "fclass": "school", "name": "Elizabeth Moir Junior School" }, "geometry": { "type": "Point", "coordinates": [ 79.869291, 6.886486 ] } },
{ "type": "Feature", "properties": { "osm_id": "3780541997", "code": 2082, "fclass": "school", "name": "Etul Kotte Primary School" }, "geometry": { "type": "Point", "coordinates": [ 79.9078684, 6.9012258 ] } },
{ "type": "Feature", "properties": { "osm_id": "3780541993", "code": 2082, "fclass": "school", "name": "Darus Salam Maha Vidyalaya" }, "geometry": { "type": "Point", "coordinates": [ 79.872274, 6.937614 ] } },
{ "type": "Feature", "properties": { "osm_id": "3780541995", "code": 2082, "fclass": "school", "name": "Dudley Senanayake Vidyalaya" }, "geometry": { "type": "Point", "coordinates": [ 79.872156, 6.890965 ] } },
{ "type": "Feature", "properties": { "osm_id": "3780541990", "code": 2082, "fclass": "school", "name": "College of Ayurvedic Medicine" }, "geometry": { "type": "Point", "coordinates": [ 79.892836, 6.922336 ] } },
{ "type": "Feature", "properties": { "osm_id": "3780541991", "code": 2082, "fclass": "school", "name": "College of Indigenous Medicine" }, "geometry": { "type": "Point", "coordinates": [ 79.888474, 6.911709 ] } },
{ "type": "Feature", "properties": { "osm_id": "3780541988", "code": 2082, "fclass": "school", "name": "Clifton Balikaa Vidyalaya" }, "geometry": { "type": "Point", "coordinates": [ 79.86847, 6.92718 ] } },
{ "type": "Feature", "properties": { "osm_id": "9707457215", "code": 2082, "fclass": "school", "name": "Shanta Mayadunne School of Cooking Art" }, "geometry": { "type": "Point", "coordinates": [ 79.9607154, 6.8440262 ] } },
{ "type": "Feature", "properties": { "osm_id": "3780541989", "code": 2082, "fclass": "school", "name": "College House" }, "geometry": { "type": "Point", "coordinates": [ 79.859206, 6.90031 ] } },
{ "type": "Feature", "properties": { "osm_id": "3780541964", "code": 2082, "fclass": "school", "name": "Al- Ameen Vidyalaya" }, "geometry": { "type": "Point", "coordinates": [ 79.8483247, 6.922571 ] } },
{ "type": "Feature", "properties": { "osm_id": "3780541965", "code": 2082, "fclass": "school", "name": "Al- Hidaya Maha Vidyalaya" }, "geometry": { "type": "Point", "coordinates": [ 79.8634884, 6.9333123 ] } },
{ "type": "Feature", "properties": { "osm_id": "3780541962", "code": 2082, "fclass": "school", "name": "Al - Hikma College" }, "geometry": { "type": "Point", "coordinates": [ 79.858316, 6.935806 ] } },
{ "type": "Feature", "properties": { "osm_id": "3780541963", "code": 2082, "fclass": "school", "name": "Al Nassar Maha Vidyalaya" }, "geometry": { "type": "Point", "coordinates": [ 79.871373, 6.9472 ] } },
{ "type": "Feature", "properties": { "osm_id": "3780541960", "code": 2082, "fclass": "school", "name": "Agamethi Vidyalaya" }, "geometry": { "type": "Point", "coordinates": [ 79.8685462, 6.9572063 ] } },
{ "type": "Feature", "properties": { "osm_id": "3780541961", "code": 2082, "fclass": "school", "name": "Ai-Hijra Maha Vidyalaya" }, "geometry": { "type": "Point", "coordinates": [ 79.874892, 6.929026 ] } },
{ "type": "Feature", "properties": { "osm_id": "12087652609", "code": 2082, "fclass": "school", "name": "Sri Sudarshana Primary School" }, "geometry": { "type": "Point", "coordinates": [ 79.9118124, 6.7943539 ] } },
{ "type": "Feature", "properties": { "osm_id": "3780540336", "code": 2082, "fclass": "school", "name": "Newmans College" }, "geometry": { "type": "Point", "coordinates": [ 79.870589, 6.963733 ] } },
{ "type": "Feature", "properties": { "osm_id": "2339466212", "code": 2082, "fclass": "school", "name": "Agamethi Balika Vidyalaya" }, "geometry": { "type": "Point", "coordinates": [ 79.9067317, 6.708683 ] } },
{ "type": "Feature", "properties": { "osm_id": "3780541959", "code": 2082, "fclass": "school", "name": "A.E.Gunasinghe Vidyalaya" }, "geometry": { "type": "Point", "coordinates": [ 79.857811, 6.93763 ] } },
{ "type": "Feature", "properties": { "osm_id": "3780541975", "code": 2082, "fclass": "school", "name": "Badhrawathy Maha Vidyalaya" }, "geometry": { "type": "Point", "coordinates": [ 79.876571, 6.886142 ] } },
{ "type": "Feature", "properties": { "osm_id": "3780541976", "code": 2082, "fclass": "school", "name": "Balika Vidyalaya" }, "geometry": { "type": "Point", "coordinates": [ 79.863771, 6.954265 ] } },
{ "type": "Feature", "properties": { "osm_id": "3780541972", "code": 2082, "fclass": "school", "name": "Arethusa College" }, "geometry": { "type": "Point", "coordinates": [ 79.86839, 6.874496 ] } },
{ "type": "Feature", "properties": { "osm_id": "3780541973", "code": 2082, "fclass": "school", "name": "Asian International School" }, "geometry": { "type": "Point", "coordinates": [ 79.870943, 6.915808 ] } },
{ "type": "Feature", "properties": { "osm_id": "3780541969", "code": 2082, "fclass": "school", "name": "Anula Primary School" }, "geometry": { "type": "Point", "coordinates": [ 79.887348, 6.872463 ] } },
{ "type": "Feature", "properties": { "osm_id": "3780541970", "code": 2082, "fclass": "school", "name": "Anula Vidyalaya" }, "geometry": { "type": "Point", "coordinates": [ 79.8847817, 6.8718614 ] } },
{ "type": "Feature", "properties": { "osm_id": "1378571809", "code": 2082, "fclass": "school", "name": "Alethea International School" }, "geometry": { "type": "Point", "coordinates": [ 79.8658406, 6.8584502 ] } },
{ "type": "Feature", "properties": { "osm_id": "3780541966", "code": 2082, "fclass": "school", "name": "Ananda Balika Vidyalaya" }, "geometry": { "type": "Point", "coordinates": [ 79.869785, 6.926799 ] } },
{ "type": "Feature", "properties": { "osm_id": "6873033873", "code": 2082, "fclass": "school", "name": "Pagoda Montessori School" }, "geometry": { "type": "Point", "coordinates": [ 79.8967666, 6.8815887 ] } },
{ "type": "Feature", "properties": { "osm_id": "3780541968", "code": 2082, "fclass": "school", "name": "Ananda Maha Vidyalaya" }, "geometry": { "type": "Point", "coordinates": [ 79.888405, 6.89317 ] } },
{ "type": "Feature", "properties": { "osm_id": "6897167576", "code": 2082, "fclass": "school", "name": "Newgen Montessori" }, "geometry": { "type": "Point", "coordinates": [ 79.951592, 6.8758317 ] } },
{ "type": "Feature", "properties": { "osm_id": "2310800510", "code": 2082, "fclass": "school", "name": "Sngamitta Girls School" }, "geometry": { "type": "Point", "coordinates": [ 80.0029564, 6.4320161 ] } },
{ "type": "Feature", "properties": { "osm_id": "3780539886", "code": 2082, "fclass": "school", "name": "Totawatta Methodist College" }, "geometry": { "type": "Point", "coordinates": [ 79.8781937, 6.9675868 ] } },
{ "type": "Feature", "properties": { "osm_id": "3780540335", "code": 2082, "fclass": "school", "name": "Mutuwal Hindu College" }, "geometry": { "type": "Point", "coordinates": [ 79.8651151, 6.9638521 ] } },
{ "type": "Feature", "properties": { "osm_id": "4590075189", "code": 2082, "fclass": "school", "name": null }, "geometry": { "type": "Point", "coordinates": [ 79.8660787, 6.9096502 ] } },
{ "type": "Feature", "properties": { "osm_id": "3780539884", "code": 2082, "fclass": "school", "name": "St. John's Maha Vidyalaya" }, "geometry": { "type": "Point", "coordinates": [ 79.874806, 6.971356 ] } },
{ "type": "Feature", "properties": { "osm_id": "3780539885", "code": 2082, "fclass": "school", "name": "St. Marys College" }, "geometry": { "type": "Point", "coordinates": [ 79.877955, 6.970149 ] } },
{ "type": "Feature", "properties": { "osm_id": "6834037015", "code": 2082, "fclass": "school", "name": null }, "geometry": { "type": "Point", "coordinates": [ 80.0591294, 6.8334818 ] } },
{ "type": "Feature", "properties": { "osm_id": "3780539883", "code": 2082, "fclass": "school", "name": "Ananda madya Maha Vidyalaya" }, "geometry": { "type": "Point", "coordinates": [ 79.872006, 6.965729 ] } },
{ "type": "Feature", "properties": { "osm_id": "4585262792", "code": 2082, "fclass": "school", "name": null }, "geometry": { "type": "Point", "coordinates": [ 79.8933965, 6.8199855 ] } },
{ "type": "Feature", "properties": { "osm_id": "1370722155", "code": 2082, "fclass": "school", "name": "Bandaranayake Primary School" }, "geometry": { "type": "Point", "coordinates": [ 79.9234694, 7.0203044 ] } },
{ "type": "Feature", "properties": { "osm_id": "1370719548", "code": 2082, "fclass": "school", "name": "Peralanda Junior School" }, "geometry": { "type": "Point", "coordinates": [ 79.9086583, 7.0404347 ] } },
{ "type": "Feature", "properties": { "osm_id": "5809940053", "code": 2082, "fclass": "school", "name": null }, "geometry": { "type": "Point", "coordinates": [ 79.9176332, 6.7095453 ] } },
{ "type": "Feature", "properties": { "osm_id": "1370719535", "code": 2082, "fclass": "school", "name": "St. Joseph's Deaf School" }, "geometry": { "type": "Point", "coordinates": [ 79.9185234, 7.0297387 ] } },
{ "type": "Feature", "properties": { "osm_id": "1376569757", "code": 2082, "fclass": "school", "name": "St Nicholas International School" }, "geometry": { "type": "Point", "coordinates": [ 79.8709059, 6.9158241 ] } },
{ "type": "Feature", "properties": { "osm_id": "1376567688", "code": 2082, "fclass": "school", "name": "Gateway International School" }, "geometry": { "type": "Point", "coordinates": [ 79.8608637, 6.8918433 ] } },
{ "type": "Feature", "properties": { "osm_id": "1369195823", "code": 2082, "fclass": "school", "name": "Amal International School" }, "geometry": { "type": "Point", "coordinates": [ 79.8693635, 6.8842085 ] } },
{ "type": "Feature", "properties": { "osm_id": "1369195834", "code": 2082, "fclass": "school", "name": "Ilma International Girls School" }, "geometry": { "type": "Point", "coordinates": [ 79.8735164, 6.8864053 ] } },
{ "type": "Feature", "properties": { "osm_id": "2196976233", "code": 2082, "fclass": "school", "name": "Al Hilal College" }, "geometry": { "type": "Point", "coordinates": [ 79.8490815, 7.2200827 ] } },
{ "type": "Feature", "properties": { "osm_id": "2195313352", "code": 2082, "fclass": "school", "name": "Kochchikade School" }, "geometry": { "type": "Point", "coordinates": [ 79.8553525, 7.2633688 ] } },
{ "type": "Feature", "properties": { "osm_id": "2196922080", "code": 2082, "fclass": "school", "name": "Al Falah Vidyalaya" }, "geometry": { "type": "Point", "coordinates": [ 79.8462867, 7.2590372 ] } },
{ "type": "Feature", "properties": { "osm_id": "3752537139", "code": 2082, "fclass": "school", "name": "Primary School Pitumpe" }, "geometry": { "type": "Point", "coordinates": [ 80.0972341, 6.856003 ] } },
{ "type": "Feature", "properties": { "osm_id": "3742747889", "code": 2082, "fclass": "school", "name": "Lyceum International School Primary" }, "geometry": { "type": "Point", "coordinates": [ 79.910586, 6.7319454 ] } },
{ "type": "Feature", "properties": { "osm_id": "1292891941", "code": 2082, "fclass": "school", "name": "Batuwatta Maha Vidyalaya" }, "geometry": { "type": "Point", "coordinates": [ 79.9298682, 7.0579226 ] } },
{ "type": "Feature", "properties": { "osm_id": "1292892199", "code": 2082, "fclass": "school", "name": "Ganemulla Central College" }, "geometry": { "type": "Point", "coordinates": [ 79.9533024, 7.0695924 ] } },
{ "type": "Feature", "properties": { "osm_id": "1285552379", "code": 2082, "fclass": "school", "name": "Niwandama Jinaraja Vidyalaya" }, "geometry": { "type": "Point", "coordinates": [ 79.9293211, 7.0854319 ] } },
{ "type": "Feature", "properties": { "osm_id": "1275847253", "code": 2082, "fclass": "school", "name": "Vidyaraja Vidyalaya" }, "geometry": { "type": "Point", "coordinates": [ 79.894563, 6.7921714 ] } },
{ "type": "Feature", "properties": { "osm_id": "1272998531", "code": 2082, "fclass": "school", "name": "Ananda Samarakoon Vidyalaya" }, "geometry": { "type": "Point", "coordinates": [ 79.908994, 6.8069133 ] } },
{ "type": "Feature", "properties": { "osm_id": "1278886869", "code": 2082, "fclass": "school", "name": "St. Fransiscan Convent" }, "geometry": { "type": "Point", "coordinates": [ 79.846306, 7.2060809 ] } },
{ "type": "Feature", "properties": { "osm_id": "4557132091", "code": 2082, "fclass": "school", "name": null }, "geometry": { "type": "Point", "coordinates": [ 79.9166753, 6.8032837 ] } },
{ "type": "Feature", "properties": { "osm_id": "1278877445", "code": 2082, "fclass": "school", "name": "Don Bosco Technical Centre" }, "geometry": { "type": "Point", "coordinates": [ 79.8455604, 7.2307001 ] } },
{ "type": "Feature", "properties": { "osm_id": "1278880064", "code": 2082, "fclass": "school", "name": "St. Franciscan Convent" }, "geometry": { "type": "Point", "coordinates": [ 79.8460378, 7.2255007 ] } },
{ "type": "Feature", "properties": { "osm_id": "1278007306", "code": 2082, "fclass": "school", "name": null }, "geometry": { "type": "Point", "coordinates": [ 79.8809938, 6.7821556 ] } },
{ "type": "Feature", "properties": { "osm_id": "5691625959", "code": 2082, "fclass": "school", "name": "Muruthana School" }, "geometry": { "type": "Point", "coordinates": [ 79.8737926, 7.275912 ] } },
{ "type": "Feature", "properties": { "osm_id": "1269994556", "code": 2082, "fclass": "school", "name": "St. Jude's College Kurana" }, "geometry": { "type": "Point", "coordinates": [ 79.8534627, 7.195098 ] } },
{ "type": "Feature", "properties": { "osm_id": "2142237458", "code": 2082, "fclass": "school", "name": "Katunayake Maha Vidyalaya" }, "geometry": { "type": "Point", "coordinates": [ 79.867047, 7.1767871 ] } },
{ "type": "Feature", "properties": { "osm_id": "1269983089", "code": 2082, "fclass": "school", "name": "Kapungoda Secondary School" }, "geometry": { "type": "Point", "coordinates": [ 79.8408707, 7.1177283 ] } },
{ "type": "Feature", "properties": { "osm_id": "4553215190", "code": 2082, "fclass": "school", "name": null }, "geometry": { "type": "Point", "coordinates": [ 80.0059226, 6.846844 ] } },
{ "type": "Feature", "properties": { "osm_id": "1269985601", "code": 2082, "fclass": "school", "name": "Gonzalves College Pamunugama" }, "geometry": { "type": "Point", "coordinates": [ 79.8507037, 7.089941 ] } },
{ "type": "Feature", "properties": { "osm_id": "4550744390", "code": 2082, "fclass": "school", "name": null }, "geometry": { "type": "Point", "coordinates": [ 79.997046, 6.8894303 ] } },
{ "type": "Feature", "properties": { "osm_id": "1272975443", "code": 2082, "fclass": "school", "name": "Neelammahara school" }, "geometry": { "type": "Point", "coordinates": [ 79.9201573, 6.8286454 ] } },
{ "type": "Feature", "properties": { "osm_id": "1270008385", "code": 2082, "fclass": "school", "name": "Seeduwa Davi Samara Maha Vidyalaya" }, "geometry": { "type": "Point", "coordinates": [ 79.8779066, 7.1315468 ] } },
{ "type": "Feature", "properties": { "osm_id": "1270008382", "code": 2082, "fclass": "school", "name": "Bandaranayake Vidyalaya" }, "geometry": { "type": "Point", "coordinates": [ 79.8751278, 7.1368005 ] } },
{ "type": "Feature", "properties": { "osm_id": "1270003616", "code": 2082, "fclass": "school", "name": "St. Annes College" }, "geometry": { "type": "Point", "coordinates": [ 79.8623391, 7.18679 ] } },
{ "type": "Feature", "properties": { "osm_id": "3737960856", "code": 2082, "fclass": "school", "name": "Sudarshi Pre School - Gongithota" }, "geometry": { "type": "Point", "coordinates": [ 79.9077104, 7.0022163 ] } },
{ "type": "Feature", "properties": { "osm_id": "1268347730", "code": 2082, "fclass": "school", "name": "St. Sebastian College" }, "geometry": { "type": "Point", "coordinates": [ 79.8402398, 7.2178705 ] } },
{ "type": "Feature", "properties": { "osm_id": "1268347716", "code": 2082, "fclass": "school", "name": "Wijaratnam Maha Vidyalaya" }, "geometry": { "type": "Point", "coordinates": [ 79.8388343, 7.2145497 ] } },
{ "type": "Feature", "properties": { "osm_id": "1268352837", "code": 2082, "fclass": "school", "name": "Loyola College" }, "geometry": { "type": "Point", "coordinates": [ 79.8532013, 7.2538969 ] } },
{ "type": "Feature", "properties": { "osm_id": "2101145763", "code": 2082, "fclass": "school", "name": "Sapugaskanda Sobhitha Vidyalaya" }, "geometry": { "type": "Point", "coordinates": [ 79.9526309, 6.9743213 ] } },
{ "type": "Feature", "properties": { "osm_id": "3736797732", "code": 2082, "fclass": "school", "name": "Dharmasena Atigala Balika Vidyalaya" }, "geometry": { "type": "Point", "coordinates": [ 79.944378, 6.793973 ] } },
{ "type": "Feature", "properties": { "osm_id": "2101207636", "code": 2082, "fclass": "school", "name": "Yoshida International School" }, "geometry": { "type": "Point", "coordinates": [ 79.9588281, 6.9690987 ] } },
{ "type": "Feature", "properties": { "osm_id": "4524976695", "code": 2082, "fclass": "school", "name": null }, "geometry": { "type": "Point", "coordinates": [ 79.9920707, 6.7104133 ] } },
{ "type": "Feature", "properties": { "osm_id": "1268340449", "code": 2082, "fclass": "school", "name": "Harischandra College" }, "geometry": { "type": "Point", "coordinates": [ 79.8532359, 7.2098261 ] } },
{ "type": "Feature", "properties": { "osm_id": "1268340433", "code": 2082, "fclass": "school", "name": "Croos Convent" }, "geometry": { "type": "Point", "coordinates": [ 79.8437409, 7.2113057 ] } },
{ "type": "Feature", "properties": { "osm_id": "6708412338", "code": 2082, "fclass": "school", "name": "Dolahena Primary School" }, "geometry": { "type": "Point", "coordinates": [ 80.025736, 6.8123795 ] } },
{ "type": "Feature", "properties": { "osm_id": "1268340441", "code": 2082, "fclass": "school", "name": "Maris Stella College" }, "geometry": { "type": "Point", "coordinates": [ 79.8478501, 7.2132854 ] } },
{ "type": "Feature", "properties": { "osm_id": "2097612128", "code": 2082, "fclass": "school", "name": "Ballapitiya Kanishta Vidyalaya" }, "geometry": { "type": "Point", "coordinates": [ 80.0750674, 6.6898143 ] } },
{ "type": "Feature", "properties": { "osm_id": "4522452792", "code": 2082, "fclass": "school", "name": null }, "geometry": { "type": "Point", "coordinates": [ 79.8438433, 7.2364775 ] } },
{ "type": "Feature", "properties": { "osm_id": "2099315134", "code": 2082, "fclass": "school", "name": "President's College (Primary Section)" }, "geometry": { "type": "Point", "coordinates": [ 79.909678, 6.856095 ] } },
{ "type": "Feature", "properties": { "osm_id": "9370086412", "code": 2082, "fclass": "school", "name": null }, "geometry": { "type": "Point", "coordinates": [ 80.0207184, 6.772774 ] } },
{ "type": "Feature", "properties": { "osm_id": "5606158822", "code": 2082, "fclass": "school", "name": null }, "geometry": { "type": "Point", "coordinates": [ 79.8682149, 6.8431388 ] } },
{ "type": "Feature", "properties": { "osm_id": "1252418793", "code": 2082, "fclass": "school", "name": "Kothalawalapura Vidyalaya" }, "geometry": { "type": "Point", "coordinates": [ 79.8738873, 6.8143086 ] } },
{ "type": "Feature", "properties": { "osm_id": "1252439008", "code": 2082, "fclass": "school", "name": "Lalith Athulathmudali Vocational Training Centre" }, "geometry": { "type": "Point", "coordinates": [ 79.8774709, 6.8143601 ] } },
{ "type": "Feature", "properties": { "osm_id": "4514668347", "code": 2082, "fclass": "school", "name": "Karunaratne Buddhist School" }, "geometry": { "type": "Point", "coordinates": [ 79.898526, 7.0151681 ] } },
{ "type": "Feature", "properties": { "osm_id": "2094344666", "code": 2082, "fclass": "school", "name": "Gareway Int. School" }, "geometry": { "type": "Point", "coordinates": [ 79.884712, 6.9131523 ] } },
{ "type": "Feature", "properties": { "osm_id": "2094311012", "code": 2082, "fclass": "school", "name": "Ananda College" }, "geometry": { "type": "Point", "coordinates": [ 79.8686836, 6.9246176 ] } },
{ "type": "Feature", "properties": { "osm_id": "3710244140", "code": 2082, "fclass": "school", "name": "Adventist International" }, "geometry": { "type": "Point", "coordinates": [ 79.8594078, 7.2178093 ] } },
{ "type": "Feature", "properties": { "osm_id": "6631008172", "code": 2082, "fclass": "school", "name": "Gateway Kids School" }, "geometry": { "type": "Point", "coordinates": [ 79.8907619, 6.8766726 ] } },
{ "type": "Feature", "properties": { "osm_id": "4491760577", "code": 2082, "fclass": "school", "name": "Thanthirimulla Vidyalaya" }, "geometry": { "type": "Point", "coordinates": [ 79.9254221, 6.7287077 ] } },
{ "type": "Feature", "properties": { "osm_id": "4492166009", "code": 2082, "fclass": "school", "name": "Parakrama Maha Vidyalaya" }, "geometry": { "type": "Point", "coordinates": [ 79.9341017, 6.715643 ] } },
{ "type": "Feature", "properties": { "osm_id": "6631008164", "code": 2082, "fclass": "school", "name": "London English College" }, "geometry": { "type": "Point", "coordinates": [ 79.8917673, 6.8769984 ] } },
{ "type": "Feature", "properties": { "osm_id": "2094306182", "code": 2082, "fclass": "school", "name": "Sangamitta Balika Vidyalaya" }, "geometry": { "type": "Point", "coordinates": [ 79.8691938, 6.9203103 ] } },
{ "type": "Feature", "properties": { "osm_id": "2093133903", "code": 2082, "fclass": "school", "name": "Sri Chandrarathna Manawasinghe Vidyalaya" }, "geometry": { "type": "Point", "coordinates": [ 79.9161897, 6.8406688 ] } },
{ "type": "Feature", "properties": { "osm_id": "4485345490", "code": 2082, "fclass": "school", "name": null }, "geometry": { "type": "Point", "coordinates": [ 80.2127255, 6.39735 ] } },
{ "type": "Feature", "properties": { "osm_id": "2091753196", "code": 2082, "fclass": "school", "name": "Sujatha Vidyalaya Nugegoda" }, "geometry": { "type": "Point", "coordinates": [ 79.8970866, 6.8650441 ] } },
{ "type": "Feature", "properties": { "osm_id": "4491745873", "code": 2082, "fclass": "school", "name": "Mahanama Vidyalaya" }, "geometry": { "type": "Point", "coordinates": [ 79.9030856, 6.7279846 ] } },
{ "type": "Feature", "properties": { "osm_id": "5488611321", "code": 2082, "fclass": "school", "name": null }, "geometry": { "type": "Point", "coordinates": [ 79.907954, 6.9281906 ] } },
{ "type": "Feature", "properties": { "osm_id": "6631008123", "code": 2082, "fclass": "school", "name": "Vajira Sri Children Rehabitation Home" }, "geometry": { "type": "Point", "coordinates": [ 79.895215, 6.8852879 ] } },
{ "type": "Feature", "properties": { "osm_id": "6631008124", "code": 2082, "fclass": "school", "name": "Samarakone Walauwa, Samarakone Gardens" }, "geometry": { "type": "Point", "coordinates": [ 79.8959606, 6.8844213 ] } },
{ "type": "Feature", "properties": { "osm_id": "6631008094", "code": 2082, "fclass": "school", "name": "Royal Way Minco College & Academy" }, "geometry": { "type": "Point", "coordinates": [ 79.900104, 6.8840543 ] } },
{ "type": "Feature", "properties": { "osm_id": "4481087522", "code": 2082, "fclass": "school", "name": "Basilica College Ragama" }, "geometry": { "type": "Point", "coordinates": [ 79.9268192, 7.0234916 ] } },
{ "type": "Feature", "properties": { "osm_id": "5461718923", "code": 2082, "fclass": "school", "name": null }, "geometry": { "type": "Point", "coordinates": [ 79.8861461, 6.8603888 ] } },
{ "type": "Feature", "properties": { "osm_id": "2090546858", "code": 2082, "fclass": "school", "name": "Ashoka College" }, "geometry": { "type": "Point", "coordinates": [ 80.056492, 6.7208825 ] } },
{ "type": "Feature", "properties": { "osm_id": "938711212", "code": 2082, "fclass": "school", "name": "Carmel Convent" }, "geometry": { "type": "Point", "coordinates": [ 79.8778552, 6.9748682 ] } },
{ "type": "Feature", "properties": { "osm_id": "5461670222", "code": 2082, "fclass": "school", "name": null }, "geometry": { "type": "Point", "coordinates": [ 79.8710484, 6.8915657 ] } },
{ "type": "Feature", "properties": { "osm_id": "3667168812", "code": 2082, "fclass": "school", "name": "De La Salle College" }, "geometry": { "type": "Point", "coordinates": [ 79.862655, 6.9623332 ] } },
{ "type": "Feature", "properties": { "osm_id": "973582530", "code": 2082, "fclass": "school", "name": "Thalangama Maha Vidyalaya" }, "geometry": { "type": "Point", "coordinates": [ 79.9467156, 6.9136763 ] } },
{ "type": "Feature", "properties": { "osm_id": "6626986858", "code": 2082, "fclass": "school", "name": "Sri Jayawardhanapura Maha Vidyalaya" }, "geometry": { "type": "Point", "coordinates": [ 79.9001844, 6.8929616 ] } },
{ "type": "Feature", "properties": { "osm_id": "6626986857", "code": 2082, "fclass": "school", "name": "Christian Missionary College" }, "geometry": { "type": "Point", "coordinates": [ 79.900367, 6.8932307 ] } },
{ "type": "Feature", "properties": { "osm_id": "2064203711", "code": 2082, "fclass": "school", "name": "Ave Maria Convent" }, "geometry": { "type": "Point", "coordinates": [ 79.8416304, 7.2132972 ] } },
{ "type": "Feature", "properties": { "osm_id": "3593176175", "code": 2082, "fclass": "school", "name": "Lankasaba Primary School" }, "geometry": { "type": "Point", "coordinates": [ 79.9233938, 6.9041507 ] } },
{ "type": "Feature", "properties": { "osm_id": "8932820222", "code": 2082, "fclass": "school", "name": null }, "geometry": { "type": "Point", "coordinates": [ 80.1978924, 6.7043282 ] } },
{ "type": "Feature", "properties": { "osm_id": "3570803698", "code": 2082, "fclass": "school", "name": "Christ King College" }, "geometry": { "type": "Point", "coordinates": [ 79.8925024, 7.0911518 ] } },
{ "type": "Feature", "properties": { "osm_id": "847630668", "code": 2082, "fclass": "school", "name": "Sathara Institute" }, "geometry": { "type": "Point", "coordinates": [ 79.9302225, 6.8448237 ] } },
{ "type": "Feature", "properties": { "osm_id": "864953531", "code": 2082, "fclass": "school", "name": "Mahamathya Vidyalaya" }, "geometry": { "type": "Point", "coordinates": [ 79.9933818, 6.874376 ] } },
{ "type": "Feature", "properties": { "osm_id": "11449379402", "code": 2082, "fclass": "school", "name": null }, "geometry": { "type": "Point", "coordinates": [ 79.8907831, 6.9425341 ] } },
{ "type": "Feature", "properties": { "osm_id": "11407662458", "code": 2082, "fclass": "school", "name": null }, "geometry": { "type": "Point", "coordinates": [ 80.0119443, 6.4441064 ] } },
{ "type": "Feature", "properties": { "osm_id": "11264691003", "code": 2082, "fclass": "school", "name": "Boralugoda Sri Sidhdhartha Vidyalaya" }, "geometry": { "type": "Point", "coordinates": [ 80.1238067, 6.9234316 ] } },
{ "type": "Feature", "properties": { "osm_id": "8932804781", "code": 2082, "fclass": "school", "name": null }, "geometry": { "type": "Point", "coordinates": [ 80.1830867, 6.7344629 ] } },
{ "type": "Feature", "properties": { "osm_id": "3537669662", "code": 2082, "fclass": "school", "name": "Pitiyegedara Primary School" }, "geometry": { "type": "Point", "coordinates": [ 80.02603, 7.1228247 ] } },
{ "type": "Feature", "properties": { "osm_id": "766428147", "code": 2082, "fclass": "school", "name": "Sri Lanka Institute of Chartered Accountants" }, "geometry": { "type": "Point", "coordinates": [ 79.8711525, 6.901712 ] } },
{ "type": "Feature", "properties": { "osm_id": "6626986800", "code": 2082, "fclass": "school", "name": "Nippon Computer Academy" }, "geometry": { "type": "Point", "coordinates": [ 79.9100076, 6.8975321 ] } },
{ "type": "Feature", "properties": { "osm_id": "696486176", "code": 2082, "fclass": "school", "name": "Gamini Vidyalaya" }, "geometry": { "type": "Point", "coordinates": [ 79.8905296, 6.9534804 ] } },
{ "type": "Feature", "properties": { "osm_id": "8817744525", "code": 2082, "fclass": "school", "name": "Leeds International School" }, "geometry": { "type": "Point", "coordinates": [ 79.9174865, 6.6868602 ] } },
{ "type": "Feature", "properties": { "osm_id": "696497073", "code": 2082, "fclass": "school", "name": "Waragoda Junior school" }, "geometry": { "type": "Point", "coordinates": [ 79.8853368, 6.9485708 ] } },
{ "type": "Feature", "properties": { "osm_id": "843529928", "code": 2082, "fclass": "school", "name": "Sri Sunandarama Pirivena" }, "geometry": { "type": "Point", "coordinates": [ 79.9931216, 7.0908254 ] } },
{ "type": "Feature", "properties": { "osm_id": "6626986799", "code": 2082, "fclass": "school", "name": "Mahindarama Dhamma School" }, "geometry": { "type": "Point", "coordinates": [ 79.9094356, 6.8971981 ] } },
{ "type": "Feature", "properties": { "osm_id": "11336710611", "code": 2082, "fclass": "school", "name": null }, "geometry": { "type": "Point", "coordinates": [ 80.0119335, 6.4440557 ] } },
{ "type": "Feature", "properties": { "osm_id": "3537669663", "code": 2082, "fclass": "school", "name": "Pitiyegedara Secondary School" }, "geometry": { "type": "Point", "coordinates": [ 80.0248431, 7.1197059 ] } },
{ "type": "Feature", "properties": { "osm_id": "683789963", "code": 2082, "fclass": "school", "name": "ColHenry Olcat Vidyalaya" }, "geometry": { "type": "Point", "coordinates": [ 79.895989, 6.9258036 ] } },
{ "type": "Feature", "properties": { "osm_id": "4449406698", "code": 2082, "fclass": "school", "name": "Oxford College of Business" }, "geometry": { "type": "Point", "coordinates": [ 79.8595855, 6.8996204 ] } },
{ "type": "Feature", "properties": { "osm_id": "683786322", "code": 2082, "fclass": "school", "name": "Vidyakeerthi Vidyalaya" }, "geometry": { "type": "Point", "coordinates": [ 79.8921374, 6.91625 ] } },
{ "type": "Feature", "properties": { "osm_id": "6615789530", "code": 2082, "fclass": "school", "name": "Sri Dharmakeerthi Dhamma School" }, "geometry": { "type": "Point", "coordinates": [ 79.9074719, 6.802355 ] } },
{ "type": "Feature", "properties": { "osm_id": "683787576", "code": 2082, "fclass": "school", "name": "Sri Parakumbha Vidyalaya" }, "geometry": { "type": "Point", "coordinates": [ 79.8903242, 6.9143967 ] } },
{ "type": "Feature", "properties": { "osm_id": "683783950", "code": 2082, "fclass": "school", "name": "Holy Family Convent Rajagiriya" }, "geometry": { "type": "Point", "coordinates": [ 79.8948303, 6.9112867 ] } },
{ "type": "Feature", "properties": { "osm_id": "4447444489", "code": 2082, "fclass": "school", "name": "Gateway Achievers" }, "geometry": { "type": "Point", "coordinates": [ 79.875341, 6.8887532 ] } },
{ "type": "Feature", "properties": { "osm_id": "695007928", "code": 2082, "fclass": "school", "name": null }, "geometry": { "type": "Point", "coordinates": [ 79.8969782, 6.7896157 ] } },
{ "type": "Feature", "properties": { "osm_id": "11239790482", "code": 2082, "fclass": "school", "name": null }, "geometry": { "type": "Point", "coordinates": [ 79.9233314, 6.6993219 ] } },
{ "type": "Feature", "properties": { "osm_id": "11232745339", "code": 2082, "fclass": "school", "name": null }, "geometry": { "type": "Point", "coordinates": [ 79.9106859, 6.8731857 ] } },
{ "type": "Feature", "properties": { "osm_id": "694999104", "code": 2082, "fclass": "school", "name": "Prince of Wales' College" }, "geometry": { "type": "Point", "coordinates": [ 79.8839469, 6.7852223 ] } },
{ "type": "Feature", "properties": { "osm_id": "4437128289", "code": 2082, "fclass": "school", "name": null }, "geometry": { "type": "Point", "coordinates": [ 79.9097288, 6.9969779 ] } },
{ "type": "Feature", "properties": { "osm_id": "4435651996", "code": 2082, "fclass": "school", "name": null }, "geometry": { "type": "Point", "coordinates": [ 80.09314, 7.145084 ] } },
{ "type": "Feature", "properties": { "osm_id": "682652654", "code": 2082, "fclass": "school", "name": "St. Anne's Convent" }, "geometry": { "type": "Point", "coordinates": [ 79.8580769, 6.9442744 ] } },
{ "type": "Feature", "properties": { "osm_id": "3510759544", "code": 2082, "fclass": "school", "name": "Extra-Lesson Classes" }, "geometry": { "type": "Point", "coordinates": [ 79.9716086, 6.9155277 ] } },
{ "type": "Feature", "properties": { "osm_id": "682652558", "code": 2082, "fclass": "school", "name": "Kotahena Central College" }, "geometry": { "type": "Point", "coordinates": [ 79.8623362, 6.9414628 ] } },
{ "type": "Feature", "properties": { "osm_id": "682652547", "code": 2082, "fclass": "school", "name": "Vivekananda College" }, "geometry": { "type": "Point", "coordinates": [ 79.8594823, 6.9431455 ] } },
{ "type": "Feature", "properties": { "osm_id": "682652552", "code": 2082, "fclass": "school", "name": "Wolfendhal Girls School" }, "geometry": { "type": "Point", "coordinates": [ 79.8597076, 6.9419846 ] } },
{ "type": "Feature", "properties": { "osm_id": "4439983688", "code": 2082, "fclass": "school", "name": "Kadawatha Buddhist Primary School" }, "geometry": { "type": "Point", "coordinates": [ 79.9584128, 7.0023905 ] } },
{ "type": "Feature", "properties": { "osm_id": "682601036", "code": 2082, "fclass": "school", "name": "Hameed Al Hussaini College" }, "geometry": { "type": "Point", "coordinates": [ 79.8598042, 6.9408877 ] } },
{ "type": "Feature", "properties": { "osm_id": "5346934744", "code": 2082, "fclass": "school", "name": "Pannila Maha Vidyalaya" }, "geometry": { "type": "Point", "coordinates": [ 80.112811, 6.4362936 ] } },
{ "type": "Feature", "properties": { "osm_id": "2034206149", "code": 2082, "fclass": "school", "name": "Vidyawardana Maha Vidyalaya" }, "geometry": { "type": "Point", "coordinates": [ 79.8790579, 6.8940815 ] } },
{ "type": "Feature", "properties": { "osm_id": "5346933749", "code": 2082, "fclass": "school", "name": "Pannila Primary School" }, "geometry": { "type": "Point", "coordinates": [ 80.1132818, 6.4354284 ] } },
{ "type": "Feature", "properties": { "osm_id": "2030086450", "code": 2082, "fclass": "school", "name": "Radawana Mahagamasekera Maha Vidyalaya" }, "geometry": { "type": "Point", "coordinates": [ 80.0929535, 7.0339888 ] } },
{ "type": "Feature", "properties": { "osm_id": "682652657", "code": 2082, "fclass": "school", "name": "St.Marry's College" }, "geometry": { "type": "Point", "coordinates": [ 79.8583558, 6.9437845 ] } },
{ "type": "Feature", "properties": { "osm_id": "681802907", "code": 2082, "fclass": "school", "name": "Nurses Training Institute" }, "geometry": { "type": "Point", "coordinates": [ 79.8819761, 6.8894197 ] } },
{ "type": "Feature", "properties": { "osm_id": "681782141", "code": 2082, "fclass": "school", "name": "Yasodara Balika vidyalaya" }, "geometry": { "type": "Point", "coordinates": [ 79.872584, 6.9169021 ] } },
{ "type": "Feature", "properties": { "osm_id": "8716785996", "code": 2082, "fclass": "school", "name": null }, "geometry": { "type": "Point", "coordinates": [ 80.057271, 6.9733776 ] } },
{ "type": "Feature", "properties": { "osm_id": "2034260174", "code": 2082, "fclass": "school", "name": "Sri Rahula Vidyalaya" }, "geometry": { "type": "Point", "coordinates": [ 79.8886441, 6.9377124 ] } },
{ "type": "Feature", "properties": { "osm_id": "681802844", "code": 2082, "fclass": "school", "name": "Stafford College" }, "geometry": { "type": "Point", "coordinates": [ 79.8669875, 6.9231206 ] } },
{ "type": "Feature", "properties": { "osm_id": "681782121", "code": 2082, "fclass": "school", "name": "Aquinas College" }, "geometry": { "type": "Point", "coordinates": [ 79.8743972, 6.9176583 ] } },
{ "type": "Feature", "properties": { "osm_id": "2034242941", "code": 2082, "fclass": "school", "name": "Tamil School" }, "geometry": { "type": "Point", "coordinates": [ 79.8808764, 6.9289525 ] } },
{ "type": "Feature", "properties": { "osm_id": "681782132", "code": 2082, "fclass": "school", "name": "Carey College" }, "geometry": { "type": "Point", "coordinates": [ 79.871217, 6.9183324 ] } },
{ "type": "Feature", "properties": { "osm_id": "681588250", "code": 2082, "fclass": "school", "name": "St. Joseph's Pre School" }, "geometry": { "type": "Point", "coordinates": [ 79.8629591, 6.9632624 ] } },
{ "type": "Feature", "properties": { "osm_id": "681711557", "code": 2082, "fclass": "school", "name": "Sangamitta balika Vidyalaya" }, "geometry": { "type": "Point", "coordinates": [ 79.8731312, 6.9212156 ] } },
{ "type": "Feature", "properties": { "osm_id": "682080543", "code": 2082, "fclass": "school", "name": "Anuruddha Balika Vidyalaya" }, "geometry": { "type": "Point", "coordinates": [ 79.8784098, 6.9295763 ] } },
{ "type": "Feature", "properties": { "osm_id": "681977644", "code": 2082, "fclass": "school", "name": "Clifton Balika vidyalaya" }, "geometry": { "type": "Point", "coordinates": [ 79.868389, 6.9272438 ] } },
{ "type": "Feature", "properties": { "osm_id": "681977660", "code": 2082, "fclass": "school", "name": "Vidyadaya Pirivena" }, "geometry": { "type": "Point", "coordinates": [ 79.8694405, 6.9273503 ] } },
{ "type": "Feature", "properties": { "osm_id": "681871529", "code": 2082, "fclass": "school", "name": "Ananda Balika Viidyalaya Maradana" }, "geometry": { "type": "Point", "coordinates": [ 79.869655, 6.9269456 ] } },
{ "type": "Feature", "properties": { "osm_id": "681816262", "code": 2082, "fclass": "school", "name": "Maligakanda Maha Vidyalaya" }, "geometry": { "type": "Point", "coordinates": [ 79.8729488, 6.9266367 ] } },
{ "type": "Feature", "properties": { "osm_id": "681871474", "code": 2082, "fclass": "school", "name": "Alhijra School" }, "geometry": { "type": "Point", "coordinates": [ 79.8749014, 6.9289905 ] } },
{ "type": "Feature", "properties": { "osm_id": "679023681", "code": 2082, "fclass": "school", "name": "Ananda Sastralaya kotte" }, "geometry": { "type": "Point", "coordinates": [ 79.902713, 6.882926 ] } },
{ "type": "Feature", "properties": { "osm_id": "679045166", "code": 2082, "fclass": "school", "name": "Sri Subuthi Vidyalaya" }, "geometry": { "type": "Point", "coordinates": [ 79.9240445, 6.902909 ] } },
{ "type": "Feature", "properties": { "osm_id": "679017350", "code": 2082, "fclass": "school", "name": "Janadhipathi Balika Vidyalaya" }, "geometry": { "type": "Point", "coordinates": [ 79.8933923, 6.8958781 ] } },
{ "type": "Feature", "properties": { "osm_id": "679017352", "code": 2082, "fclass": "school", "name": "Ananda Vidyalaya Nawala" }, "geometry": { "type": "Point", "coordinates": [ 79.8888111, 6.8930981 ] } },
{ "type": "Feature", "properties": { "osm_id": "4431897992", "code": 2082, "fclass": "school", "name": null }, "geometry": { "type": "Point", "coordinates": [ 79.991044, 7.091959 ] } },
{ "type": "Feature", "properties": { "osm_id": "681537053", "code": 2082, "fclass": "school", "name": "Maligawatta Mahavidyalaya" }, "geometry": { "type": "Point", "coordinates": [ 79.8780917, 6.9416932 ] } },
{ "type": "Feature", "properties": { "osm_id": "681217992", "code": 2082, "fclass": "school", "name": "Sri Rewatha College" }, "geometry": { "type": "Point", "coordinates": [ 79.8974008, 6.8681009 ] } },
{ "type": "Feature", "properties": { "osm_id": "675889209", "code": 2082, "fclass": "school", "name": "St. Margerets convent" }, "geometry": { "type": "Point", "coordinates": [ 79.8531046, 6.9145596 ] } },
{ "type": "Feature", "properties": { "osm_id": "675889156", "code": 2082, "fclass": "school", "name": "sasakawa Institute" }, "geometry": { "type": "Point", "coordinates": [ 79.8471159, 6.9156265 ] } },
{ "type": "Feature", "properties": { "osm_id": "678342997", "code": 2082, "fclass": "school", "name": "St.Mary's Vidyalaya" }, "geometry": { "type": "Point", "coordinates": [ 79.8574567, 6.8945644 ] } },
{ "type": "Feature", "properties": { "osm_id": "678372742", "code": 2082, "fclass": "school", "name": "Wellawatta Vidyalaya" }, "geometry": { "type": "Point", "coordinates": [ 79.8682536, 6.8803581 ] } },
{ "type": "Feature", "properties": { "osm_id": "4365169795", "code": 2082, "fclass": "school", "name": null }, "geometry": { "type": "Point", "coordinates": [ 79.8995048, 6.7299698 ] } },
{ "type": "Feature", "properties": { "osm_id": "678323262", "code": 2082, "fclass": "school", "name": "St. Anthony's Balika Vidyalaya" }, "geometry": { "type": "Point", "coordinates": [ 79.8553092, 6.9079768 ] } },
{ "type": "Feature", "properties": { "osm_id": "6615733816", "code": 2082, "fclass": "school", "name": "Sri Jina Darmadana Vidyalaya" }, "geometry": { "type": "Point", "coordinates": [ 79.906119, 6.7530969 ] } },
{ "type": "Feature", "properties": { "osm_id": "5296886959", "code": 2082, "fclass": "school", "name": "Roaman Catholic Primary School - Peliyagoda" }, "geometry": { "type": "Point", "coordinates": [ 79.8976206, 6.9578017 ] } },
{ "type": "Feature", "properties": { "osm_id": "4352150289", "code": 2082, "fclass": "school", "name": "Rathambale Primary School" }, "geometry": { "type": "Point", "coordinates": [ 80.142682, 7.072313 ] } },
{ "type": "Feature", "properties": { "osm_id": "4352150989", "code": 2082, "fclass": "school", "name": "Kirindiwela Central College" }, "geometry": { "type": "Point", "coordinates": [ 80.134647, 7.04734 ] } },
{ "type": "Feature", "properties": { "osm_id": "4352143791", "code": 2082, "fclass": "school", "name": "Henegama Central College" }, "geometry": { "type": "Point", "coordinates": [ 80.0485598, 7.0195777 ] } },
{ "type": "Feature", "properties": { "osm_id": "6615733799", "code": 2082, "fclass": "school", "name": "Sri Thaksala Maha Vidyalaya" }, "geometry": { "type": "Point", "coordinates": [ 79.9027427, 6.7528422 ] } },
{ "type": "Feature", "properties": { "osm_id": "672787155", "code": 2082, "fclass": "school", "name": "Dudley Senanayake College" }, "geometry": { "type": "Point", "coordinates": [ 79.8734409, 6.890663 ] } },
{ "type": "Feature", "properties": { "osm_id": "672773904", "code": 2082, "fclass": "school", "name": "Institute of Architect" }, "geometry": { "type": "Point", "coordinates": [ 79.8711849, 6.9064618 ] } },
{ "type": "Feature", "properties": { "osm_id": "672773905", "code": 2082, "fclass": "school", "name": "Institute of Engineers (IESL)" }, "geometry": { "type": "Point", "coordinates": [ 79.8720539, 6.9068559 ] } },
{ "type": "Feature", "properties": { "osm_id": "674889526", "code": 2082, "fclass": "school", "name": "Lumbini Balika Vidyalaya" }, "geometry": { "type": "Point", "coordinates": [ 79.86423, 6.8764762 ] } },
{ "type": "Feature", "properties": { "osm_id": "674943723", "code": 2082, "fclass": "school", "name": "Mahamaya Balika Vidyalaya" }, "geometry": { "type": "Point", "coordinates": [ 79.8953078, 6.862447 ] } },
{ "type": "Feature", "properties": { "osm_id": "674889508", "code": 2082, "fclass": "school", "name": "St. Lawrence Convent" }, "geometry": { "type": "Point", "coordinates": [ 79.8621808, 6.8756454 ] } },
{ "type": "Feature", "properties": { "osm_id": "4350819691", "code": 2082, "fclass": "school", "name": "Royal Institute" }, "geometry": { "type": "Point", "coordinates": [ 80.0171676, 7.0920885 ] } },
{ "type": "Feature", "properties": { "osm_id": "674889511", "code": 2082, "fclass": "school", "name": "St. Clares Girl School" }, "geometry": { "type": "Point", "coordinates": [ 79.8616, 6.8765387 ] } },
{ "type": "Feature", "properties": { "osm_id": "1969471324", "code": 2082, "fclass": "school", "name": "C.W.W Kannangara Central College" }, "geometry": { "type": "Point", "coordinates": [ 80.1202207, 6.5171939 ] } },
{ "type": "Feature", "properties": { "osm_id": "673953421", "code": 2082, "fclass": "school", "name": "Sumaga Vidyalaya" }, "geometry": { "type": "Point", "coordinates": [ 79.8701386, 6.8484516 ] } },
{ "type": "Feature", "properties": { "osm_id": "4350798402", "code": 2082, "fclass": "school", "name": "Walpola Primary School" }, "geometry": { "type": "Point", "coordinates": [ 80.120633, 7.117606 ] } },
{ "type": "Feature", "properties": { "osm_id": "1969471012", "code": 2082, "fclass": "school", "name": "Adhikaram MahaVidyalaya" }, "geometry": { "type": "Point", "coordinates": [ 80.1192605, 6.5207489 ] } },
{ "type": "Feature", "properties": { "osm_id": "5250108243", "code": 2082, "fclass": "school", "name": "Sri Sangabodhi Maha Vidyalaya" }, "geometry": { "type": "Point", "coordinates": [ 79.8751783, 6.9591667 ] } },
{ "type": "Feature", "properties": { "osm_id": "670306322", "code": 2082, "fclass": "school", "name": "Sri Jayawardanepura Girl School" }, "geometry": { "type": "Point", "coordinates": [ 79.900427, 6.8920362 ] } },
{ "type": "Feature", "properties": { "osm_id": "670258817", "code": 2082, "fclass": "school", "name": "Royal Institute Nugegoda" }, "geometry": { "type": "Point", "coordinates": [ 79.893517, 6.8723063 ] } },
{ "type": "Feature", "properties": { "osm_id": "6615733798", "code": 2082, "fclass": "school", "name": "Mount Hira International School" }, "geometry": { "type": "Point", "coordinates": [ 79.9007978, 6.7526188 ] } },
{ "type": "Feature", "properties": { "osm_id": "4350873092", "code": 2082, "fclass": "school", "name": "Walpola Maha Vidyalaya" }, "geometry": { "type": "Point", "coordinates": [ 80.119493, 7.1172 ] } },
{ "type": "Feature", "properties": { "osm_id": "4350862789", "code": 2082, "fclass": "school", "name": "Susipone higher education center" }, "geometry": { "type": "Point", "coordinates": [ 79.990166, 7.0918954 ] } },
{ "type": "Feature", "properties": { "osm_id": "1924788516", "code": 2082, "fclass": "school", "name": "Darus Salam Vidyalaya" }, "geometry": { "type": "Point", "coordinates": [ 79.8717569, 6.9376166 ] } },
{ "type": "Feature", "properties": { "osm_id": "1924772424", "code": 2082, "fclass": "school", "name": "Vijaya Vidyalaya" }, "geometry": { "type": "Point", "coordinates": [ 79.8867586, 6.9575708 ] } },
{ "type": "Feature", "properties": { "osm_id": "672596265", "code": 2082, "fclass": "school", "name": "Asian International School" }, "geometry": { "type": "Point", "coordinates": [ 79.8729767, 6.884889 ] } },
{ "type": "Feature", "properties": { "osm_id": "6615733787", "code": 2082, "fclass": "school", "name": "Ikra International College" }, "geometry": { "type": "Point", "coordinates": [ 79.8994019, 6.7545378 ] } },
{ "type": "Feature", "properties": { "osm_id": "672197378", "code": 2082, "fclass": "school", "name": "Central College Maharagama" }, "geometry": { "type": "Point", "coordinates": [ 79.9352557, 6.8432797 ] } },
{ "type": "Feature", "properties": { "osm_id": "1924772400", "code": 2082, "fclass": "school", "name": "Gurukula Vidyalaya" }, "geometry": { "type": "Point", "coordinates": [ 79.894427, 6.9588474 ] } },
{ "type": "Feature", "properties": { "osm_id": "672197375", "code": 2082, "fclass": "school", "name": "Dharmashoka Primary School" }, "geometry": { "type": "Point", "coordinates": [ 79.9352518, 6.8450065 ] } },
{ "type": "Feature", "properties": { "osm_id": "667823900", "code": 2082, "fclass": "school", "name": "St Mary's Girl School" }, "geometry": { "type": "Point", "coordinates": [ 79.8533097, 6.9137171 ] } },
{ "type": "Feature", "properties": { "osm_id": "667823903", "code": 2082, "fclass": "school", "name": "St. Micheals College" }, "geometry": { "type": "Point", "coordinates": [ 79.8527947, 6.9136106 ] } },
{ "type": "Feature", "properties": { "osm_id": "4350790795", "code": 2082, "fclass": "school", "name": "Nissanka Vidyalaya" }, "geometry": { "type": "Point", "coordinates": [ 80.0479401, 7.0789204 ] } },
{ "type": "Feature", "properties": { "osm_id": "667775848", "code": 2082, "fclass": "school", "name": "Wycherley International School" }, "geometry": { "type": "Point", "coordinates": [ 79.8672375, 6.9005918 ] } },
{ "type": "Feature", "properties": { "osm_id": "4350785492", "code": 2082, "fclass": "school", "name": "Urapola kanishta vidyalaya" }, "geometry": { "type": "Point", "coordinates": [ 80.145889, 7.096597 ] } },
{ "type": "Feature", "properties": { "osm_id": "4350781707", "code": 2082, "fclass": "school", "name": "Urapola Central College" }, "geometry": { "type": "Point", "coordinates": [ 80.1447189, 7.0984592 ] } },
{ "type": "Feature", "properties": { "osm_id": "1909723033", "code": 2082, "fclass": "school", "name": "Nayakanda Boys School" }, "geometry": { "type": "Point", "coordinates": [ 79.8817964, 6.9995732 ] } },
{ "type": "Feature", "properties": { "osm_id": "666903861", "code": 2082, "fclass": "school", "name": "Colombo South International College" }, "geometry": { "type": "Point", "coordinates": [ 79.8802961, 6.8664231 ] } },
{ "type": "Feature", "properties": { "osm_id": "1918174780", "code": 2082, "fclass": "school", "name": "Dharmapala Vidyalaya" }, "geometry": { "type": "Point", "coordinates": [ 79.9165525, 6.9378908 ] } },
{ "type": "Feature", "properties": { "osm_id": "1918165069", "code": 2082, "fclass": "school", "name": "Soma Devi Girls School" }, "geometry": { "type": "Point", "coordinates": [ 79.9152261, 6.9350605 ] } },
{ "type": "Feature", "properties": { "osm_id": "1918165073", "code": 2082, "fclass": "school", "name": "Sri Rajasinghe College" }, "geometry": { "type": "Point", "coordinates": [ 79.9201009, 6.9362286 ] } },
{ "type": "Feature", "properties": { "osm_id": "666872853", "code": 2082, "fclass": "school", "name": "British Council" }, "geometry": { "type": "Point", "coordinates": [ 79.8564536, 6.8997496 ] } },
{ "type": "Feature", "properties": { "osm_id": "10773683911", "code": 2082, "fclass": "school", "name": "Sri Siduhath Kanishta Vidyalaya" }, "geometry": { "type": "Point", "coordinates": [ 80.0368822, 7.0268429 ] } },
{ "type": "Feature", "properties": { "osm_id": "666892252", "code": 2082, "fclass": "school", "name": "St.Thomas Preparatory School" }, "geometry": { "type": "Point", "coordinates": [ 79.8475967, 6.9168028 ] } },
{ "type": "Feature", "properties": { "osm_id": "1903643511", "code": 2082, "fclass": "school", "name": "St.Anthony's College" }, "geometry": { "type": "Point", "coordinates": [ 79.8933541, 6.9848908 ] } },
{ "type": "Feature", "properties": { "osm_id": "4347735690", "code": 2082, "fclass": "school", "name": "Mercury Institute" }, "geometry": { "type": "Point", "coordinates": [ 79.8509243, 6.9072024 ] } },
{ "type": "Feature", "properties": { "osm_id": "1902017816", "code": 2082, "fclass": "school", "name": "St.Sebastian's School" }, "geometry": { "type": "Point", "coordinates": [ 79.9172257, 6.9971852 ] } },
{ "type": "Feature", "properties": { "osm_id": "667276042", "code": 2082, "fclass": "school", "name": "St. Lawrance Girls School" }, "geometry": { "type": "Point", "coordinates": [ 79.8614195, 6.8747942 ] } },
{ "type": "Feature", "properties": { "osm_id": "1903643390", "code": 2082, "fclass": "school", "name": "O.K.I Int School" }, "geometry": { "type": "Point", "coordinates": [ 79.89057, 6.9870632 ] } },
{ "type": "Feature", "properties": { "osm_id": "667214242", "code": 2082, "fclass": "school", "name": "St. Pauls college" }, "geometry": { "type": "Point", "coordinates": [ 79.8581249, 6.8858698 ] } },
{ "type": "Feature", "properties": { "osm_id": "1901979146", "code": 2082, "fclass": "school", "name": "St.Sebastian's Girls College" }, "geometry": { "type": "Point", "coordinates": [ 79.8914999, 7.0466188 ] } },
{ "type": "Feature", "properties": { "osm_id": "4333468506", "code": 2082, "fclass": "school", "name": "St.Peters College" }, "geometry": { "type": "Point", "coordinates": [ 79.9954263, 7.0944582 ] } },
{ "type": "Feature", "properties": { "osm_id": "1909603763", "code": 2082, "fclass": "school", "name": "Vidyaloka Vidyalaya" }, "geometry": { "type": "Point", "coordinates": [ 79.8869865, 7.0057468 ] } },
{ "type": "Feature", "properties": { "osm_id": "4333458980", "code": 2082, "fclass": "school", "name": "Tiny Pre School" }, "geometry": { "type": "Point", "coordinates": [ 79.9915508, 7.0872979 ] } },
{ "type": "Feature", "properties": { "osm_id": "654176450", "code": 2082, "fclass": "school", "name": "St. Josephs College" }, "geometry": { "type": "Point", "coordinates": [ 79.8747958, 6.9481518 ] } },
{ "type": "Feature", "properties": { "osm_id": "5206283380", "code": 2082, "fclass": "school", "name": "Hamsa College" }, "geometry": { "type": "Point", "coordinates": [ 79.8642774, 6.9629355 ] } },
{ "type": "Feature", "properties": { "osm_id": "5206524753", "code": 2082, "fclass": "school", "name": "OKI International School" }, "geometry": { "type": "Point", "coordinates": [ 79.9230295, 6.9769472 ] } },
{ "type": "Feature", "properties": { "osm_id": "653129370", "code": 2082, "fclass": "school", "name": "Nalanda College" }, "geometry": { "type": "Point", "coordinates": [ 79.8736809, 6.9234421 ] } },
{ "type": "Feature", "properties": { "osm_id": "653453152", "code": 2082, "fclass": "school", "name": "N I B M" }, "geometry": { "type": "Point", "coordinates": [ 79.8707846, 6.9064357 ] } },
{ "type": "Feature", "properties": { "osm_id": "4336500842", "code": 2082, "fclass": "school", "name": "Raddolugama Primary School" }, "geometry": { "type": "Point", "coordinates": [ 79.9015176, 7.1400417 ] } },
{ "type": "Feature", "properties": { "osm_id": "1877145509", "code": 2082, "fclass": "school", "name": "Lumbini Vidyalaya" }, "geometry": { "type": "Point", "coordinates": [ 79.8665535, 6.8840293 ] } },
{ "type": "Feature", "properties": { "osm_id": "1877120233", "code": 2082, "fclass": "school", "name": "Belvoir Int. College" }, "geometry": { "type": "Point", "coordinates": [ 79.8600947, 6.8867428 ] } },
{ "type": "Feature", "properties": { "osm_id": "660913857", "code": 2082, "fclass": "school", "name": "Bopitiya Central" }, "geometry": { "type": "Point", "coordinates": [ 79.8590782, 7.0753583 ] } },
{ "type": "Feature", "properties": { "osm_id": "660913866", "code": 2082, "fclass": "school", "name": "Don Bosco Palliyawatta" }, "geometry": { "type": "Point", "coordinates": [ 79.8698714, 6.9868082 ] } },
{ "type": "Feature", "properties": { "osm_id": "10716687901", "code": 2082, "fclass": "school", "name": "Walagedara School" }, "geometry": { "type": "Point", "coordinates": [ 80.0799193, 6.4498498 ] } },
{ "type": "Feature", "properties": { "osm_id": "1899647782", "code": 2082, "fclass": "school", "name": "De Mazenod College" }, "geometry": { "type": "Point", "coordinates": [ 79.9058395, 7.049042 ] } },
{ "type": "Feature", "properties": { "osm_id": "1899707371", "code": 2082, "fclass": "school", "name": "Dharmashoka Vidyalaya" }, "geometry": { "type": "Point", "coordinates": [ 79.9081116, 7.0460239 ] } },
{ "type": "Feature", "properties": { "osm_id": "652380047", "code": 2082, "fclass": "school", "name": "Lyceum International School" }, "geometry": { "type": "Point", "coordinates": [ 79.9049301, 6.7257226 ] } },
{ "type": "Feature", "properties": { "osm_id": "10716687894", "code": 2082, "fclass": "school", "name": null }, "geometry": { "type": "Point", "coordinates": [ 80.0925417, 6.4538023 ] } },
{ "type": "Feature", "properties": { "osm_id": "4333444835", "code": 2082, "fclass": "school", "name": "Sri Bhodi Vidyalaya" }, "geometry": { "type": "Point", "coordinates": [ 80.0117765, 7.0883138 ] } },
{ "type": "Feature", "properties": { "osm_id": "652394763", "code": 2082, "fclass": "school", "name": "German Technical Institute" }, "geometry": { "type": "Point", "coordinates": [ 79.887687, 6.8035952 ] } }
]
}
